:020000041000EA
:1000000000B5324B212058609868022188439860DF
:10001000D860186158612E4B002199600221596106
:100020000121F02299502B49196001219960352056
:1000300000F044F80222904214D00621196600F024
:1000400034F8196E01211966002018661A6600F04E
:100050002CF8196E196E196E052000F02FF8012189
:100060000842F9D1002199601B49196000215960AB
:100070001A491B48016001219960EB211966A021F2
:10008000196600F012F800219960164914480160C1
:100090000121996001BC002800D000471248134993
:1000A000086003C880F30888084703B5996A0420EC
:1000B0000142FBD001200142F8D103BD02B5186610
:1000C0001866FFF7F2FF186E186E02BD00000240BE
:1000D000000000180000070000035F00212200005C
:1000E000F4000018222000A00001001008ED00E03C
:1000F00000000000000000000000000074B24E7A12
:1001000000200420F7010010CB010010CD010010E9
:10011000C9010010C9010010C9010010C901001077
:10012000C9010010C9010010C9010010CF01001061
:10013000C9010010C9010010D1010010D301001045
:10014000C1010010C1010010C1010010C101001067
:10015000C1010010C1010010C1010010C101001057
:10016000C1010010C1010010C1010010C101001047
:10017000C1010010C1010010C1010010C101001037
:10018000C1010010C1010010C1010010C101001027
:10019000C1010010C1010010C1010010C101001017
:1001A000C1010010C1010010C1010010C101001007
:1001B000C1010010C1010010C1010010C1010010F7
:1001C000EFF30580103800BE00BE00BE00BE00BECA
:1001D00000BE00BEF2EB8871E490001004910010A4
:1001E0003802001090A31AE71E481F49086006C88D
:1001F00081F3088810471D480068002801D019487D
:10020000F3E70DA40ECC002902D000F012F8F9E7B4
:100210001749184A002000E001C19142FCD116495B
:100220008847164988471649884700BEFDE701C937
:1002300001C29A42FBD3704704910010C000002015
:10024000D00C0020149D00100000042000000420A9
:10025000149D001000100420001004200000000075
:10026000704700000000000008ED00E0000000D032
:10027000D00C002060410120B9480010790700101F
:1002800079480010F8B5C04606480749091A8B108E
:10029000C90FC91810B5491003D0044B002B00D06A
:1002A000984710BDD00C0020D00C002000000000AA
:1002B000054B10B5002B03D00449054800E000BFF2
:1002C000FFF7E2FF10BDC04600000000F8FE00206E
:1002D000247B0010FE239B050360436070470000F1
:1002E000F0B5C64600B580460F00002500200CE0A2
:1002F000AC0044442668074902F03FFE011C301C54
:1003000002F021FE20600135301CBD42F0DB80BCD4
:10031000B846F0BDEC51783F024B036000234360C8
:1003200083607047000020C2002303607047000014
:1003300010B5002415E0200002F072FE0B4902F017
:100340001CFE0B4902F005FE02F0D2FE094902F044
:1003500014FE011C084802F0F6FD084BA20098505C
:100360000134C8235B009C42E5DB10BDDB0FC940B4
:100370000080C7431F85EB3E713D0A3F984A00202D
:10038000F8B5CE46474680B580460F0016000025DA
:1003900000240AE0AB00D859011C02F0EEFD011C5C
:1003A000201C02F0D3FD041C0135B542F2DB300005
:1003B00002F036FE011C201C02F0CBFD02F092FE82
:1003C000041C1E4902F010FE00280BD1211C1C4801
:1003D00002F0BFFD041C1B4902F01CFE002802D0E5
:1003E000184C00E0174C43461D68211C281C02F0E5
:1003F00011FE002810D0144B9946291C201C02F035
:10040000A2FD494602F0B9FD011C281C02F09EFD28
:100410004346186000250BE00C4B9946EDE7AC0015
:100420003C1920684346196802F0A7FD2060013599
:10043000B542F4DBC0BCB946B046F8BDBD37863521
:1004400000007A3D00004842CDCC4C3D0AD7A33B8A
:10045000F0B5DE4657464E464546E0B583B0834686
:1004600088469246002600240194A14620E0B3006D
:100470005A46D5584246D758391C281C02F07DFDF3
:10048000011C484602F062FD8146291C281C02F02E
:1004900074FD011C019802F059FD0190391C381CB3
:1004A00002F06BFD011C201C02F050FD041C013603
:1004B0005645DCDB0021019D281C02F09BFD002835
:1004C0001BD10021201C02F095FD002817D1281C0B
:1004D00002F008FE051C201C02F004FE011C281C72
:1004E00002F04BFD011C484602F033FD03B0F0BCA6
:1004F000BB46B246A946A046F0BD0020F6E7002064
:10050000F4E7000010B5040008000E4B1B68002B38
:1005100001D1002010BD0C490D22FFF799FF23687F
:10052000002B06DC094902F06DFD002805D10020F2
:10053000F0E7013B23600020ECE732232360012039
:10054000E8E7C046ACF90020D85800209A99593FF6
:10055000F0B5C64600B50700884616000025002401
:100560000BE0AB0042469858011C02F006FD011C4E
:10057000201C02F0EBFC041C0135B542F1DB30001D
:1005800002F04EFD011C201C02F0E3FC02F0AAFD6B
:10059000204902F0DBFC02F055FF1F4902F0EDFCA0
:1005A000041C7D68002D0DD138681C4902F0E5FC63
:1005B000061C1B49201C02F0E0FC011C301C02F050
:1005C000C5FC3860002D10D01649386802F0BEFC1A
:1005D000211C02F009FD002809D0BB680133BB6073
:1005E000022B09DD01237B6006E00F49EDE7BB68C4
:1005F000013BBB60002B08DDBB68322B01DD3223E1
:10060000BB60786880BCB846F0BD0023BB607B60EF
:10061000F2E7C0465F7089300000A041A4707D3FC2
:1006200000D7233C000040400000C040F0B5A1B01E
:10063000494804F0C9FA002004F09CFA742803D059
:100640000A2001F06BFCF6E73422002113A803F026
:100650000DF810A8FFF760FE1DE0404B6200D05E71
:1006600002F0DEFCE021890502F087FC3C4BA20091
:1006700098500134C8235B009C42EEDB1D00384CCF
:1006800019002000FFF72CFE2A00210010A8FFF718
:100690005FFF002848D1119C002C45D12F4DA0218F
:1006A000280000F0C5F9C8214900280000F06EF9C3
:1006B000E0E72A4B6200D05E02F0B2FCE02189053F
:1006C00002F05BFC274BA600F15802F056FC244BCD
:1006D00098510134C8235B009C42EADBC8212048C2
:1006E000903BFF3B00930C3303AA490000F022FC2F
:1006F000002408E013AFA600F05903ABF15802F054
:1007000025FCB85101340C2CF4DD0135312D0DDC04
:10071000124CA021200000F08BF9C82149002000D4
:1007200000F034F90024D5E70025EFE7002408E0C5
:10073000A50013ABE8580C4902F00BFC0B4B5851C9
:1007400001340C2CF4DD0A4B01221A60094804F034
:100750003BFA21B0F0BDC046287B0010B83900201C
:10076000142A0020984A002000004842D85800204F
:10077000ACF90020687B001070B596B004F0F6F973
:10078000C820400001F0CAFB00F0DAF8FA200D2280
:100790001A21800100F044FAFFF7CAFD14A8FFF700
:1007A00099FD11A8FFF7B8FD10A8FFF7BDFD34486B
:1007B00004F00AFA334804F007FA47E0324B6200CB
:1007C000D05E02F02DFCE021890502F0D6FB2F4B14
:1007D000A20098500134C8235B009C42EEDB1D0050
:1007E0002A4C1A00210014A8FFF7CAFD2900200096
:1007F000FFF776FD2A00210011A8FFF7A9FE0024CB
:1008000008E0224EA500A859214BE95802F0B5FB9B
:1008100070510134C8235B009C42F2DB03ACC82159
:100820001A48903BFF3B00930C332200490000F034
:1008300081FB210010A8FFF765FE002811D10020E0
:1008400004F098F9742810D0722811D01148A02112
:1008500000F0EEF8C8210C48490000F097F8002499
:10086000B9E70D4804F0B0F9E9E7FFF7DFFEEDE77F
:100870000A4B00221A600A4804F0A6F9E6E7C046CF
:100880007C7B0010BC7B0010983600205430002088
:10089000984A0020B0F90020CC7B0010ACF9002071
:1008A000E87B00100F4B1B78002B18D00E4B042256
:1008B0001A600E4B1B68DB05FBD50C4B5B689BB2CB
:1008C0000B4A944663449BB21B010A4A11880A48AA
:1008D0004900435213880133DB04DB0C13800120F1
:1008E0007047C0465C41012000E0044000C0044065
:1008F00000F8FFFF5241012030FF002010B5040036
:100900001F2100F0E9FB00220021200000F0FEFB87
:100910000021200000F016FC10BDF0B585B00500E8
:100920000C0016001F0001F0ABF90A9B029301971F
:1009300000962A00230001F089FB05B0F0BD0000FD
:1009400000B583B007F018F81A20FFF7D7FF0A4B5D
:100950001B68E022D2011340084A1360084B0122B1
:100960001A70084A084B009300233F204042C117E9
:10097000FFF7D3FF03B000BD00C0044000D0044027
:100980005C410120A5080010580E0020F0B5C646B5
:1009900000B505000C1E16D080239B01994200D99A
:1009A0001C00144B1988A3B2C91AC904C90C0A192E
:1009B00080239B019A4209D849000F4BC918620055
:1009C000280002F059FE80BCB846F0BD8027BF0168
:1009D0007F1A4900084E89197B0098461A002800A2
:1009E00002F04AFE28004044E41B6200310002F09D
:1009F00043FEE8E75241012030FF002010B50C1EF5
:100A000011D080239B01994200D91C00074B198803
:100A100089B2064B1B885B1A9BB2A2B29342F8D3F1
:100A20002100FFF7B3FF200010BDC0465241012056
:100A300010B5FFF7E3FF10BD10B5074902F089FAC2
:100A4000011C064802F008FDFE21890502F07BFA30
:100A5000034902F092FA10BD003022450000204107
:100A600000002F44F0B5DE4657464E464546E0B5F9
:100A700093B008900E0000220121814619E09A43AC
:100A80005B101342FBD11A43914211DAC80048446B
:100A9000844610AC2300070021CF21C3D3004B4470
:100AA000984660461F0028CF28C0434681CC81C3AA
:100AB0000131B14201DA7310E3E70223059309968D
:100AC0008CE0049A01995418E500089A944665440C
:100AD0000EA98A462F0041CF41C1E418E4006444C6
:100AE00026680CAB9B460C9B9946191C301C02F0E7
:100AF00044FA029063681F1C5A4652689046111CC3
:100B0000181C02F03AFA011C029802F01CFA039039
:100B100010904146301C02F030FA061C391C484641
:100B200002F02BFA011C301C02F010FA061C119086
:100B30000E9A0292111C039F381C02F007FA2860DB
:100B400053465B689A46191C301C02F0FFF9686036
:100B5000391C029802F0F7F92060311C504602F06F
:100B6000F2F960604946069E301C02F006FA041C49
:100B70004146079D281C02F000FA011C201C02F0CF
:100B8000E2F9041C4946281C02F0F7F9051C41460D
:100B9000301C02F0F2F9011C281C02F0D7F90C9469
:100BA0005B465860019B01330193059B5B10019AE2
:100BB000934286DC049B059A944663440493049B09
:100BC000099A934207DAFE239B050C9300230D93A9
:100BD00000270197E9E7059B5B000593059B099AB0
:100BE000934213DC059802F01BFA011C0B4802F03B
:100BF000B0F9041C02F07CFA06900A90201C02F066
:100C000089FA07900B9000230493D8E713B0F0BC47
:100C1000BB46B246A946A046F0BDC046DB0FC9C0E0
:100C2000F0B5DE4657464E464546E0B5D7B005001E
:100C3000AF4B1860AF4B1960282901DD28211960DE
:100C4000AD4B1A60142A01DD14221A60AB4B8022CE
:100C500092001A60002415E0200002F0E1F9A84992
:100C600002F08BF9A74902F074F902F041FAA649A3
:100C700002F083F9011CA54802F065F9A44BA2001B
:100C80009850013480239B009C42E5DB280002F051
:100C9000C7F9FC21890502F070F99E4902F059F963
:100CA000FE21890502F052F902F0CCFB9A4902F0CC
:100CB00064F9041C8F4B1D680135280002F0B0F95F
:100CC000011C201C02F045F9061C00240CE0200049
:100CD00002F0A6F9311C02F050F9002102F036F9B9
:100CE000A3002CAAD0500134A542F0DA002407E07A
:100CF000A5002CABE858FFF79FFE02AB585101341A
:100D00007C4B1B689A460133A342F1DA7B4B1D688A
:100D1000EB0F5B195B100193754B186802F080F9BB
:100D2000041C280002F07CF9011C201C02F011F9BF
:100D30008346002466E0002399468DE04E4607E096
:100D40000025764A23021B199B199B009D500136F2
:100D5000464520DC4B46F01A02F062F9051C43467A
:100D60004A46981A02F05CF96D4902F0EFF8011C4E
:100D7000281C02F0EEF8051C002102F035F90028CD
:100D8000DED1FE218905281C02F044F90028D8D0C4
:100D9000FE25AD05D5E7464612E000255F4A230251
:100DA0001B199B199B009858291C02F01DF900285B
:100DB00005D05A4A23021B199B199B009D500136EE
:100DC000B7421EDBB81B02F02BF9051C4346F81A8C
:100DD00002F026F9524902F0B9F8011C281C02F071
:100DE000B8F8051C002102F0FFF80028D5D1FE213B
:100DF0008905281C02F00EF90028CFD0FE25AD058C
:100E0000CCE7009CA2453DDD02ABA200D058621C9D
:100E100000929200D658A21C9200D558594602F072
:100E200098F802F0EDFA02F01DF981465946301C9F
:100E300002F08FF802F0E4FA02F014F98046594605
:100E4000281C02F086F802F0DBFA02F00BF907002A
:100E50004B46002B00DA6EE7019BBB4200DA1F0015
:100E6000304BA2004946D1502F4BD7508F4200DA69
:100E700064E72A4A23021B195B189B000020985044
:100E80000131F3E7002500E001351B4B1B68AB4245
:100E900026DD0024A245F7DD280002F0C1F8234931
:100EA00002F06BF8061C6000013002F0B9F8311C4A
:100EB00002F063F8061C504602F0B2F8011C02F082
:100EC00045F8011C301C02F044F802F011F9184AF0
:100ED000AB005B19DB001B199B00D0500134D9E734
:100EE00057B0F0BCBB46B246A946A046F0BDC046CE
:100EF000FC0B0020F80B0020F40B0020F00B00206E
:100F0000DB0FC9400080FF431F85EB3E713D0A3F68
:100F1000D850002000002F44003022450C590020FA
:100F20005F708930783D0020D83C0020DB0F4940BD
:100F3000183E0020F0B5DE4657464E464546E0B521
:100F400083B007000D00934601930CAB1B789946C4
:100F5000554B1E688E4200DA3500002206E0534BE6
:100F6000D0000021C1501B18596001329642F6DCB6
:100F7000002409E04E4BA200D158D05901F0FDFFEA
:100F80004A4BE20098500134A542F3DC4748310057
:100F9000FFF768FD444B1A68D30F9B185B109A4605
:100FA000002514E0414BEA00D0589B185F68011CF3
:100FB00001F0E3FF061C391C381C01F0DEFF011CA8
:100FC000301C01F0C3FF3B4BAA009850013555453A
:100FD000E8DD002420E0374BAA00D058364A23022F
:100FE0001B195B199B00995801F0C7FF011C301CAD
:100FF00001F0ACFF061C0135AF42ECDA2F49301C82
:1010000001F0F2FF002800D02C4E301C02F094F8C2
:101010002B4BA200985001342A4B1F68A74209DDD0
:10102000294BA200D558294BD758BA4500DA574664
:101030000026E1E7264B1B689A46019B9A4500DB98
:101040009A4601234A465A40D3B299461E000023CD
:1010500098461BE01F4AB3009B19DB001B199B003D
:101060009858174BA200D15801F087FF011C281C8B
:1010700001F06CFF051C0134A742EBDC43469B00EA
:101080005A46D550013601239C46E04453464B4412
:10109000B34202DD00240025EEE703B0F0BCBB46FE
:1010A000B246A946A046F0BDF00B00201413002064
:1010B000D8500020100F00200C590020FFE6DB2E36
:1010C000700E0020F80B0020783D0020D83C002056
:1010D000F40B0020183E002010B58300084A9A182F
:1010E00014684022544080322240064CA446634497
:1010F0001A60C000044B9C466044416010BDC0466D
:1011000004C0014004D001400040014080000C4B6D
:101110009C46604400290ED00823002A0DD00422EA
:101120001343026853400C2213408022520194461C
:101130006044036070470023EFE70022F0E7C046F9
:1011400004C00140002906D08000064B9C46604444
:101150004023036070478000034B9C46604440235B
:101160000360F7E704E0014004F0014010B580237C
:10117000DB05186803051B0D0B4A934207D10B4B87
:10118000034080229201934207D1000F10BD084B0B
:10119000084A0948132103F073FB084B054A064827
:1011A000142103F06DFBC0462709000000F0FF0F7B
:1011B000FC7B0010BC880010207C00106C7C0010B0
:1011C0000FB400B583B0084803F0FEFC049B002B6D
:1011D00007D005A90191180003F006FD034803F0AC
:1011E000F3FC012003F046FB807C0010907C001093
:1011F000EFF3108072B6034B1B68002BFBD0BFF3DC
:101200005F8F70472C0100D0BFF35F8F024B00222D
:101210001A6080F3108870472C0100D0F8B50600E2
:101220000C001500FFF7E4FFE308F718F15C072254
:101230002240012393400B4205D1DBB20B433B70AC
:10124000FFF7E2FFF8BD21002800FFF7B9FFF0B576
:1012500083B00600019114001F00FFF7C9FF00E0F2
:101260000134BC420CD8E308F518F35C0721214097
:1012700001228A401A42F3D1D2B21A432A7001E005
:1012800001246442FFF7C0FF002C02DB200003B002
:10129000F0BD019B002BF9D00898FFF791FF0000EB
:1012A000054A1078431CDBB21370172B02D91300C8
:1012B00010221A707047C046000C002010B582B092
:1012C0000100054C054B00931F2318222000FFF757
:1012D000BEFF02B010BDC046B4290020947C0010AF
:1012E000002307E0054A9A189200BFF35F8F0021A0
:1012F000116001331F2BF5D97047C0464000003400
:10130000074B9B68103080001950BFF35F8FBFF30D
:101310005F8F044B0021196082F310887047C0462C
:1013200000ED00E0240100D00048704700E400E038
:1013300010B5FFF7F9FF002302E0034A04C00133B0
:10134000072BFAD910BDC0468080808010B5038875
:10135000DA0A1C2A05D15B055B1502335B00C01855
:1013600010BD034B034A8E210348490003F088FA5D
:10137000B07C0010F8880010C87C001010B5091A65
:101380000B1F0A4A88180A4A904208D8C90706D48F
:101390005B105B055B0D0748184380B210BD064B20
:1013A000064A87210648490003F06AFAFC07000054
:1013B000FE0F000000E0FFFF147D0010EC8800101D
:1013C000C87C001001238340034A10681840431E64
:1013D0009841C0B27047C04600E100E0002A05D045
:1013E000044BC0225200995019607047014A802373
:1013F000D150FAE700E100E010B50A001F230340D6
:10140000012199404009FFF7E9FF10BD0123834006
:10141000014A13607047C04600E200E0024B9B683F
:1014200010308000C058704700ED00E010B5FFF7A5
:10143000F5FF044BC31A00202F229A424041C0B24C
:1014400010BDC046040C002070B504000D00EFF381
:10145000108672B60C4B1B68002BFBD0BFF35F8F5E
:101460002000FFF7DBFF094B984201D0A84205D1CD
:10147000320029002000FFF743FF70BD044B054AEE
:101480000548ED2103F0FCF9240100D0C101001052
:10149000447D001020890010C87C0010F0B5DE46A5
:1014A00057464E464546E0B589B081460191150044
:1014B000EFF3108B72B66F4B1B68002BFBD0BFF3A2
:1014C0005F8F6D4B00269E57002E40DB7400A419E1
:1014D000A4006A4824180622A256674B1A70684B6B
:1014E0009A684B4610339B00D35898461B1A2F2BF3
:1014F0003BD9644B984531D105AF634B3B80634981
:1015000073009A46981980005C4B9846404402301C
:10151000FFF734FF78805E4BBB80FF23BB71FD710A
:10152000019B0793330053449B00434407CF07C3F9
:1015300001231C43A0465A4641464846FFF7E0FEB9
:1015400009B0F0BCBB46B246A946A046F0BD514B1F
:10155000514ABE215148490003F092F9504B4E4A7E
:1015600084214E48FF3103F08BF9012342469A4310
:101570009246101A0C2101F01BF900290FD1534695
:101580000027DA79AA4212D90621595600290DDB23
:101590004A005218920039491F008B18F1E7414B5D
:1015A0003D4ACA213D48490003F06AF91F00002F57
:1015B0002ED005AB3C4A1A80813A5A800623FB564E
:1015C0000293002B17DA394805AB9A469880029AA5
:1015D0009A71DD71019A0792381D2100FFF7CEFE46
:1015E000B880BE71254B7200921992009B1852462A
:1015F00013CA13C39FE7381DFFF7A8FE0100700050
:10160000801980001D4BC0180430FFF7B7FEDBE7E0
:1016100005AF1D4B3B801D49730002939B199B0036
:10162000164A90461A0042440392901CFFF7A6FE09
:101630007880039A101D5146FFF7A0FEB8801C4B1E
:1016400052464146521A524153431B0DBB71FD7124
:10165000019A0792029B9B199B00434407CF07C343
:10166000114B52461380813B538001231C43A046FB
:1016700061E7C046240100D058410120040C00203D
:1016800000ED00E0C101001000A1FFFF340C0020BC
:1016900001BDFFFF7C7D001008890010C87C001090
:1016A000A47D0010CC7D00100148000001BD0000A9
:1016B000AAAA0000F8B5012202432C4BD31A2F2B03
:1016C00028D8EFF30583002B2AD0EFF3108472B6ED
:1016D000274909680029FBD0BFF35F8F234D2549B7
:1016E0000600761B76417143090D4DB22249896887
:1016F0009B00C958914219D00021032930D81B4BB7
:101700004A00521892009B189B795BB2AB421DD0E5
:101710000131F2E7194B1A4A1A481B4903F0B0F895
:101720001A4B174A17481A4903F0AAF8124A926846
:101730001849D150184B1A7882711D70BFF35F8F12
:101740000B4B00221A6084F31088F8BD074B4A0047
:101750005618B6009E19FF27B771104AB280E9E704
:101760000F4B074A07480F4903F08AF8040C002082
:10177000240100D0AAAA000000ED00E0507E001075
:10178000D0880010C87C00107F020000787E001016
:1017900082020000C10100105841012001BDFFFF7D
:1017A000847E00109302000010B582B00100074C47
:1017B000074B0093052300222000FFF748FD002877
:1017C00001DB1F23181A02B010BDC0465D41012085
:1017D0008C7E0010024B9C4661448900016070477A
:1017E0004000003410B50400FFF75AFD010020004E
:1017F000FFF7F0FFFF232371BFF35F8F10BD10B51C
:101800000400FFF74DFD01002000FFF7E3FFFF2379
:10181000237100236371BFF35F8F10BD10B50D4CB2
:1018200009E00D4B0D4A0E481A2103F029F820005B
:10183000FFF7D8FF08340B4B9C4209D22368002BDA
:10184000F5D0012BEDD12000FFF7D9FF0834F2E7E6
:1018500010BDC046C80C0020A87E00106089001092
:10186000C87E0010D00C0020034B9C4661448900C8
:101870000160BFF35F8F70474000003410B5040073
:101880000120FFF71BFD01002000FFF7EDFF10BD59
:1018900030B5846A151B0B1D9B001B581B1B9D42FA
:1018A00004D3046A01238B40234202D1043189000E
:1018B0000A5030BD00040843704700000A4B196805
:1018C000EFF3108372B60A68002AFCD0BFF35F8F73
:1018D000054A1268BFF35F8F0021116083F31088FF
:1018E00040BF00200021704734410120F0B5DE46A2
:1018F00057464E464546E0B587B0EFF305830322D1
:101900001A409246AE4B9200D7583B78534507D1C8
:101910000123524693409946AA4B4A461A6025E154
:10192000A94BAA4AAA48922102F0AAFF7A69730039
:101930009B19DB009046984443469C68DD68A548A7
:1019400000F0E4FB001BA941002900DA16E1002D9C
:1019500074DB43461B699B469F4B9B454FD0082336
:10196000F85E4346598889B2FFF7A4FF4346596998
:10197000D847029003910299039A0B001000134379
:101980005CD013000A00002847DAA41A9D41009495
:1019900001954346009C019D9C60DD600021595EDD
:1019A000002900DAEAE078694B005B18DB00C31815
:1019B0009A68DB68A41A9D41002D00DADEE03981C7
:1019C0003D000835844604912A000597B346009EE1
:1019D000019F049B002B2ADB0023D45E63001B19AC
:1019E000DB0063449C68DD6830003900001BA941BE
:1019F00000291CDB1A000021595E0491E9E74346E7
:101A00005B699B461B6958469847002816D05B4681
:101A10001A685B6802920393ADE76E4800F076FBAC
:101A2000029B039C1B184C4100930194B1E704995D
:101A3000059F5E464346198016809FE0434600227C
:101A40009B5E3B813A69EFF3108372B611680029FF
:101A5000FCD0BFF35F8F02217A5E41460A807E8010
:101A60003A69BFF35F8F0021116083F3108885E02E
:101A70003969EFF3108372B60A68002AFCD0BFF30D
:101A80005F8FB88800B201225242BA803A69BFF330
:101A90005F8F0021116083F310880500BC461CE0B5
:101AA000049300229A5E002A0EDB049B0021595EFB
:101AB0004B005B18DB0063449868D96834003D0034
:101AC000241A8D41002DEBDA04995D46009B9C465B
:101AD00044460D800023E55E2280002D12DB634624
:101AE00058696C006419E4000419A668E768614647
:101AF000083108229A5EAB46049163460093A046E3
:101B00008446D0E767463EE00023BB7139000831C8
:101B10000823F85E0EE001246442E5179460D56066
:101B200008243B5F834204D00E8008243B5F13806F
:101B300038813000431C29D07C6943001B18DB002E
:101B4000E218E65E53881BB2002BE4DB1100F0E7DD
:101B500022002B0051461F48FFF79AFE1D4800F057
:101B6000D5FA241A8D41002D22DC1FD0194B4A468C
:101B70005A630823FE5E002E00DBD7E6BB881BB24B
:101B8000002B00DB74E7BB79002BBDD10823FA5E84
:101B9000002A0DDB796953009B18DB00CB189C6889
:101BA000DD68631CD4D16B1CD8D0D1E7002CDDD00C
:101BB00040BF07B0F0BCBB46B246A946A046F0BD48
:101BC00018FF00203C700540607F00108C890010D9
:101BD0008C7F001000400540ED18001070B5040027
:101BE0000D0011000126AE4006622800FFF72CFC14
:101BF00001212800FFF700FC024B9C46644426604C
:101C000070BDC04638200000F8B5CE46474680B5C6
:101C10000600894690461F00C160FFF741FB154B47
:101C20009C4660448000306143463370BBB2738190
:101C3000D022120612787270012252423281B28092
:101C40009B187380002406E0621E736965002D19DD
:101C5000ED005A530134BC42F6D3074B4246920082
:101C6000D650064A41464846FFF7B8FFC0BCB946C1
:101C7000B046F8BD4000003418FF0020ED180010F9
:101C800010B5064B1B69002B01D0044810BD044B56
:101C9000044A0548652102F0F3FDC0464C0C0020C3
:101CA000D07F0010748900108C7F0010F8B50400FC
:101CB0000569EFF3108072B629680029FCD0BFF3E4
:101CC0005F8F0221665E656971008919C9006D1810
:101CD000002E02DB0027E95F61802169BFF35F8F7F
:101CE00000270F6080F31088002E2CDB06992961F5
:101CF00007996961AA60EB606B8801335B04590C3A
:101D0000002B00D1012169803000FFF7D3FD21694C
:101D1000EFF3108372B60A68002AFCD0BFF35F8F1E
:101D2000A2882A80A6802269BFF35F8F00211160FC
:101D300083F31088E368217801228A4003498C46A6
:101D400063441A60F8BD01204042FBE73C200000DC
:101D500070B582B0060014001D0008AB1B78002B84
:101D600007D100F005FA22002B00121A8B41002B3C
:101D70000ADB079B0193069B009322002B00300097
:101D8000FFF794FF02B070BD0020FBE7F0B5C64638
:101D900000B584B00500884616001F000AAB1C7809
:101DA000FFF76EFF0294019700962A004346FFF763
:101DB000CFFF04B080BCB846F0BD000030B50400D1
:101DC0000A1443899A422EDA406953009B18DB00BB
:101DD000C3182569EFF3108272B628680028FCD07A
:101DE000BFF35F8F588885B20904090C884212D06E
:101DF00000202369BFF35F8F0021196082F31088F0
:101E0000002811D0E368217801228A4007498C46D6
:101E100063441A6008E00649294389B259800123C6
:101E2000A3710120E5E7002030BDC0463C20000042
:101E30000080FFFF10B50400FFF722FF2100FFF72D
:101E4000BDFF10BD40787047F0B583B006000F00AD
:101E5000EFF30583002B1AD106246442E517A41979
:101E60007D418D4202D803D1844201D9002400254E
:101E700000F07EF922002B00121A8B41002B0BDCA4
:101E800008D03000390000F085F903B0F0BD1648E5
:101E9000FFF796F9002AF4D0144A0023009320009B
:101EA0002900FFF773FF002813DAEAE7104B1968DF
:101EB000EFF3108372B60A68002AFCD0BFF35F8F7D
:101EC0000B4A1268BFF35F8F0021116083F3108803
:101ED00020BF084B5B6A9D42E8D80649896AA14247
:101EE000CFD29D42CDD1E1E7F47F0010BD180010A4
:101EF000344101200040054070B504000D0000F0A1
:101F000037F900196941002902DBFFF79DFF70BD19
:101F1000012040420049F8E7FFFFFF7F10B5FA2299
:101F200092000023002100F0F1FFFFF7E5FF10BD54
:101F3000F0B5CE46474680B583B005000C00EFF300
:101F40000583002B15D03F4B5B6A8B4209D33D4A7A
:101F5000926A82420BD28B4201D0012002E0002023
:101F600000E0002003B0C0BCB946B046F0BD01207F
:101F7000F8E7FFF785FEC3689946037898462E0078
:101F80002700484600F0C2F802000B00B61A9F4135
:101F9000434604339B004A469B581B1A0022BA4210
:101FA0000FDC0CD020BF274B5B6A9C422DD8254A02
:101FB000926AAA422BD29C4225D00120D2E7B3429A
:101FC000F0D9214A0023009328002100FFF7DEFE0C
:101FD00000281EDD1B4B5B6A9C4205D8194A926A99
:101FE000AA4202D29C4200D120BFFFF723FF154B2B
:101FF0005B6A9C4221D8134A926AAA421FD29C4231
:1020000019D00120AEE70020ACE70020AAE70120AC
:10201000A8E70C4B5B6A9C4209D80A4A926AAA421A
:1020200007D29C4201D001209CE700209AE70020C3
:1020300098E7012096E7002094E7002092E701202E
:1020400090E7C04600400540BD180010F0B585B0CF
:1020500005000C9C1100194301D101220023A56049
:102060000A992161226063600B996161D8170100B0
:102070004240160043401F00361A8F4100F078F8A6
:1020800032003B0012184B41002B0DDB0121029165
:102090000194074900912800FFF75AFEE060C3173A
:1020A000181AC00F05B0F0BD01225242014BEDE7F6
:1020B000ED180010FFFFFF7F00487047004005400B
:1020C00010B50B4B1B69002B04D00A480A21FFF7FF
:1020D00081FB10BDFFF7F0FF0400032100F00CF8B6
:1020E0000348102303222100FFF78EFDEDE7C046D1
:1020F0004C0C00203441012010B5024A0248FFF781
:102100008DF810BD44800010B82900200200436AF9
:10211000906A1900536A9942FAD17047416A00E007
:10212000416A9942FCD300E0416A994202D1816A36
:102130009142F9D37047F0B5C64600B58046140009
:102140001D00FFF7E3FF06000F0022002B0092198D
:102150007B41994202D804D1904202D901225242D5
:10216000D3174046FFF7DAFF80BCB846F0BD000049
:1021700010B50248FFF7CAFF10BDC0460040054039
:1021800010B502000B000248FFF7D5FF10BDC04696
:102190000040054010B502000B000248FFF7BEFFEB
:1021A00010BDC04600400540F8B5D646474680B54C
:1021B00006000D001700984644002418A400294B7F
:1021C0009C4664446368089A934200D26260331F5D
:1021D000DBB29A46012B2ED980221201C0239B012B
:1021E000E3181A60204BB200D158002907D0586973
:1021F00000F0DEFA013043001B18033BFDD27F01E3
:1022000023685F40E0233B4080225201A218136004
:102210005346012B1AD980239B01E3188022120117
:102220001A60089B6360104BB6004246F250C0BC77
:10223000BA46B046F8BD012DCED10322C0239B0182
:10224000E3181A60A368DB07FCD5D8E7216869406A
:1022500003230B401360A3680122AA401A42FAD05C
:10226000D9E7C04600800040BC290020F0B583B00B
:1022700005000E0017001800089900F099FA0300F5
:10228000089A140200943A0031002800FFF78CFFEE
:1022900003B0F0BD10B582B0802464000094FFF755
:1022A00083FF02B010BD0000014B8000C058704792
:1022B000BC290020F0B5C64600B504000E0017008A
:1022C0001D00374800F074FA8046364BFA18364B3A
:1022D0009A4239D80100380000F06AFA0200103A38
:1022E00098235B009A4235D86B1E062B38D8069B84
:1022F000013B062B34D83F09474537D32D04069BB5
:102300001B031D432368002B36DB284B9C4244D023
:102310000C2201239340264A1360264A1360264A62
:102320001268190091430A1EF9D12660A060234B60
:10233000E31821321A602268002AFCDAE5600822DC
:102340001A6080BCB846F0BD1D4B1E4A1E481121C4
:1023500002F096FA1D4B1B4A1B48192102F090FA15
:102360001B4B184A18481C2102F08AFA194B154ACF
:102370001548232102F084FA22683F231340B34218
:10238000C3D1A3681B051B0D8342BED1E368EE22B7
:10239000D2021340AB42B8D1D3E70D22B9E7C04611
:1023A000001BB70080E84BD380F8A93200C0024080
:1023B00000E0004000F0004008C000400430000091
:1023C00068800010A4890010B880001004810010FB
:1023D000208100106C810010024B1A68024B5A6079
:1023E0007047C046F0FE00200080054010B5174B36
:1023F0008022D2051A60164B164A1A6000290AD0AC
:10240000154BE022D2041A60002809D1124B802219
:1024100012061A6010BD0D4BE022D2041A60F3E7D9
:1024200043011B1A9B00181800010C4B18608023F5
:102430005B04984202D3094B094A1A60FFF7CCFFAC
:10244000054B8022D2051A60E4E7C04600B0054083
:1024500008200140FCFF010000A00540F0FE002024
:10246000FFFFFF0010B5030010000C4A8024E405B4
:102470001460002B0DD001221343094A094CD4618A
:10248000094C5C401462516293620021FFF7AEFF79
:1024900010BD034B0022DA61F7E7C04600B00540EB
:1024A00000800540D3C007B02D3FF84F80239B002C
:1024B0000B43014AD36270470080054010B501000C
:1024C00018231B8814221088984710BD10B50100EE
:1024D00018231B8816221088984710BDF0B5C646F1
:1024E00000B507000E0000250123984600E00135E5
:1024F000B5420AD2AC003C192068FFF7DFFF20602C
:102500000028F4D100239846F1E7404680BCB84645
:10251000F0BD000070B504000D000648FFF7CEFFC7
:102520000300002C03DB0120A04029009847002075
:10253000FBE7C04655420000074BAA2212011A6071
:102540008D225200DA60054B054A1A60024B5B6827
:10255000002BFBDA7047C04600400240006002409A
:1025600000B0FA0010B5040001E008CC9847024B17
:102570009C42FAD310BDC0461C7B0010704700007F
:1025800010B50248FFF7EEFF10BDC046E07A00101C
:10259000054B064A1A60064B064A1A60064B1A6833
:1025A000044B9343FAD1704700E00040BFCDFBFEDF
:1025B00000F00040FE7F3C0008C00040044BDB6C94
:1025C000002B03D1034B8022D2021A607047C04611
:1025D000000011504C201150044B054A1A60054B65
:1025E0001B68DB43DB01FAD17047C04600F00040B6
:1025F000FFFFFF0108C00040034B40229A675A6763
:102600001A67DA667047C04600F0014010B5FEF761
:1026100067FE10BD10B50C4A0C4BD21A9210140074
:10262000302A00D9302292000948084901F024F8E4
:1026300004E0084A064BA100CA5001342F2CF8D9F7
:10264000034B054A936010BDC0010010000100104B
:1026500000000020C101001000ED00E070B5042072
:10266000FFF722FE064900F0A3F805000024002C25
:1026700000DD70BDE0B22900FFF718FF0134F6E776
:1026800040420F0030B583B0274B00229A67FFF716
:1026900053FF264B01221A60234B5B6C012BFBD1AD
:1026A000234B03221A60204B9B6B012BFBD1013380
:1026B000009304331F4A01211F48FFF7FBFD052348
:1026C00000931E4A01211E48FFF7F4FD1D4B002216
:1026D00002210420FFF7DEFD1B4D2B00002201210B
:1026E0000520FFF7D7FD194C230000220021072009
:1026F000FFF7D0FD2300002200210820FFF7CAFDCC
:102700008023DB0000932300002200210920FFF733
:10271000ADFD2B00002200210620FFF7BBFDFFF7D7
:102720009DFF03B030BDC046008000403CB000407B
:1027300030B00040002F685900800240008C86476E
:1027400000C00240001BB70040597307006CDC0258
:1027500001480421014B1847700C0020DD240010B3
:10276000124A936F9B0815D29066D166002905D056
:10277000FFE7FFE7FFE7516F106F704704B5802157
:102780000906C2175140002800D0C84305F060F97F
:10279000002104BDF0B5146E556E576F166FFFF72C
:1027A000E3FF1466556657671667F0BD000000D05A
:1027B000114A936F9B0813D210665166002905D009
:1027C000FFE7FFE7FFE7516F106F704704B5002880
:1027D00001D00020C04305F03BF9002104BDC046F4
:1027E000F0B5146E556E576F166FFFF7E5FF146660
:1027F000556657671667F0BD000000D094464A4AF8
:10280000926F9208624601D228E0C046F0B5464E6B
:10281000346E756E776F366F00F020F89446424A3A
:1028200014665566576716676246F0BD94463E4A81
:10283000926F9208624601D254E0C046F0B53A4E1B
:10284000346E756E776F366F00F04CF89446364AEA
:1028500014665566576716676246F0BD002B24DB89
:1028600011D000293EDA00B5C943404200D1013100
:1028700000F038F8C943404200D10131DB435242F5
:1028800000D1013300BD002AEBD1002801D100297D
:1028900005D00020C90FC90701D1C043410800B5C8
:1028A00005F0CEF80022002300BD00B500290ADBA8
:1028B000DB43524200D1013300F014F8C9434042D7
:1028C00000D1013100BDC943404200D10131DB4399
:1028D000524200D1013300F005F8DB43524200D1EF
:1028E000013300BD002923D1002B18D1002A0CD0C0
:1028F000BC460D4F38667A6600210023FFE7FFE7EC
:10290000FFE77A6F386F67467047002801D00748A5
:10291000010000B505F094F80022002300BD02007C
:102920000B00002000217047000000D0FFFFFFFFD8
:10293000002B00D0BFE0130C28D1002AE7D080B4D0
:10294000114F39667A66FFE7FFE730B4040C7B6FFE
:10295000396F1B0423433B667A66FFE7FFE7FFE717
:10296000C04684B27B6F3D6F1B0423433B667A668F
:10297000FFE7FFE7C04600232C042D0C7A6F386F69
:1029800000196941B0BC7047000000D0F0B5944612
:102990000025140E01D112020835140F01D11201C5
:1029A0000435940F01D192000235D40F01D15200A9
:1029B0000135D40B0134254F7C66254C3C660E0C4A
:1029C00093B2FFE7FFE7FFE73C6F6643360C770300
:1029D000BE467343DF0B5B04C01AB941130C73434B
:1029E000DB18C91ACE086643360CB64493B273435B
:1029F0001F0F1B01C01AB941130C73431F0B1B059A
:102A0000C01AB941860D8F023E436643360C092D2C
:102A100024DB520A7243801A7703460A6643360C57
:102A200016235B1BDE40DF40BF1964466643821BF2
:102A30007046043506330100D940A840C01900D3C0
:102A40000131A24206D20023F0BD0000000000D0F8
:102A5000FFFFFFFF121B0130F3D3F1E709277F1BB4
:102A6000FE406446A2B27243801A00D20139220CA1
:102A70007243130C1204821A99410B0070460435FC
:102A800013370100F940A840801900D30131002B11
:102A900002D1A2420AD2F0BD013000D30131121B93
:102AA000FAD2013BF8D1A24200D2F0BD013000D3EE
:102AB0000131121BF7E7F0B51C0C00D080E00CB41C
:102AC00000251C0A04D11B02160E334312020835DE
:102AD0001C0B04D11B01160F3343120104359C0B50
:102AE00004D19B00960F334392000235DC0B02D1D8
:102AF00092185B4101351C00971864410134464F20
:102B00007C66464C3C660E0CFFE7FFE7FFE7C046DD
:102B10003C6F6643360C7703BE4697B27743C01BC3
:102B200000D20139C01B00D201399FB27743C91BC3
:102B3000C91B170C77437E04FF0B801BB941CE08DD
:102B40006643360C0C2D33DBB644120B1F053A439B
:102B50001B0B97B27743C01B00D201399FB277435A
:102B6000C91B170C77433E043F0C801BB941860DEF
:102B70008F023E43664329277F1BFE400C3D77466C
:102B8000AF40BF1930BCA2B2ABB272437343801ADC
:102B90009941220C7243130C1204801A99410200CD
:102BA0000B000137001BA941F9D2781E0021F0BDAE
:102BB0000C277F1BFE4077467F0BAF40FF19E0E7F5
:102BC00000245D1C07D0144F7D663966FFE7FFE7E0
:102BD000FFE7FFE73C6F95B29EB265436643401B3B
:102BE000B141150C1E0C6543664336042F0C3E4361
:102BF0002D04401BB141994204D202000B00200079
:102C00000021F0BD01D19042F7D3801A99410134DF
:102C10009942F2D3F6E70000000000D0FFFFFFFF6B
:102C200048404140484018B4134B5B68019308BDCD
:102C300018B4114B1B68019308BD94460F4A926F5C
:102C4000920805D2624618B40B4BDB68019308BDAD
:102C50000A4AF0B5146E556E576F166F6246FFF74D
:102C6000F2FF064A1466556657671667F0BD18B43A
:102C7000014B9B68019308BD303F0120000000D04C
:102C8000FFB550404240504059404B40594000E051
:102C9000FFB5154F4C00640D03D0BC4204D10C03AA
:102CA00014D80020090D09055C00640D03D0BC4256
:102CB00004D11C030AD800221B0D1B0501264B4022
:102CC00009D44B4003D58B4200D18242FFBD9942CB
:102CD000FCD19042FFBD0B43DB1803431343F5D0F7
:102CE000C9434918FFBD0000FF07000000B5FFF70A
:102CF000CFFF804100BDC04600B5FFF7C9FF01D935
:102D0000002000BD012000BD00B5FFF7B9FF01D9CB
:102D1000002000BD012000BD00B5FFF7B1FF8041DC
:102D200000BD012040054A00121804D85A001218AC
:102D300001D80020704701207047000000210028C2
:102D400005D17047C1174840401AFAD0C90713B5DA
:102D5000064B1B6898470CBC441CA2401005120B84
:102D60000349091B09051943114310BD30400120D7
:102D70001F04000010B54C00620D8023D218DB0048
:102D8000D21A5B057E2A10DD9E3A13DACC170903AE
:102D9000490819435242D140640001341532202AB7
:102DA00005DAD0400843604310BD002010BD08463E
:102DB000604310BDC80FC018013810BD18B4024BD5
:102DC0005B6A019308BD0000303F012018B4024B3C
:102DD000DB6F019308BD0000303F012018B4024BA7
:102DE000DB6C019308BD0000303F012018B4024B9A
:102DF0001B6D019308BD0000303F012010B5014854
:102E0000FEF7DEF98881001070B513231C78012CC1
:102E100012D0012C12DC214B214A93642148FFF788
:102E20004DFB214B186070BD20491D4A9800815010
:102E300001331F2BF8D9ECE70023FAE71C48FFF712
:102E400045FB05001B48FFF741FB023803789B0058
:102E50007F2B09DD12488022290000F00DFC022C96
:102E600008D0022CDADCD6E7134B144A144833217D
:102E700001F006FD134B1A88B5231B029A4209D1B3
:102E8000114B1A88114B9A4204D1114B1A88114BDD
:102E90009A42E6D00020FEF793F9C046D92E0010E2
:102EA000303F01204C33000030400120FD2D001048
:102EB0005344000053460000A0810010B089001068
:102EC000E481001054380000D83800004946000062
:102ED0009C3800005946000007B56046002800D124
:102EE00000BE01880A0A0230DF2AFAD1C9B282087C
:102EF00004D3028840880004104300E00068024ABE
:102F00005050039007BD0000303F01205143434320
:102F1000C9188C46110C83B24B4310B4040C6143A6
:102F200092B280B2504362431C041B0C001910BCC7
:102F300059411304120CC0185141614470470000FC
:102F40004840414048400E4B5B6818470C4B1B689B
:102F500018470C4A936F9B0802D2094BDB6818474D
:102F6000F0B5146E556E576F166FFFF7F6FF054AF2
:102F70001466556657671667F0BD014B9B68184786
:102F800034400120000000D007B54840414048408F
:102F900001E0C04607B54200120E03D0FF2A03D15C
:102FA000420218D8C00DC0054A00120E03D0FF2AF5
:102FB00003D14A020FD8C90DC9050122414005D4E9
:102FC000414001D5814207BD884207BD01434918F0
:102FD00001D0C043001807BD00B5FFF7DBFF01D0EB
:102FE000002000BD012000BD00B5FFF7D3FF8041E8
:102FF00000BDC04600B5FFF7CDFF01D9002000BDE0
:10300000012000BD00B5FFF7BFFF01D9002000BDC2
:10301000012000BD00B5FFF7B7FF804100BD0000F3
:10302000C10FC90700D54042002817D0F44603B4A9
:103030000B4B1B68984706BC81409E38404280314C
:1030400007D20B0607D04900490AC00510430843C0
:1030500060470130F8E7490A8902F5E77047000048
:103060003040012041000A0E80231B067E2A0BDD22
:103070009E3A0BDAC1174002400818435242D04032
:10308000490001314843704700207047C00FC01805
:1030900001387047C0420DD300B540004008002100
:1030A00000F00EF8002801D4404200BD8020000648
:1030B00000BD0000014BDB691847000034400120CF
:1030C000014B5B6A1847000034400120014B1B6B29
:1030D0001847000034400120014BDB6F1847000007
:1030E00034400120014B9B69184700003440012007
:1030F0004100090E862902DA044BDB6B18470449AC
:1031000000B500F0A6FA02BC8E46F5E73440012077
:10311000DB0FC9404100090E862902DA044B1B6C03
:103120001847044900B500F094FA02BC8E46F5E752
:1031300034400120DB0FC940014B1B6D18470000D4
:103140003440012010B50148FEF73AF838830010EA
:1031500070B513231E781848FFF7B8F90500012E43
:1031600011D0012E09DDAB1E1B789B007F2B1DDDCE
:1031700012488022290000F07FFA1148FFF79EF9DB
:10318000104B186070BD0D485422290000F074FAED
:10319000002300E001331F2BE3D8084A9C00A2580B
:1031A000002AF7D10849054AA150F3E7074B084A1E
:1031B0000848422101F064FB5346000034400120DE
:1031C0004C33000030400120453100104082001097
:1031D000C489001074820010C20DFF210B0013403F
:1031E00011420DD07F3B0DD41722D31A002B0BDDDB
:1031F000163A9A401300013B034207D1012000E038
:10320000012070470020FCE70120FAE70020F8E7E2
:10321000C20DFF2313407F3B0DD41722D31A0CD4C9
:10322000163A9A40013A024209D1172B09D0D840E8
:103230000123184070470020FCE70020FAE7002037
:10324000F8E70120F6E7FF23DB051A0002400342FE
:1032500005D09A4205D040024342584170470020B1
:10326000FCE70020FAE770B5051C0C0001290CD022
:10327000C90F09194910FFF7F6FF011CFFF77DFE82
:10328000E40702D5291CFFF778FE70BD10B50C1EAF
:1032900003DB2100FFF7E7FF10BD011CFE208005C6
:1032A000FFF757FE6442F4E7F0B5C64600B50500E7
:1032B0000F00161E98461BDDC91101204042FFF782
:1032C00077FA00220EE00C236C1244431D21C91A28
:1032D0000C41013464109D40210079436D1A9A40DD
:1032E0001219F61A002E05DD0C2EECDC3300EBE78C
:1032F0000020E6E7BD4201DBED1B0132BD4201DBF0
:10330000ED1B0132002D07DB4346002B00D01A6075
:10331000280080BCB846F0BD013AED19F4D5ED198E
:10332000013AF1E770B50E1CFFF7D6FEFFF75EFD20
:1033300004000D00301CFFF7CFFE02000B00200040
:103340002900FFF794FCFFF749FDFFF73FFD70BD33
:10335000F8B5041C0E1CC50F002816DA081CFFF770
:1033600057FF00280AD080231B06E018311CFFF706
:10337000EFFF80231B069C466044F8BD80231B069C
:10338000E018311CFFF7E4FFF7E7081CFFF76AFEBF
:103390000700201CFFF757FF00280AD1002F29D073
:1033A0003B002033402B20D9311C201CFFF7BAFFF3
:1033B000E3E7E40DFF2020407F38FF2F04DC0F4BB4
:1033C0009F4202DA0D4F00E0FF27784303007F336E
:1033D000002B08DDFE2B04DCC005FE239B05C51871
:1033E00001E0FF25ED05281CC7E73900201CFFF789
:1033F0004DFFC2E7FE208005BFE7C04600FFFFFF8C
:1034000010B50300C10DFF2422000A400C420ED06B
:103410007F3A0FD41721891A00290ADD01228A4038
:10342000511E002800DA0B185042184001E0C00F6E
:10343000C00710BD002801DA0148FAE70020F8E7CC
:10344000000080BF10B5FFF777FE0249FFF795FD3A
:1034500010BDC046D95BDE3E70B5041C0D1CFE21BC
:103460008905FFF7B9FD00281CD1FF23DB051E00ED
:103470002E402B4216D03D49201CFFF7ADFD002801
:1034800003D0FF23DB059E425BD0FF23DB052342F5
:1034900016D1002D09DB281CFFF7BAFE002853D0F7
:1034A000201C01E0FE20800570BD281CFFF7B0FE47
:1034B00000284BD0E30FDB07FF20C0051843F3E7DC
:1034C000E30DFF2B12D02A4A934213D0EA0DFF2AB4
:1034D00021D027498A4223D0281CFFF77DFE0028EF
:1034E00025D1002C28DAFF20C005DDE7002D30DAD9
:1034F0000020D9E7002D06DB281CFFF789FE0028F5
:103500002AD01C48D0E7281CFFF782FE002826D0CE
:1035100080200006C8E713407E2B22DC0020C3E792
:10352000FF2213407E2B1FDCFF20C005BCE7291CB7
:10353000201CFFF70DFFB7E7291C201CFFF7F2FE48
:10354000B2E7FE208005AFE70020ADE7FF20C00511
:10355000AAE7FF20C005A7E7FF20C005A4E70020D9
:10356000A2E7FF20C0059FE700209DE7000080BF85
:10357000FF010000000080FFF0B5CE46474680B551
:1035800083B01600C30F9946C30DFF2423404502A4
:103590006D0A8022120490461543CF0FCA0D1440C5
:1035A0004902490A42460A439046002E01D00021B2
:1035B0003160FF2B41D0002C42D0002B47D0FF2C94
:1035C00040D0611E99423DDC23D04A46002A00D0FB
:1035D0006D421A1B01AB41462800FFF765FE430010
:1035E000434503DC07D1019BDB0704D54346C01AE2
:1035F000019B01330193002F02D0019B5B42019399
:10360000002E01D0019B33609621091BFFF75EFD60
:1036100018E0454516DD4B46002B06D143465800C1
:10362000281A012301930C00E5E743465800401B8C
:1036300001235B4201930C00DDE7FF20C00501E0A0
:10364000FF20C00503B0C0BCB946B046F0BD0020A5
:10365000F8E710B50022FFF78FFF10BD01480421E5
:10366000014B1847800C0020DD240010014B1B6823
:1036700018470000800C0020014B5B6818470000D1
:10368000800C0020704710B5002802D00B684968F4
:10369000984710BD0100002007E083001B185B0065
:1036A000501C08601078C01830380A681378303B16
:1036B000DBB2092BF1D97047F0B5DE4657464E46CE
:1036C0004546E0B583B093461F000C9B9A460D9C7F
:1036D0000E9B99460F9B9B0717D0B8460F0006001C
:1036E00022E0551C4B4641462020B84701342A00B1
:1036F000B442F6D33D004F465C46019B9B46B14623
:103700004646B84637002E000EE00192A346884692
:103710004E46B9460700EBE7013C551C5346185D81
:1037200043463900B0472A00002CF5D135003E0051
:1037300047460F9B9B0711D4100003B0F0BCBB465B
:10374000B246A946A046F0BD541C4B464146202037
:10375000B8472200531BB342F6D3EDE7B0464E46BE
:10376000B9462F005D46F5E7F0B5CE46474680B531
:1037700085B0944698460C9D0D9C0EAB1B789946DF
:10378000109A119B129EB7071CD4002B0CD0F70780
:103790000AD54F46002F02D10C37374204D0013BE7
:1037A00002E030272F550134944201D21F2CF8D962
:1037B000F70707D59C4205D21F2C03D830272F5579
:1037C0000134F5E7F70612D5770505D4002C03D0B0
:1037D000944221D09C421FD00F9A102A2FD00F9ACA
:1037E000022A36D01F2C0AD830222A5501341F2C29
:1037F00005D84A46002A32D02D222A550134039694
:1038000002930194009543466246FFF755FF05B0C9
:10381000C0BCB946B046F0BD621E012C17D00F9F48
:10382000102F0BD014000F9A102AD8D1B206D6D57B
:103830001F2CD4D858222A550134D3E7023CB206B3
:10384000F1D41F2CEFD878222A550134CAE714008E
:10385000C2E71F2CD3D860322A550134C2E7720761
:1038600003D52B222A550134C9E73207C7D52022B8
:103870002A550134C3E7F0B5DE4657464E46454665
:10388000E0B593B081468A46089209931CAB10CBF1
:103890001B789B461E9D219B9846002C03D110232C
:1038A00042469A4390468023DB0046461E404246ED
:1038B0001A4218D0002C22D0002614E0424692066C
:1038C0001BD54121C918C9B20A39C9B2771C0AAB44
:1038D000995529002000FEF76BFFAC4210D31F2F33
:1038E0000ED83E00040029002000FEF761FFCBB295
:1038F000092BE3D83033D9B2E8E76121E2E72700AA
:1039000043460693209B05931F9B049303955B46B8
:10391000029301970AAB0093099B089A51464846C7
:10392000FFF722FF13B0F0BCBB46B246A946A04643
:10393000F0BDF0B5DE4657464E464546E0B597B079
:103940000A900B910C929A46209B9946219F22AA9D
:1039500013789B46249B0993259C289B98464A46AE
:103960003A4302D11032934398468022D200454612
:103970001540434613420AD04A463A4341D00025F7
:103980002E0053460D934D46099B9A4621E02E008A
:1039900053460D934D46099B9A461AE042469206BD
:1039A00023D54122D218D2B20A3AD2B2731C994618
:1039B0000EAB9A555246230028003900FEF736FF19
:1039C000BC4220D813D04B461F2B16D84E460500BC
:1039D0000F005246230028003900FEF727FFD3B21C
:1039E000092BDBD83033DAB2E0E76122DAE7AA4507
:1039F000E9D94E460D9B9A4608E04E460D9B9A46E5
:103A000004E0002602E04E460D9B9A46434606938C
:103A1000279B0593269B0493099B03935B46029384
:103A200001960EAB009353460C9A0B990A98FFF738
:103A30009BFE17B0F0BCBB46B246A946A046F0BDFF
:103A4000F0B5DE4657464E464546E0B591B0804655
:103A500089460C929A461A9C1B9D22002B0020003E
:103A60002900FFF75EF9002800D0F2E0012252425F
:103A7000D54B20002900FFF74FF9002800D0E8E0DF
:103A800001225242D14B20002900FFF72FF90028D4
:103A900000D0DEE00022002320002900FFF726F9F5
:103AA000002800D0EAE0069407958023DB001E9AE8
:103AB0001A400D921E9A1A4201D106231C930698B1
:103AC000079902000B000892099303000A000243C1
:103AD00000D1DFE0080D4005400DBD4EB446604406
:103AE000079E3203120B1E00BA4B13431F00FFF751
:103AF00029F9B94AB94BFFF7BAF8B94AB94BFFF7F8
:103B000097F8089009910022B74B30003900FFF771
:103B10008AF8B64AB64BFFF7AAF802000B000898DD
:103B20000999FFF785F8FFF725F98346FFF70AF9AA
:103B300006000F00AF4AB04BFFF799F80022AF4BD9
:103B4000FFF776F8FFF716F90890AD4AAD4B300055
:103B50003900FFF78CF806000F000898FFF7F2F81D
:103B6000A94AAA4BFFF783F802000B003000390086
:103B7000FFF759F806000F0002000B00FFF777F877
:103B80000A900B91089BA24A9446634400210022AC
:103B9000089109921B0509930023089332003B000A
:103BA00030003900FFF744F80E900F9132003B00CF
:103BB00000208021C905FFF736F806000F0000221B
:103BC000944B0A980B99FFF738F80022924BFFF7B5
:103BD0002FF802000B000A980B99FFF72EF800222D
:103BE0008E4BFFF725F802000B000A980B99FFF7A0
:103BF00024F802000B0030003900FFF719F802002A
:103C00000B000E980F99FFF718F80022714BFFF781
:103C10000FF8089A099BFFF72AF806000F0008968C
:103C20000997069A079BFFF777F800280BD0012326
:103C30005B429C46E3440022774B30003900FEF79C
:103C4000FCFF089009915B466333C62B45D80426D8
:103C500023E01E9B04931D9B03931C9B02930094E3
:103C6000019553460C9A4946404600F0FBF811B0C6
:103C7000F0BCBB46B246A946A046F0BD00210022DA
:103C800006910792069480231B069C46AC4463462B
:103C900007930AE700239B4604261E9B1B0528D595
:103CA000089A099B190011430FD05D4A5D4B069895
:103CB0000799FFF729F800287AD000225A4B069876
:103CC0000799FFF713F8002872D01C9B5B4506DDAF
:103CD0005A469B1A013B1C9303E00526DDE70023AF
:103CE0001C938023DB001E9A1A431E920026002399
:103CF0009B461D9B9E4265D29F1B02231E9A1A4023
:103D00000A921E9A134202D0002E00D000275B4672
:103D1000002B07D0089A099B06980799FEF78DFF9C
:103D2000069007910022002320002900FEF7DEFF05
:103D3000002800D07CE03D4B1E9A1340049303976B
:103D40001C9B0293069B079C0093019453460C9A7C
:103D50004946404600F086F8002E00D187E71E9BBA
:103D60009B0671D54525441C534602004946280050
:103D7000C0475A46D317D2185A4005230593013E2F
:103D80000496002303930A3302935B46DB0F0193EF
:103D900000925346220049464046FFF76CFD0A9BBD
:103DA000002B00D163E7020047460C9E1D9D53E0A7
:103DB0001C9B002B9DD00D9B002B9AD01C9B013B84
:103DC0001C9396E7002798E7FFFFEF7FFFFFEFFFC9
:103DD00001FCFFFF0000F03FFB799F501344D33FED
:103DE000B3C8608B288AC63F0000F83F61436F6309
:103DF000A787D23F71A379094F930A400000E03FA3
:103E00001655B5BBB16B0240EF39FAFE422EE63FC4
:103E1000FF03000000002C40000024400000184078
:103E20002D431CEBE2361A3F80842E41FFF7FFFF43
:103E3000069C079D220029008020000684466144DC
:103E40000B000692079376E765258CE7541C5346D2
:103E500049462020B8472200931BAB42F6D31000FE
:103E600005E7C046F0B5DE4657464E464546E0B546
:103E700095B00690079193469946209F1E9A1F9BE6
:103E800010001900FEF74DFF002831D101225242E7
:103E9000BC4B1E981F99FEF729FF002837D101223D
:103EA0005242B94B1E981F99FEF736FF00283DD1AC
:103EB0000022B64B1E981F99FEF72EFF00284AD10C
:103EC0000022B34B1E981F99FEF710FF002842D125
:103ED000002200231E981F99FEF708FF00284AD1F0
:103EE00000239846229B5B0500D4B0E0002452E0FA
:103EF000229B0393219B029303230193A54B0093E1
:103F00004B465A4607990698FFF7D6FB08E1229BD5
:103F10000393219B0293042301939F4B00934B46F1
:103F20005A4607990698FFF7C7FBF9E0229B5B0703
:103F30000ED59A4B04222299039121990291019264
:103F400000934B465A4607990698FFF7B5FBE7E002
:103F5000934B0322EFE7229B0493219B0393029749
:103F60001E9B1F9C009301944B465A460799069846
:103F7000FFF766FDD4E01E9A1F9B00200021FEF78C
:103F800052FE1E901F9101239846ABE70CAB3022E6
:103F90001A55013F01341F2C01D8092FF6D81E985D
:103FA0001F99FEF7E7FE0500FEF7CCFE02000B00AE
:103FB0001E981F99FEF737FE7A4BFA009B181A6875
:103FC0005B680A920B93FEF752FE08900991FEF788
:103FD000F5FE0600FEF7B2FE02000B0008980999F4
:103FE000FEF721FE0890099100226F4BFEF794FE28
:103FF00000282ED001363000FEF7A0FE02000B0094
:104000000A980B99FEF778FE002801D001350026AA
:10401000002F2CD12800FEF795FE02000B001E9801
:104020001F99FEF700FE06000F0000225E4BFEF710
:104030005DFE002846D100225B4B30003900FEF7C0
:104040006BFE00283ED1EB073CD501353AE0062750
:104050004CE70022544B08980999FEF747FE0028C8
:10406000D6D1002E01D0F307D2D50136D0E7AA462B
:104070001F2C11D8013F0A213000FEF799FB651C67
:1040800030310CAB19550A213000FEF791FB092E97
:104090000ED906002C00EBE755461F2C0CD87B1ED2
:1040A000002F09D00CAA302111551F000134F4E76C
:1040B0002B0055461C00F0E71F2C03D80CAB2E221A
:1040C0001A5501341F2C10D80A212800FEF748FB8E
:1040D000661C30310CAB19550A212800FEF740FB55
:1040E000051E01D03400EDE734000323229A13406B
:1040F000012B1CD01F2C06D84346002B32D00CAB12
:104100002D221A550134229B0393219B0293019483
:104110000CAB00934B465A4607990698FFF7CCFA2A
:1041200015B0F0BCBB46B246A946A046F0BD219BE7
:10413000002B13D04346002B02D10C3313420FD077
:10414000219B013B2193190003E00CAB30221A554F
:1041500001348C42CED21F2CF7D9CBE72199F8E756
:104160002199F6E7229B5B0704D50CAB2B221A554D
:104170000134C8E7229B1B07C5D50CAB20221A557A
:104180000134C0E7FFFFEFFFFFFFEF7F65CDCD41BB
:1041900065CDCDC12083001024830010148300104E
:1041A0001C830010C88B00100000E03FF0B5DE4615
:1041B00057464E464546E0B593B007008A469346BB
:1041C0001193002900D12CE3002508E06C1C5B460C
:1041D0002A005146B847119B013311932500119BCA
:1041E0001878002800D11EE32528EFD10133119360
:1041F0000023180020E0012318430132119201240A
:1042000018E00223184301321192012412E0042322
:1042100018430132119201240CE0082318430132A3
:104220001192012406E01023184301321192012457
:1042300000E00024002C09D0119A1378203BD9B259
:104240001029F6D88B00C449CB589F468146119B54
:104250001A781300303BDBB2092B10D92A2A13D06D
:104260000B94119B1A782E2A20D0119A1378683B50
:10427000D9B2122965D88B00B849CB589F4611A8EE
:10428000FFF708FA0B90ECE71C9B1A1D1C921B68A9
:10429000002B04DB0B93119B01331193E1E7022206
:1042A0000100114389465B420B93F4E78022D20060
:1042B0004946114389465A1C11925A781300303BE3
:1042C000DBB2092B0BD92A2ACFD11C9B1A1D1C92B9
:1042D0001C68002C08DB119B01331193C5E711A862
:1042E000FFF7D8F90400C0E70024F4E780235B005F
:1042F00049460B43511C119151786C2901D09946C4
:104300001FE0C0239B00494619438946023211929F
:1043100017E0802349460B43511C119151786829BD
:1043200001D099460DE0C02349461943894602321F
:10433000119206E080235B00494619438946013209
:104340001192119B187867281CD8252800D25EE2AC
:104350000300253BDAB2422A00D958E29300804A92
:10436000D3589F4680239B00494619438946013212
:104370001192E6E780235B004946194389460132E2
:104380001192DEE7782800D941E2692800D23EE2A6
:104390000200693AD2B201239340724A134210D10B
:1043A0001A0600D50CE25B0500D430E21C9B1A1DF6
:1043B0001C921E68002C00D0BAE101225242330048
:1043C00096E16F2842D005D8582841D0622803D101
:1043D000022606E078283DD010234A469A439146AB
:1043E0000A26582838D0692805D0642803D00C2222
:1043F0004B46934399464B465A0502D501229343B7
:10440000994669282DD064282BD04B469A0500D5B3
:10441000AAE0DA0500D5C2E05A0600D4D3E01C9A1F
:10442000111D1C911168FF220A404B4605930B9BFE
:104430000493039402960023019300925B462A00A2
:1044400051463800FFF717FA05002AE00826C8E7AA
:104450001026C6E71026C4E720224B461343994690
:10446000C1E74B469A0520D4DA0551D45A0666D5E1
:104470001C9A111D1C911168FF220A40D0171118B7
:1044800041404B4605930B9B049303940296D20F35
:10449000019200915B462A0051463800FFF7EBF984
:1044A0000500119B0133119399E61C9A07320721ED
:1044B0008A43110008311C91116853689C46DB1730
:1044C0000C930D930C9A0D9B100048400E900D9B81
:1044D00061464B400F930E980F990C9A0D9B801AD2
:1044E00099410E900F914B4608930B9B07930694AE
:1044F0000496002305936346DA0F0292009001911F
:104500005B462A0051463800FFF713FA0500C8E75A
:104510001C9A111D1C911268D01711184140059367
:104520000B9B049303940296D20F019200915B4679
:104530002A0051463800FFF79EF90500B1E71A0638
:1045400005D51C9A111D1C910023D25E96E71C9A7A
:10455000111D1C91126891E72C8A0010708A0010BE
:10456000BC8A0010419000001C9A073207218A4340
:10457000110008311C9108930B9B07930694049635
:1045800000230593029353681268009201935B46DF
:104590002A0051463800FFF7CCF9050081E71C9A44
:1045A000111D1C9105930B9B049303940296002309
:1045B0000193136800935B462A0051463800FFF7C9
:1045C0005AF905006DE71A0606D51C9A111D1C91B3
:1045D00012681204120C28E71C9A111D1C91126813
:1045E00023E746281AD01C9B0733072293431A005F
:1045F00008321C924A4604920B9A039202941A685B
:104600005B68009201935B462A0051463800FFF731
:1046100029FC0500119B01331193E0E520234A4654
:104620001A439146DFE7672801D0472804D1802349
:104630001B014A461A439146452801D0472803D119
:1046400020234A461A4391461C9B07330722934373
:104650001A0008321C924A4604920B9A0392029462
:104660001A685B68009201935B462A005146380045
:10467000FFF7E6F90500119B01331193AFE5022323
:104680004E461E404A4613421ED001241C9B1A1D52
:104690001C926A1C904618785B462A005146B8471F
:1046A000002E14D1119B01331193454697E5551CFB
:1046B0005B4651462020B84723002A005C1C0B991A
:1046C0009942F4D81500E1E701232A00F6E74246B3
:1046D00006E0561C5B4651462020B8472C003200AD
:1046E000651C0B9BA342F4D89046DBE701330A001C
:1046F0001978002902D0511E002AF7D19B1B802275
:10470000D2004946114088464946114202D0A34290
:1047100000D92300022249461140109149460A421D
:1047200008D02A00250099463B004746984626E0D7
:10473000220044E6A1462A005146B2460E0006E099
:10474000551C5B4631002020B84723002A005C1C22
:104750000B999942F4D8150022004C463300564676
:104760009A4691462A0025003B004746984606E0B7
:104770001D000136541C5B465146C047220030786C
:10478000002804D0002FF4D06B1E002DF0D11500AE
:104790004B464746109A002A03D1119B01331193CF
:1047A0001DE50B9E2A0006E0551C5B465146202065
:1047B000B84723002A005C1C9E42F5D81500ECE7A0
:1047C00021234A461A4313001C9A111D1C9112689A
:1047D0000593082304930394083302930023019361
:1047E00000925B462A0051463800FFF744F8050066
:1047F000119B01331193F2E46C1C5B462A00514675
:104800002520B847119B013311932500E7E46C1C68
:104810005B462A005146B847119B0133119325008E
:10482000DDE40A4FD0E45D450DD35B465A1E5B467E
:1048300051460020B847280013B0F0BCBB46B24632
:10484000A946A046F0BD2A00F1E7C0468536001013
:1048500010B584B00C0002A902904C6001240448F9
:10486000009313006242FFF7A1FC04B010BDC046E4
:104870008736001000BEFDE710B5FFF7FBFF000014
:1048800030B583B00D001900002A0BD0074B084C3F
:10489000019200932B000200200000F0C5F90120D6
:1048A000FFF7E8FF034B1A00F1E7C0462C83001026
:1048B0003C8300103883001010B5EFF30583002B04
:1048C00000D000BEFDF75CFE034C01E008CC984729
:1048D000024B9C42FAD310BD1C7B0010247B0010BD
:1048E00010B50300080011001B68984710BD0000B8
:1048F000F8B507000D001600437D002B02D0002400
:1049000000200CE003681100280098472DE03B7D53
:1049100010E03B68154802219847601C0134B442FE
:1049200014DA002CF3DD2B19013B1B780D3B5A42A6
:104930005341DBB22A5D0A2AF0D1002BEED1A0420E
:10494000E7DA3B68211A28189847E2E7B04203DA11
:104950003B68311A28189847002E06DDAD19013D35
:104960002B780D3B5A4253413B75F8BD348C0010F7
:1049700070B505000368002B16D00C4B1C6805E0D1
:10498000290004C92000FFF7B3FF2469002C09D0D7
:104990002368002BF9D0064B1B68002BF0D0A342F4
:1049A000F3D1EDE700232B6070BDC0460C2A002038
:1049B0009436002070B505000C000B68802B05D0E4
:1049C00023685A1C2260E418257170BD0800FFF7A7
:1049D000CFFFF5E710B5FDF7CBFB074A0023121810
:1049E0004B41002B03DB054803F052F810BD0122B8
:1049F0005242034BF7E7C04640420F00C80C00206C
:104A0000FFFFFF7F10B5024803F012F810BDC0464B
:104A1000C80C0020F0B5CE46474680B583B00600EE
:104A20000D0090461C00FFF7D5FF81466B1C05D09A
:104A3000002C08D0184F194B1C6807E0300002F01A
:104A4000B5FF0500F4E7164FF5E72469002C17D0F1
:104A50002368002BF9D0134B1B68002B01D0A34215
:104A6000F3D12A0031002000B8474346002BECD098
:104A70006B46D91D0A230B7001222000B847E4E7DA
:104A80004B46002B05D1280003B0C0BCB946B04648
:104A9000F0BDFFF7B7FFF6E7F14800100C2A002041
:104AA000E148001094360020F0B583B006000F00F6
:104AB00001920093164B1C6808E0A368002B04D0F9
:104AC000390030009847002820DC2469002C06D0EB
:104AD000104B1D68002DF0D0A542F6D1EDE70099EE
:104AE0000A000D4B5B6A994209D80B49896A019803
:104AF000814209D29A4202D00220404206E00120BF
:104B00000021FDF73DFBD5E70220404203B0F0BD98
:104B10000C2A002094360020004005400A4A136801
:104B200002E01A0010321B69002B09D0136883427F
:104B3000F7D1002907D1036913600023036102E064
:104B4000002900D0106070470C2A002010B5064BD9
:104B50001C6800E02469002C04D06368002BF9D0A5
:104B60009847F7E710BDC0460C2A002010B500F0AA
:104B7000F1F910BD30B583B004000025FDF7F8FA57
:104B800022002B0012184B41002B0ADB012101A847
:104B9000FFF78AFF002802DB07D001AB187803B0CB
:104BA00030BD01225242044BF0E7044B044A042179
:104BB0000448FF31FFF764FEFFFFFF7F6C830010A6
:104BC000188C00107083001070B5050002F0EEFE26
:104BD00004000123012201002800FFF71BFFFFF75B
:104BE000B5FF200070BD0000F0B5A3B004000E00BA
:104BF000FFF7F0FE050001AF0023019309483300E1
:104C000022003900FFF724FE04003800FFF7B0FE51
:104C1000FFF79CFF002D02D1200023B0F0BDFFF76D
:104C2000F1FEF9E7B54900100FB400B583B004A94F
:104C300001C90191FFF7D8FF03B008BC04B01847C1
:104C400070470000014B00221A7070475941012043
:104C50004B79FF2B0CD18B79002B0BD1CB79012B0E
:104C60000AD1082A0AD98A78054B1A70092000E06F
:104C7000002070470020FCE70020FAE70020F8E75A
:104C8000594101200120704710B5012927D1117920
:104C900053791B020B43134909788B4201D0002042
:104CA0001EE05378012B03D0022B11D0002017E017
:104CB0009178D3781B021943DB0506D5480A8A058B
:104CC000D20F7F231940FDF725FC01204042F6E773
:104CD000642200210020FDF7C5FB012000E0012037
:104CE00010BDC0465941012000487047008D00109A
:104CF00010B51400012910D15378012B0FD112796E
:104D000063791B021343072B01D0002006E0054AFC
:104D10009F33210001F054FB00E0012010BD002072
:104D2000FCE7C046588C0010012303700048704710
:104D3000388C001010B50A784B781B0213438A7820
:104D400012041A43CB781B0613439622D2009342D7
:104D500000D010BD0120002211004042FDF7DAFB17
:104D6000024B1860024B19607047C046AC29002006
:104D7000B029002010B5FDF7FBF90E4A00231218E8
:104D80004B41002B12DB0C4802F082FE00280CD0B5
:104D900001200021404201F0D9F9002001F078FC07
:104DA0000028F5D1044802F043FE10BD0122524212
:104DB000024BE8E740420F0038410120FFFFFF7F30
:104DC00010B5024B1878FCF721FB10BD5A410120A9
:104DD00070B5174B1B68002B20D0EFF3108272B612
:104DE000100019680029FCD0BFF35F8F10494A609A
:104DF000104B00221A700B68BFF35F8F1A6080F3AC
:104E00001088002400250C4B1878FCF7DBFA0028EA
:104E100008D1002400252000290070BDFA24A40038
:104E20000025F0E7044B1878FCF7F0FAF3E7C046EA
:104E300010FF00205B4101205A410120F0B585B0F0
:104E4000060014001D000CAB1F78FDF791F922003D
:104E50002B0012184B41002B09DB02970B99019193
:104E60000A9900913000FCF773FF05B0F0BD0122F4
:104E70005242014BF1E7C046FFFFFF7FF0B5C64647
:104E800000B584B00500884616001F000AAB1C78E8
:104E9000FCF7F6FE0294019700962A004346FFF7BE
:104EA000CDFF04B080BCB846F0BD000010B582B0A4
:104EB0002248002102F0D4FD00281ED1204B1B689F
:104EC000002B18D0EFF3108172B608001A68002A80
:104ED000FCD0BFF35F8F1A4A51601A490B78DBB2DE
:104EE00001240C701268BFF35F8F0021116080F302
:104EF0001088002B17D002B010BD012000214042C5
:104F000001F024F9002001F09BFB04000B4802F0A3
:104F10008FFD002CEFD00C4B1B68002BEBD00B4A05
:104F200010689847E7E70A4A013300930023FA2004
:104F300080000021FFF7A2FFDDE7C04638410120D5
:104F400010FF00205B410120AC290020B029002087
:104F5000D14D001010B582B0D0231B061C68FCF7A1
:104F60008FFEFCF76FFFA04230D1274B1B7800214A
:104F7000002002F04FF8254B1B68002B2CD001209D
:104F8000FCF712FC224C20702249FF231840FCF74A
:104F90005BFA20780121FCF72FFA0520FCF746FA8E
:104FA000041E1DD00120FCF789F901001A4B1800DE
:104FB000FCF75AFC194900220520FCF76FFA184843
:104FC0000121FFF7ABFD200002B010BD154B164AC2
:104FD0001648C621FFF754FC0C48FCF703FCCEE74B
:104FE0000D4808220021FEF741FB114A01230093DE
:104FF0000023FA2080000021FFF740FFC043C40FC8
:105000000028E0DADBE7C0460091001038410120BB
:105010005A410120AD4E001010FF0020C14D00107C
:10502000900C0020BC830010308D0010C483001051
:10503000D14D001010B5002001F0E6FA10BD0000BF
:1050400070B505000C00FFF7F5FF002834D00020F4
:1050500001F0F6FA002832D0FDF78AF81B4A002347
:1050600012184B41002B19DB194802F011FD0028E2
:1050700028D0FFF7DFFF002804D0002001F0E0FA7D
:1050800000280FD101200021404201F05FF80324E5
:1050900064420F4802F0CCFC200070BD0122524255
:1050A0000C4BE1E722002900002001F0D5FA041E94
:1050B000EFD103246442ECE703246442ECE70324C9
:1050C0006442E9E703246442E6E7C04640420F0039
:1050D00038410120FFFFFF7FF0B5C64600B580468E
:1050E0000C00FDF745F8314A002312184B41002B04
:1050F00007DB2F4802F0CCFC002806D180BCB84664
:10510000F0BD012252422B4BF3E7FFF793FF00283B
:1051100049D1294B0020002118605960244802F031
:1051200087FCEBE701200021404201F00FF800204E
:1051300001F0AEFAFFF77EFF0028EFD0002001F06B
:1051400023FB002820D0A542E8DA661B002001F0EE
:105150001BFB0200864200DC3200002AE2D04346FC
:105160005919002001F0ECFA06000120002140420C
:1051700000F0ECFF002001F08BFAAD19FCF7F8FF0E
:105180000D4B18605960DEE7FCF7F2FF0A4B1E6812
:105190005F680A4A002392197B419942BED8D2D156
:1051A0009042D0D9BAE70025CDE7C04640420F0073
:1051B00038410120FFFFFF7F500E002020A1070093
:1051C00000487047AC8D001000487047588D0010A3
:1051D00010B50400154B1B78002B0ED0002C11D1FC
:1051E000134B144A5A80012301335B009BB21048D1
:1051F000C02292001343038010BD0C48112100F01F
:1052000025F8EBE7052C0ED80B4BA400E45800233F
:10521000122BE9D8E15C0029E6D00133044A58009A
:105220008152DBB2F4E70020E6E7C04640410120AE
:10523000E429002009040000408D001010B5024848
:1052400000F030F810BDC04628FF002010B500293E
:1052500001D0002308E00F4B0F4A10483B31FFF705
:105260000FFB3732C25401334A1E9A420ED90F2B1C
:105270000CD85A080A4CA45C01229A4392001441AB
:105280000F222240092AECDC3032EBE7C018002361
:10529000037010BD58840010C08D00106084001091
:1052A00028FF002070B588B0040004AD0D22002155
:1052B0002800FEF7DBF90D2200216846FEF7D6F93B
:1052C0004B232B700D226946280002F0A9FB002316
:1052D00004E05A1D69468A5CE2540133072BF8DD6D
:1052E00008B070BD70B582B07F230340C509274C5C
:1052F0005E0076197601A419A0706842684160705A
:105300000020E0702183E276012D1ED0D800204AD3
:10531000944660441D4A5900491949015218906049
:105320001A4A59004919490152189268002111601E
:10533000002B10D1154A5B005B195B01D3180022CA
:105340005A60144ADA6002B070BDD800124A94461E
:105350006044A060E4E7012D0BD0591EC9000F4A3C
:1053600094466144094A5B005B195B01D2185160A5
:10537000E9E7591EC9000A4A94466144034A5B00A2
:105380005B195B01D2185160DDE7C046F0FA0020DE
:105390008400105000011050800010500C0010507C
:1053A0000800105010B5038B3F333F229343C27E59
:1053B000022A08D008490A68C260D3180B60074A5D
:1053C000934202D810BD5B00F4E7054B054A06483E
:1053D0005221FFF755FAC046F4FE0020FF0F10508F
:1053E000C0860010208E001004870010F8B57F25BD
:1053F0000540C6096B009B195B010E4C1C19FFF799
:1054000071FF002D00D1F8BD0A4B6D00AD196D0183
:105410005D19298B2000FFF7C5FFEB7E9B06E9682D
:10542000054A4A4013438022120613436A681360F8
:10543000E9E7C046F0FA00200000105010B5040063
:105440007F202040E409400000194001024BC018B1
:1054500000F026F910BDC046F0FA002010B5002873
:1054600004D101210520FBF7C7FF10BD034B044AFF
:1054700098210448FF31FFF703FAC04678870010EF
:10548000108E00100487001010B5002805D10022EE
:1054900000218020FFF7D2FF10BD034B034AA22159
:1054A0000348FF31FFF7ECF978870010008E0010F9
:1054B00004870010024B80225202DA647047C04613
:1054C0000020115070B5041E27D100F0C7F8164D0A
:1054D0000C23AB671549FF220520FBF7DFFF1448BB
:1054E00040220021FEF7C2F8002240210020FFF7F1
:1054F0007DFF002240218020FFF778FF02F0E8FACC
:1055000001232B6480239B05EB649023094AEA5016
:105510002000FFF7CFFF012070BD074B074A642131
:105520000748FF31FFF7ACF900001150BD0400201F
:10553000F0FA002010D0010078870010348E00109F
:1055400004870010044B1970002904D0034A9023EB
:1055500080218902D150704755410120002011500F
:105560000B785B0602D14B78052B00D070478A7808
:10557000014B1A60FAE7C0460000115010B5CA7816
:105580009207920F012A0AD088780B79497909028B
:1055900019434905490DFFF729FF012010BD0020DF
:1055A000FCE710B502F094FA10BD000010B504003D
:1055B000080011001A00002C03D1FFF73FFF012063
:1055C00010BD034B034A812103488900FFF758F9B6
:1055D00078870010F08D00100487001010B57F232D
:1055E000180008400B4205D1CB09012B0ED0022236
:1055F000074B9A66C909400040184001054BC01886
:1056000080221201002102F05BFA10BD0122EFE7B7
:1056100000201150F0FA002010B57F221000084041
:105620000A4200D110BDC909400040184001044B96
:10563000C0180023C3700022024902F041FAF1E7CA
:10564000F0FA0020FFF7FFFF04E00A780270013152
:1056500001301A00531E002AF7D1704710B580237D
:105660005B040A4A13600A4A13600A4B1A688023D3
:105670005B049343F9D18022520100210648FDF7D3
:10568000F5FF064B09225A6710BDC04600E00040F6
:1056900000F0004008C00040000010500000115011
:1056A00070B504000D001600837E002B17D1A68272
:1056B0000023E3820133A3762561200002F0A8F9DC
:1056C000002804D00C4A902380218902D150200068
:1056D00002F0D6F900280AD00123237770BD817823
:1056E0000648FFF7A1FA200002F0E2F9DFE7200008
:1056F00002F0D6F9F2E7C046002011506C88001085
:1057000070B50500002408E09B1A5B01164A9B183F
:10571000DB68280098470134E4B2144B1A78230060
:10572000511CA1420DDBA242EED9114B1B68620154
:105730009B18002BECD10F490F48104AFFF774FA61
:1057400010E00F4C542200212000FDF78FFF201D98
:105750001022FF21FDF78AFF200014302022FF21B4
:10576000FDF784FF70BDC046B08F0010544101208A
:10577000142300207C8F0010A48800102502000054
:10578000C424002010B5FFF7BBFF00F065FE10BD7C
:1057900070B505000C001600486900F067FE6369EB
:1057A000320001212800984770BD0000F0B5DE46A8
:1057B00057464E464546E0B583B082460139C8B2E9
:1057C000FFF702FD002803D043789946022B0CD046
:1057D00056495748574AFFF727FA002003B0F0BC54
:1057E000BB46B246A946A046F0BDC5796C11012260
:1057F000514B1440240119781026B14321431970EC
:10580000AD112A405201C9B22024A1430A431A70A3
:10581000060009368278C3781B02134383469B44F3
:105820004B460193370066E0FB7899463A78BF18FB
:1058300068E03E493E48414AFFF7F6F90020CDE7CF
:10584000009AD31A5B013E4E9E193369220039003B
:1058500050469847082801D9844216D20135EDB246
:10586000384B1B7800955A1CAA423EDBAB42E7D965
:10587000354B1B686E019E19002EE6D12B492C4832
:10588000324AFFF7D1F90020A8E73400009E0090CB
:105890004B46012B11D00020494681421BD9BB78D1
:1058A0001B18DBB2244AD2181279FF2A0CD1224AE3
:1058B000D3181D710130C0B2EFE72169244A91422B
:1058C000E9D1019B9946E6E718491948214AFFF7B3
:1058D000ABF9002082E720482B00009C2200390011
:1058E00001F06EFCA446674400E02E00154B1B78C7
:1058F00001339E420FDC5F4515D27B780B2B93D092
:10590000012399467A78042A93D15B46DA1B93B235
:1059100000251C00A4E7852204490548D200FFF7B2
:1059200083F900205AE7012058E7C046508F001045
:10593000A4880010D6030000C4240020F103000056
:10594000B08F00105441012014230020FA030000FE
:105950000569001019040000D82400207047704722
:10596000002070470020704770B505000C00CB7810
:1059700088780F2B53D89A002E498A589746FFF7FC
:105980001FFC021E05D012232100280000F018FD84
:1059900046E0294929482A4AFFF746F900203FE016
:1059A000FFF7A2F9021E3CD08178C3781B020B439B
:1059B0002100280000F004FD32E0022B0CD0FFF79C
:1059C000D1FF021E2FD09178D3781B020B43210008
:1059D000280000F0F5FC23E0FFF7F6FB021EF2D1F1
:1059E00015491648174AFFF71FF9002018E02379D8
:1059F000617909021943FFF7EBFB021E15D003780A
:105A00002100280000F0DCFC0AE0FFF7A9FF021EDD
:105A10000DD003782100280000F0D2FC00E0002027
:105A200070BD0020FCE70020FAE70020F8E7002026
:105A3000F6E7C046508E0010388F0010A488001082
:105A40003A040000610400007047704770477047D7
:105A5000024B5878431E9841C0B27047C4240020BE
:105A6000024B18784007C00F7047C046C42400207E
:105A7000034B1878FF38431E9841C0B27047C046A8
:105A8000C40C0020F8B505000F00FFF7F1FF061E5B
:105A900048D1002F21D02E4854220021FDF7E6FDE9
:105AA0002C4B00221A702C4C2000FBF79BFE2B4B3A
:105AB0001C602B4C2000FBF7E1FE143C200001F0A1
:105AC00019FF284B1C60284B002B04D02748FFF7F8
:105AD0002BF9274B1860002410E0E92225492648BD
:105AE0005200FFF7A1F81DE09B1A5B01234A9B18A7
:105AF0005B68002B10D098470134E4B21B4B1A7836
:105B00002300511CA1420FDBA242EDD9184B1B68A8
:105B100062019B18002BEBD1F8221649164852005F
:105B2000FFF782F83000F8BD154B1D7039002800D2
:105B3000FFF7C8FC061E03D02800FFF78FFCF1E733
:105B4000FC220C490C485200FFF76EF8EAE7C04609
:105B5000C424002056410120BC2400201825002028
:105B6000BC0C00201C250020294D001054410120B0
:105B700014230020A08F0010A4880010B08F001004
:105B8000C40C002070B50D00104B1E788B7870226D
:105B90001A420DD10E4B9978280001F0BBFA041E71
:105BA0000DD029003000FFF7E9FC0400200070BD93
:105BB00008490948094AFFF737F80024F6E705497C
:105BC0000548074AFFF730F8F0E7C046C40C00204C
:105BD000C4240020088F0010A48800100B050000CA
:105BE0000C050000F0B5D6464F464646C0B5814686
:105BF0000C0017009846089B9A46002517E01849A4
:105C00001848194AFFF710F800263000E0BCBA46E1
:105C1000B146A846F0BD9D2211491248D200FFF7B7
:105C200003F8F2E7099A13702378E4180135AF42BC
:105C300014DD6378052BE2D1E1788907890F4145AE
:105C4000DDD121004846FFF79DFF061EE3D0A37873
:105C5000DA09012AE6D052461370E5E70126D4E7B7
:105C6000188F0010A4880010E704000010B57F20F2
:105C70000840C909400040183030044BC0180430B7
:105C8000034B196801F002FA10BDC046C42400207D
:105C90001825002010B57F200840C9094000401891
:105CA0003030044BC0180430034B196801F016FA69
:105CB00010BDC046C424002018250020F0B5C646FB
:105CC00000B582B001931A4800787F250D40CE09B7
:105CD000184C6F00E419A41930342479E4071DD45A
:105CE000144C6F00E419A419303423790127BC4601
:105CF00067463B432371019BFFF758FC002813D1F3
:105D00000C4B6D005B199B1930331A7901218A43C2
:105D10001A711A7903318A431A7105E00649074856
:105D2000074AFEF781FF002002B080BCB846F0BDF4
:105D3000C40C0020C4240020F88E0010A488001099
:105D40003905000070B50A4B18787F240C40CD0946
:105D5000FFF744FC074A640013195B1930331A79C2
:105D600002210A431A711A7901210A431A7170BD7E
:105D7000C40C0020C424002070B50A4B18787F247E
:105D80000C40CD09FFF748FC074A640013195B1962
:105D900030331A7902218A431A711A7901398A43F8
:105DA0001A7170BDC40C0020C42400207F220A4058
:105DB000C909044B52009B185B18303318798007CF
:105DC000C00F7047C4240020F0B585B005000C005A
:105DD000002000F04BFB237860221A40602A1AD082
:105DE000402A20D02378DB06DB0E012B00D1D6E041
:105DF000022B00D116E1002B00D07CE1202A1CD020
:105E0000002A00D07FE16378092B00D97DE19B0057
:105E1000C54AD3589F465532C449C5489200FEF73B
:105E200003FF002668E1C34800F020FB22000121A7
:105E30002800FEF75DFF06005EE123790F2B00D9F5
:105E40005DE1BD4AD3181B79BC4A1278934207D250
:105E5000BB4A11685B01C918002909D100264BE132
:105E6000511C994200DA4CE19B1A5B01B549591863
:105E700022002800FFF78CFC06003DE1200000F026
:105E8000FBFAA1782800FFF7FFFAAB4A137802214A
:105E90000B43137001262FE1A74B5B7802AA063251
:105EA000137001232100280000F08AFA012623E163
:105EB000A678A14B5B78B3422CD09F4B5B78002B2C
:105EC0000CD19D4B5E70002E22D031002800FFF7D0
:105ED0006DFC061E12D0FFF7B7FD1BE00021280065
:105EE000FFF730FB2800FFF75CFB934FBB78019373
:105EF0002800FFF705FC019BBB70E2E7C9228B4934
:105F00008B489200FEF790FE8B4B00225A70F3E014
:105F1000FFF79BFD2100280000F03EFA0126EBE090
:105F200021002800FFF720FD0600E5E0A278E378D5
:105F30001B021343012B01D00026DDE07E4A1378BB
:105F400008210B4313702100280000F025FA0126D8
:105F5000D2E0A278E3781B021343012B01D0002684
:105F6000CAE0754A137808218B431370210028007A
:105F700000F012FA0126BFE06F4B1A78510992081F
:105F80000223134001220A40134302AA063213805F
:105F900002232100280000F013FA0126ACE0237947
:105FA0000F2B00D9B3E0644AD3181B79634A1278E7
:105FB000934223D2624A11685B01C918002900D1BB
:105FC000A7E022002800FFF7E3FB061E00D093E0C5
:105FD000237860221A4200D08EE063780A3B012BBE
:105FE00000D989E0002000F041FA63780A2B0ED036
:105FF0002100280000F0D0F901267DE0511C9942D3
:1060000000DA88E09B1A5B014E495918D9E702ABC8
:106010009A1D0023137001332100280000F0D0F9ED
:10602000013669E021797F200840CE0970230B42B8
:1060300017D1414B40001B189B191B7D3F4800782E
:10604000834215D23E4806685B01F618002A19D033
:10605000002E62D0220031002800FFF799FB0600D5
:106060004AE032493248384AFEF7DEFD002643E076
:10607000461C9E4204DB1B1A5B01324E9E19E5E76B
:106080000026E3E76378012B10D0032B0ED0002B02
:1060900045D12800FFF78AFE02AB9A1D108002232B
:1060A0002100280000F08CF9012625E0A078E27894
:1060B0001202024304D1012B19D02800FFF742FE3F
:1060C000002E2ED0220031002800FFF761FB0020B7
:1060D00000F0CCF9184B35229B5CDB07DE0F002B60
:1060E0000AD12100280000F057F9012604E0280019
:1060F000FFF742FEE4E70026300005B0F0BD0026C1
:10610000FAE70026F8E70026F6E70026F4E700267F
:10611000F2E70026F0E70026EEE70026ECE700268F
:10612000EAE70126E8E7C046AC8E0010648F001055
:10613000A4880010F14C0010C42400205441012018
:1061400014230020B08F00109503000030B585B0F7
:10615000FFF78EFC002808D105B030BD01AC2078D7
:10616000FFF710FB2279634B9A70634B1C686269DE
:10617000EFF3108172B61368002BFCD0BFF35F8F72
:10618000A16101A9200001F058FB6269A369BFF376
:106190005F8F0021116083F310880028DCD001ABF1
:1061A0005B78082BE1D89B00544AD3589F4601AB3B
:1061B0001878FFF7E7FAFFF748FCD6E7504B1B7853
:1061C000002B2DD04E4A1378013BDBB213701378AD
:1061D000002BCAD1474B1A78012401210A431A70B7
:1061E0003422995CA1439954995C042081439954C9
:1061F0000132995CA1439954995C8143995401AB54
:10620000187802A9FFF7E0FD0028AED101AC207894
:106210000021FFF7E3F920788021FFF7DFF9A4E7F9
:1062200038493948394AFEF7FFFC95E701AB19793F
:106230007F220A40CC092F4B50001B181B1930330A
:1062400018790125A843187118790335A8431871E6
:10625000002A15D0274B52009B181B191B7D2C4A76
:106260001278934213D22B4A12685B01D318002B89
:1062700015D09C6901A84279039B0078A04774E778
:1062800001A84279039B007800F004F96DE7501CE7
:10629000984204DB9B1A5B011F4A9B18E9E7A42282
:1062A000184919489200FEF7BFFC55E7114B1B78BF
:1062B000DB0700D459E70F4B18780007C00FFFF732
:1062C000C5FB52E70B4B1B78DB0700D44DE7FFF70C
:1062D000BEFB4AE7029B002B00D146E70398984794
:1062E00043E7044BDB78DB0700D43EE70298FFF777
:1062F00036FB3AE7C42400201C250020D48E001071
:1063000056410120908F0010A48800106502000003
:106310005441012014230020B08F001010B5002339
:10632000CB56002B05DB802100230022FFF7C6FCA3
:1063300010BD0021F8E70000F8B50500144B9F8957
:10634000DE89BB1B9BB21C1C402B00D94024A4B28D
:106350000F4B1B785BB2002B08DB0021B74213D038
:106360000C4A23002800FFF7A9FCF8BDB74209D06A
:10637000074B9968402C09D806482200FDF77CF9A4
:106380008021EBE78021E9E70022EAE70020ECE743
:10639000A42400206424002070B506000D00074CE2
:1063A00008222000FDF768F90023A360E381A381A0
:1063B00029003000FFF7B2FF70BDC046A4240020C2
:1063C000F0B5C64600B580460C0016001D001F4BF8
:1063D00008221F001800FDF74FF9BE600023FB8163
:1063E000A379E179090219430B1CA94200D92B1C9E
:1063F00099B2164A9381A279E3791B02134319D00B
:10640000002901D0002E08D04046FFF795FF041E5A
:106410000AD0200080BCB846F0BD0D490D4872225C
:10642000FEF702FC0024F4E709490A487422FEF74B
:10643000FBFBEEE721004046FFF770FF041EE8D1AA
:10644000034904487622FEF7EFFBE2E7A42400208C
:1064500008900010A488001010B5034814220021F1
:10646000FDF704F910BDC046A4240020014B1861BB
:106470007047C046A424002010B50100044C082237
:106480002000FDF7F9F80023A360E381A38110BD8C
:10649000A424002070B505001C00C909314B1B78ED
:1064A000DB098B4216D0002C07D02F492F489D22A4
:1064B000FEF7BAFB0024200070BD2A4C2100FFF734
:1064C0004FF82369002B03D0264A03212800984760
:1064D0000124F0E7234B1B785BB2002B07DB214B39
:1064E000986800283CD022492200FDF7C5F81D4AD3
:1064F000D389A1B25B189BB2D381916809199160CD
:10650000D288934201D03F2C1FD8164B1B69002B19
:1065100005D0144A02212800984700280BD01149C1
:106520002800FFF7FBFE041EC5D10F490F48C52206
:10653000FEF77AFBBFE700212800FFF74FF8802124
:106540002800FFF74BF80124B5E72800FFF7F4FE19
:10655000041EB0D104490548CD22FEF765FBAAE729
:106560000024A8E7A4240020F08F0010A4880010C5
:106570006424002070B50500FFF76AFA002802D1F4
:106580000024200070BDFFF76BFA041EF8D11C4BED
:10659000C8226A439B18DB78002BF1D0C8266E43D3
:1065A0001036174BF618300001F030F93F28E8D9C3
:1065B000134BC8226A439B18D9780020FFF756FB7B
:1065C000002801D10400DCE7300001F01FF93F286A
:1065D0000DD9EA010B4BD218094BC82169435B184E
:1065E000D97840230020FFF769FB0400C9E7044B7A
:1065F000C8226A439B18D9780020FFF74BFBC0E7FD
:106600009C2300201823002010B50400FFF720FA77
:10661000002801D1002010BDFFF722FA002808D180
:10662000064BC82262439B181B79DB0703D5013058
:10663000F1E70020EFE70020EDE7C0469C230020B3
:1066400010B5C823434310330248181801F0ACF8C2
:1066500010BDC0469C23002070B50400C8206043D4
:106660000300103307481818074B9A4208D892B213
:1066700001F004F905002000FFF77CFF280070BD41
:10668000024AF5E79C230020FEFF0000FFFF000008
:1066900070B50500FFF7DCF9002801D1002070BDBE
:1066A000FFF7DEF90028F9D1C8246C432034204BD1
:1066B000E4180434200001F077F8002801D100200C
:1066C000EDE71B4BC8226A439B1899780020FFF71F
:1066D000CDFA002801D10020E1E7EE014036154B4C
:1066E000F61840223100200001F0C8F8041E14D032
:1066F0000F4BC8226A439B18997803003200002090
:10670000FFF7DCFA002801D02000C8E70A490B484F
:10671000D522FEF789FA0020C1E7054BC8226A435B
:106720009B1899780020FFF7B5FA0020B7E7C0461C
:106730009C2300201823002038900010A48800100B
:1067400070B50500C824444320340C4BE4180434CD
:106750000B4B9A420BD892B2200001F0C6F806000B
:10676000200001F021F83F2803D8300070BD054A11
:10677000F2E72800FFF78CFFF7E7C0469C230020D4
:10678000FEFF0000FFFF000010B5C8235843203073
:10679000024BC018043001F039F810BD9C230020D2
:1067A000F0B5CE46474680B583B02648C8220021C2
:1067B000FCF75CFF244B00221A700027002F04D046
:1067C00003B0C0BCB946B046F0BD1E4EC8247C43E1
:1067D0003519FF236B71E1235B02AB600023984600
:1067E0002B736B730833AB73210038318919200088
:1067F00010308019434600930133402200F096FF89
:1068000021007831891920002030801904300123BB
:106810000093402200F08AFF2300B8339946B14428
:106820004846FAF7DFFFC034A4192000FAF7DAFF70
:106830004346EB614B462B622C6343466B63013747
:10684000FFB2BBE79C2300209823002010B5002353
:10685000002B01D0012010BD19000D4AC82058435B
:106860001218106A146B002806D0094AC820584331
:1068700012180020D0611062002C06D0044AC820F3
:10688000414352180021116351630133DBB2DFE74A
:106890009C23002070B50024002C00D070BD250082
:1068A000C8206043154BC01805220021FCF7DEFE0E
:1068B000134B1B78DB070FD5114B1B789B0713D5A8
:1068C000C820684320300D4BC0180430012101F06E
:1068D00030F80134E4B2DFE7C82060431030074BE2
:1068E000C01801F007F8E7E7C82068432030034BE1
:1068F000C018043000F0FEFFE2E7C0469C230020F1
:1069000098230020F0B585B003904B79022B63D11A
:106910008B79022B64D10027002F07D0002F0FD1D5
:106920008B7833700C780C19092515E0C8237B434C
:106930002C4E9E19B378002BF0D00137FFB2EBE755
:10694000422229492948FF32FEF76EF9002544E02A
:1069500023785D19ADB2E4186378242B01D19542F8
:10696000F6D9052B09D06378042B02D163790A2B61
:1069700018D03800FFF7FEFD2FE021000398FFF745
:1069800001F9002806D0A378737023785D19ADB2A1
:10699000E418E8E7542214491448FF32FEF744F99A
:1069A00000251AE021784D19ADB26118B31C01938E
:1069B000F31C0093022302220398FFF713F9002827
:1069C00002D00E35ADB2D4E7B122074907485200D4
:1069D000FEF72AF9002500E00025280005B0F0BDEB
:1069E0000025FAE79C2300202C900010A4880010BA
:1069F000F8B51400127860231340202B00D082E0F9
:106A00000025002D0ED0002D00D07EE06378222BD3
:106A100042D017D8202B1FD0212B11D1012933D0E0
:106A2000012071E0C8236B433C4A9E18D25C277951
:106A300063791B023B439A42E5D00135EDB2E0E7B2
:106A4000002061E0232B05D101294BD003294ED032
:106A5000012059E0002057E0012903D0032909D083
:106A6000012051E03200083207232100FFF7A8FC83
:106A7000012049E02A4B002B49D031000831280081
:106A8000FEF758F901203FE03200083207232100C9
:106A9000FFF796FC012037E0012903D0032906D037
:106AA000012031E02100FFF777FC01202CE0A278E3
:106AB000E3781B021343012427001F405A081440A7
:106AC000337101217940C9B23000243000F031FF28
:106AD000144B002B1DD022003900280000E000BF1D
:106AE000012011E02100FFF757FC01200CE00E4BC4
:106AF000002B10D0A378E17809021943280000E0A8
:106B000000BF012000E00020F8BD0020FCE70120CC
:106B1000FAE70120F8E70120F6E7C0469C230020B1
:106B2000354D00100000000000000000F0B5D64612
:106B3000474680B583B001900F0000930024002CDD
:106B40000FD0002C1AD1A046EB78BB421ED0AB78F8
:106B5000BB4254D00124200003B0C0BCBA46B046AA
:106B6000F0BDC82565433C4BED18EB78BB42E8D03F
:106B7000AB78BB42E5D00134E4B2E0E7E622374926
:106B800037485200FEF750F80024E4E710239A46F5
:106B9000AA44E101334BC9186B461A88504600F0ED
:106BA000A4FE314B002B1AD06B79FF2B17D0002697
:106BB00000E00136009B9E4211D26A79294B414682
:106BC000C9015B189B5D9A42F3D1504600F002FE6A
:106BD0000028EED16979200000E000BFE9E7234BEF
:106BE000002B04D0504600F0F5FD002803D0200013
:106BF000FFF7C0FCABE7200000E000BFF7E71C4B4D
:106C0000002B02D0200000E000BF2000FFF740FD75
:106C1000002801D001249EE72800243000F0C4FDA4
:106C2000002815D1009B002B14D09E0601D0012412
:106C300091E7A9780198FFF719F8041E01D1012402
:106C400089E7A978002300220198FFF737F882E747
:106C5000012480E701247EE79C2300201C90001083
:106C6000A48800101823002000000000000000008D
:106C700000000000002817D10C4B932292004243E1
:106C80009B182A33FF331B78002B09D1074B932223
:106C9000920042439B185B79002B03D0013004E043
:106CA000012002E0002000E0002070476026002064
:106CB00010B5002801D0002010BD93218900414368
:106CC000024BC918043100F001FBF5E760260020F3
:106CD000F0B5D6464F464646C0B584B0214893220B
:106CE00092000021FCF7C2FC0025002D05D004B065
:106CF000E0BCBA46B146A846F0BD9324A4006C435C
:106D000023004933FF33174A91464B440433EE01C5
:106D1000154A9246B21820002930FF3048444021DD
:106D200088460391029280277F00019700930023F9
:106D30000022002100F057FA230020334B4408338F
:106D4000403656442000484404304246039202969E
:106D50000197009300233F3A002100F044FA0135E7
:106D6000EDB2C2E760260020E025002070B50025C6
:106D7000002D01D0012070BD9324A4006C4320009D
:106D80002930FF30054E801900F05EFAA01904305A
:106D900000F05AFA0135EDB2EAE7C046602600205D
:106DA000F0B5C64600B50025002D02D080BCB8461F
:106DB000F0BD9324A4006C430C4B9846E6180027C2
:106DC000377020003130FF30404400F093FD08342C
:106DD00020004044043000F08DFD33002A33FF339F
:106DE0001F7077710135EDB2DEE7C04660260020E6
:106DF000F0B5C64600B582B001900F004B79FF2B6D
:106E000000D08CE00C780C19A5180026002E01D0BB
:106E1000002085E03000FFF72DFF002802D001366A
:106E2000F6B2F3E793239B0073433F4A984690449E
:106E3000BB784246137033E0AC426DD2210001981A
:106E4000FEF7A0FE002836D00136F6B2A378DB09A3
:106E5000012B37D040463130FF3000F04BFDA17898
:106E60009422520043469B185970217963791B0282
:106E70000B435B055B0D2D498C46634459424B41E6
:106E80005B004146895C022081430B4341468B54A1
:106E90008918019800F05CFA002836D02378E418AD
:106EA0003B79B34238D96378052BC5D0AC42C3D205
:106EB0002378E418F7E71E491E48E022FDF7B4FEE8
:106EC00000202DE040460C3000F014FDA37842462F
:106ED0005371227963791B0213435B055B0D134ADF
:106EE000944663445A4253415B0042461279022160
:106EF0008A431343424613710B4BD31A9B100E481F
:106F00005843C0B2FFF7D4FEC8E709490948E82250
:106F1000FDF78AFE002003E0E01B80B200E00020C5
:106F200002B080BCB846F0BD6026002000FEFFFF26
:106F300050900010A48800109B1DB508F0B583B0D8
:106F400006001D000024002C0CD0002C57D1019409
:106F50002A23FF33FB5C8B4215D07B798B4236D0E2
:106F600001204DE093239B006343264FDF193B0034
:106F70002A33FF331B788B42E7D07B798B42E4D0F6
:106F80000134E4B2DFE73B003133FF339B88002B51
:106F900012D11D4B002B07D0019BD9011B4BC918E7
:106FA000AAB2200000E000BF39002931FF313000D3
:106FB00000F0CEF9012023E03B002933FF3359686C
:106FC000AAB238003130FF3000F08FFCE1E7104BFF
:106FD000002B04D02904090C200000E000BF3C1D58
:106FE0002100300000F072F9002801D0012007E0F4
:106FF0002A002100300000F029F9012000E00020E3
:1070000003B0F0BD6026002000000000E025002055
:107010000000000010B582B000290AD001281CD859
:107020000B78002B19D0164A1354012B1ED00124C3
:1070300019E001A901230B7000234B700020FEF71B
:1070400021FD041E03D00E4B01221A700BE00D49E6
:107050000D484722FDF7E8FD05E00A490A485A2293
:10706000FDF7E2FD0024200002B010BDFEF70AFD8E
:10707000041EF8D1034904485F22FDF7D5FDF2E76D
:10708000B8240020D0900010A488001070B504002F
:107090000D000378DB07D80F002B1DD123785B0789
:1070A000DE0F002B19DB01214942280000F0E0FC33
:1070B0002378DB07DA0F002B07D123785B0709D48D
:1070C00023780422134323700126280000F0B0FC2B
:1070D000300002E01600F8E7002070BD70B5060031
:1070E0000C0001214942200000F0C2FC33785B070C
:1070F000DD0F002B04DB200000F09AFC280070BD9F
:107100003378DB0704D43378042293433370F2E7F7
:107110000025F0E710B5027943791B0213435B05A4
:107120005B0DC2789207920F022A14D0032A2DD049
:10713000012A3CD1022904D01E4A9A4204D30120DC
:1071400036E08022D200F8E71B491C48D122FDF727
:107150006BFD00202CE0022903D0402B0FD801202A
:1071600026E080229200934201D1012020E01249C2
:107170001248293AFF3AFDF757FD002018E00E4962
:107180000E48DB22FDF750FD002011E0022904D05B
:1071900040229A4204D301200AE08022D200F8E77C
:1071A00005490648E122FDF73FFD002000E00020F0
:1071B00010BDC046FF030000BC900010A488001062
:1071C00030B58A1801E00C78091991420AD24C783E
:1071D000052CF8D18D787A342C4064000419ED091F
:1071E0006355F0E730BDF0B585B0040003920AAAFC
:1071F00040CA17880DAA158801220A40017801208B
:1072000081431143217020000830009301233A008C
:10721000310000F08BFA002E01D0002F05D10C9B1D
:1072200063606580012005B0F0BD26001C3630008B
:10723000FAF7D8FA039B002B04D0330000266361D1
:10724000A661ECE70023FAE701207047F8B50600D5
:107250000C0015000B789B0711D58027BF0020007C
:10726000083000F0A1FA002825D1002D25D0013FDB
:107270003D4224D12378DB0703D500201CE04027C2
:10728000EDE761783000FEF7F1FC0028F5D02378B7
:10729000DB0707D5B5220B490B485200FDF7C4FCAC
:1072A000002009E06178002300223000FEF706FD8F
:1072B000002801D1EEE70020F8BD0020FCE7002007
:1072C000FAE7C04698900010A488001070B5050039
:1072D0000C000E000836300000F066FA002830D0AE
:1072E0002378DB0701D5002070BD61782800FEF708
:1072F000BDFC0028F7D061686288300000F0BEFA5B
:10730000061E14D02378DB0707D5BC220E490F4890
:107310005200FDF789FC0020E6E76268617803000F
:107320002800FEF7CBFC0028EFD03000DCE7237804
:10733000DB0701D50020D7E761782800FEF7AAFC1B
:10734000F8E70020D0E7C0467C900010A488001029
:10735000F8B505000C008B89002B22D10B78DB07D8
:1073600001D50020F8BD4978FEF780FC0028F8D050
:1073700063882278D20707D5D92230493048520095
:10738000FDF752FC0020EDE76178002B07D0626822
:107390002800FEF793FC0028EED06088E2E7002288
:1073A000F6E70B789B070DD58026B6002700083737
:1073B000380000F02BFA86423DD82378DB0703D54E
:1073C0000020CFE74026F1E761782800FEF74EFC69
:1073D0000028F5D0380000F019FA864221D876420C
:1073E000B6B262883040031C904200D9131C9EB292
:1073F0002378DB0707D5C82210491148FF32FDF773
:1074000013FC0020AEE76178002E08D062683300DC
:107410002800FEF753FC0028EDD03000A2E7002240
:10742000F5E72378DB0701D500209BE7617828008A
:10743000FEF730FCF8E7002094E7C04660900010AB
:10744000A488001003008A1890B2814202D85A0022
:10745000904203DB5B009BB2C01A80B2704770B5EC
:1074600005000800AC889A420BD3D11A89B20029D2
:107470001ED08C4210D2944209D8121B93B26B8159
:107480000AE0D11A89B26600891989B2EFE7A21819
:1074900093B2F4E71B1B9BB29C42FBD92968EA8894
:1074A0005204520C5343C918FCF7E6F8012070BD92
:1074B0000020FCE7F8B5CE46474680B505008C466F
:1074C00008A909788488E01A80B21C1B1419A4B298
:1074D000EF887F047E0C07007743BFB27443A4B2E9
:1074E000A1462C68A04673434344002906D190422C
:1074F00008D3724319006046FCF7BEF8C0BCB94619
:10750000B046F8BD3A00190064462000FCF7B4F814
:107510002968E0194A46FCF7AFF8EFE7F0B5C64630
:1075200000B582B01E0008AB1B8809AC27788488A0
:107530009E420FD3F51AADB2002D1FD0AC4205D23A
:10754000B44210D8331B9BB24381250095420FD320
:1075500015000DE0F51AADB2A8466500AC464546EB
:107560006544ADB2E8E7A619B3B2EDE71B1B9BB2C9
:107570009C42FBD900972A00FFF79CFF280002B02D
:1075800080BCB846F0BDF0B583B004000D00160015
:107590001F000069002803D00121494200F068FA69
:1075A00023899BB262890197009232002900200052
:1075B000FFF7B4FF0500618989B2A0882A00FFF7B0
:1075C00041FF60812069002801D000F031FA2800D5
:1075D00003B0F0BDF8B5CE46474680B505008C46F1
:1075E00008A90878AC88E11A89B21C1B1419A4B246
:1075F000EF887F047E0C0F007743BFB27443A4B2C0
:10760000A1462C68A04673434344002806D191420A
:1076100008D3724361461800FCF72EF8C0BCB94687
:10762000B046F8BD3A00644621001800FCF724F883
:107630002868E1194A46FCF71FF8EFE7F0B585B076
:1076400006000391171E029300D16DE0C068002868
:1076500003D00121494200F00BFA3489A4B27189A8
:1076600089B2F379DB0918D1B3888C420FD3611A40
:1076700089B28B4256D95B1A9BB23A1C9F4200D901
:107680001A1C95B2002D45D0B288230033E0611A50
:1076900089B25A00891889B2EBE7B588BD420ED885
:1076A000029B002B21D17B1BF7887F047F0C5F435B
:1076B000039B9C46BC44634603930C00E2E78C4268
:1076C0000DD3631A9BB2DB196A0093420FDBEA1BEE
:1076D00092B22800FFF7B6FE04003D00D2E7631A1D
:1076E0009BB26A009B189BB2EDE70C00CAE73D0015
:1076F000C8E79B1A9BB29A42FBD9029A00922A00D1
:1077000003993000FFF766FFB0882A002100FFF7D9
:1077100099FE3081F068002801D000F089F9280036
:1077200005B0F0BD0025F5E71500F8E7F0B583B02A
:107730000400019116001D0008AB1F7880231B0276
:107740009A422DD8C068002803D00121494200F098
:107750008FF92069002803D00121494200F088F9FF
:10776000019B2360A6806D046B0CE588ED0BED0397
:107770001D43E580FB01E2797F2717401F43E77136
:10778000002363812381E068002801D000F050F9D4
:107790002069002806D000F04BF9012003B0F0BDAD
:1077A0000020FBE70120F9E710B5828801898BB240
:1077B000408984B2884207D81B1B9BB2101C9A4296
:1077C00000D9181C80B210BD1B1B9BB251005B1866
:1077D0009BB2F3E703894089181A43425841C0B26B
:1077E000704710B58488028993B2418988B291426A
:1077F00006D81B1A9BB20020A3424041C0B210BD64
:107800001B1A9BB262009B189BB2F4E710B58288EA
:1078100001898BB2408984B2884206D81B1B9BB277
:107820009A4208D9D01A80B210BD1B1B9BB25100DE
:107830005B189BB2F4E70020F6E770B504000D007A
:107840000069002803D00121494200F011F9228982
:1078500092B263899BB229002000FFF700FE050069
:10786000618989B2A0882A00FFF7ECFD6081206958
:10787000002801D000F0DCF8280070BD10B500230E
:10788000FFF781FE10BDF8B504000E00C0680028A7
:1078900003D00121494200F0EBF82589ADB2200068
:1078A000FFF79FFF002802D0E779FF0916D0A288D2
:1078B0002B0001E09B1A9BB29A42FBD92068E28818
:1078C0005204520C5343C0183100FBF7D5FEA08878
:1078D00001222900FFF7B6FD20810127E06800287A
:1078E00001D000F0A5F83800F8BD10B50023FFF76F
:1078F000A5FE10BD10B50400C068002803D001210A
:10790000494200F0B5F82069002803D0012149421E
:1079100000F0AEF8002363812381E068002801D0E5
:1079200000F086F82069002801D000F081F80120DD
:1079300010BD70B504000D00C068002803D00121FF
:10794000494200F095F82069002803D001214942FE
:1079500000F08EF8ED01E3797F2119402943E171B0
:10796000E068002801D000F063F82069002801D009
:1079700000F05EF8012070BD0123084A1360084A38
:107980001360084B1A6801239343FAD1064B012276
:107990001A60054B1B68DB05FBD5704700E0004013
:1079A00000F0004008C0004000C0044010B583074C
:1079B0000AD00300032102E001330B4205D01A78FC
:1079C000002AF9D1181A10BD030019680C4A0D4C91
:1079D0008A188A4322420FD15968094A04338A1807
:1079E0008A43224208D15968054A04338A188A43D7
:1079F0002242F1D000E001331A78002AFBD1E1E7FE
:107A0000FFFEFEFE80808080F8B5C04600000000CA
:107A100001B40248844601BC604700BF2D07002026
:107A200001B40248844601BC604700BFF502002053
:107A300001B40248844601BC604700BF090200202F
:107A400001B40248844601BC604700BF3D0B0020E2
:107A500001B40248844601BC604700BF3D0B0020D2
:107A600001B40248844601BC604700BFC100002049
:107A700001B40248844601BC604700BFCD0100202C
:107A800001B40248844601BC604700BF590700208A
:107A900001B40248844601BC604700BF9901002040
:107AA00001B40248844601BC604700BF8108002041
:107AB00001B40248844601BC604700BF2908002089
:107AC00001B40248844601BC604700BF350800206D
:107AD00001B40248844601BC604700BFE1030020B6
:107AE00091250010BD250010512700105D360010B3
:107AF000092E00105131001085260010D9250010E4
:107B0000F92500100D2600101D1800101526001074
:107B1000C12000107D250010311300103D520010CF
:047B2000B10200109E
:107B280050726573732027742720696E2074686506
:107B38002073657269616C207465726D696E616C21
:107B48002C207468656E2073617920796F757220B6
:107B580077616B6520776F72642E2E2E000000000F
:107B680054656D706C6174652063617074757265BD
:107B78006421000052656164792E20507265737328
:107B88002027742720746F206361707475726520D4
:107B980074656D706C6174652C2027722720746F72
:107BA8002072657365742074656D706C6174652EE0
:107BB8000000000053747265616D696E67E280A60B
:107BC800000000005B4B57535D2057616B652077C1
:107BD8006F726420646574656374656421000000D5
:107BE80054656D706C61746520636C656172656461
:107BF8002E0000006D616E75666163747572657242
:107C0800203D3D204D414E55464143545552455225
:107C18005F52504900000000433A2F557365727354
:107C28002F4A6F686E6E792056752F2E7069636FB4
:107C38002D73646B2F73646B2F322E322E302F739B
:107C480072632F7270323034302F7069636F5F70D7
:107C58006C6174666F726D2F706C6174666F726D93
:107C68002E63000070617274203D3D2050415254D3
:107C78005F525032000000000A2A2A2A2050414E42
:107C88004943202A2A2A0A000A0000004E6F20735E
:107C980070696E6C6F636B732061726520617661C9
:107CA800696C61626C65000030783163203D3D206D
:107CB800282A696E7374293E3E3131750000000030
:107CC800433A2F55736572732F4A6F686E6E792029
:107CD80056752F2E7069636F2D73646B2F73646BE9
:107CE8002F322E322E302F7372632F7270325F63F1
:107CF8006F6D6D6F6E2F68617264776172655F6911
:107D080072712F6972712E630000000064656C74D3
:107D180061203E3D202D32303438202626206465EF
:107D28006C7461203C3D20323034362026262021D8
:107D38002864656C7461202620312900637572728D
:107D4800656E74203D3D205F5F756E68616E646C82
:107D580065645F757365725F697271207C7C2063EE
:107D6800757272656E74203D3D2068616E646C6545
:107D7800720000006972715F68616E646C65725FA1
:107D8800636861696E5F667265655F736C6F745F67
:107D980068656164203E3D203000000076746162B1
:107DA8006C655F68616E646C6572203D3D205F5F45
:107DB800756E68616E646C65645F757365725F6922
:107DC80072710000212828282875696E74707472F1
:107DD8005F742972656D6F76655F7468756D625F33
:107DE80062697428767461626C655F68616E646C40
:107DF80065722929202D20282875696E747074727F
:107E08005F74296972715F68616E646C65725F6323
:107E18006861696E5F736C6F7473292920252073FC
:107E2800697A656F662873747275637420697271F4
:107E38005F68616E646C65725F636861696E5F73C9
:107E48006C6F74292900000069735F73686172653B
:107E5800645F6972715F7261775F68616E646C6597
:107E68007228736C6F745F68616E646C6572290048
:107E7800657863657074696F6E000000666F756E73
:107E8800640000004E6F207573657220495251736B
:107E98002061726520617661696C61626C650000C1
:107EA80031203D3D202875696E747074725F7429A5
:107EB8006C2D3E7370696E5F6C6F636B0000000021
:107EC800433A2F55736572732F4A6F686E6E792027
:107ED80056752F2E7069636F2D73646B2F73646BE7
:107EE8002F322E322E302F7372632F636F6D6D6FAA
:107EF8006E2F7069636F5F73796E632F6D7574652C
:107F0800782E6300746F74616C0000006D74782DB6
:107F18003E636F72652E7370696E5F6C6F636B0082
:107F28006C6F636B5F69735F6F776E65725F6964AF
:107F38005F76616C6964286D74782D3E6F776E6525
:107F4800722900006D74782D3E656E7465725F63EA
:107F58006F756E7400000000706F6F6C2D3E746951
:107F68006D65725F616C61726D5F6E756D203D3D10
:107F78002074696D65725F616C61726D5F6E756D9D
:107F880000000000433A2F55736572732F4A6F68DB
:107F98006E6E792056752F2E7069636F2D73646B22
:107FA8002F73646B2F322E322E302F7372632F6330
:107FB8006F6D6D6F6E2F7069636F5F74696D652F7C
:107FC80074696D652E63000064656661756C745F25
:107FD800616C61726D5F706F6F6C5F696E697469F7
:107FE800616C697A65642829000000004174746531
:107FF8006D7074656420746F20736C65657020699A
:108008006E73696465206F6620616E2065786365AC
:108018007074696F6E2068616E646C65723B207560
:10802800736520627573795F77616974206966206A
:10803800796F75206D757374000000004861726473
:108048007761726520616C61726D20256420616CB6
:10805800726561647920636C61696D656400000014
:1080680076636F5F66726571203E3D205049434FCD
:108078005F504C4C5F56434F5F4D494E5F465245EB
:10808800515F485A2026262076636F5F66726571B5
:10809800203C3D205049434F5F504C4C5F56434F66
:1080A8005F4D41585F465245515F485A00000000F5
:1080B800433A2F55736572732F4A6F686E6E792035
:1080C80056752F2E7069636F2D73646B2F73646BF5
:1080D8002F322E322E302F7372632F7270325F63FD
:1080E8006F6D6D6F6E2F68617264776172655F7016
:1080F8006C6C2F706C6C2E63000000006662646903
:1081080076203E3D20313620262620666264697638
:10811800203C3D203332300028706F73745F6469EF
:108128007631203E3D203120262620706F73745F03
:1081380064697631203C3D20372920262620287086
:108148006F73745F64697632203E3D2031202626A5
:1081580020706F73745F64697632203C3D20372944
:10816800000000007265665F66726571203C3D2004
:108178002876636F5F66726571202F20313629007B
:108188006D697373696E6720646F75626C652066CC
:10819800756E6374696F6E002A282875696E743865
:1081A8005F74202A29282828766F6964202A297272
:1081B8006F6D5F7461626C655F666C6F6174292DA9
:1081C800322929202A2034203E3D2053465F54413D
:1081D800424C455F56325F53495A4500433A2F5542
:1081E800736572732F4A6F686E6E792056752F2EDD
:1081F8007069636F2D73646B2F73646B2F322E322B
:108208002E302F7372632F7270325F636F6D6D6FD4
:108218006E2F7069636F5F646F75626C652F646F32
:1082280075626C655F696E69745F726F6D5F72709D
:10823800323034302E6300002A282875696E74386D
:108248005F74202A29726F6D5F7461626C652D32CC
:1082580029202A2034203E3D2053465F5441424C79
:10826800455F56325F53495A45000000433A2F553F
:10827800736572732F4A6F686E6E792056752F2E4C
:108288007069636F2D73646B2F73646B2F322E329A
:108298002E302F7372632F7270325F636F6D6D6F44
:1082A8006E2F7069636F5F666C6F61742F666C6F99
:1082B80061745F696E69745F726F6D5F727032307E
:1082C80034302E63000000004465627567000000CA
:1082D800626F6F74325F773235713038300000006A
:1082E800322E322E300000007069636F5F77000015
:1082F8006B77735F66656174757265730000000063
:10830800536570202035203230323500666E692B77
:1083180000000000666E69006E616E00666E692D71
:10832800000000002C2066756E6374696F6E3A2039
:1083380000000000617373657274696F6E202225F6
:108348007322206661696C65643A2066696C6520F1
:10835800222573222C206C696E65202564257325DF
:10836800730A000072630000433A2F5573657273F5
:108378002F4A6F686E6E792056752F2E7069636F5D
:108388002D73646B2F73646B2F322E322E302F7344
:1083980072632F7270325F636F6D6D6F6E2F7069CD
:1083A800636F5F737464696F2F737464696F2E638E
:1083B8000000000066616C7365000000433A2F55A9
:1083C800736572732F4A6F686E6E792056752F2EFB
:1083D8007069636F2D73646B2F73646B2F322E3249
:1083E8002E302F7372632F7270325F636F6D6D6FF3
:1083F8006E2F7069636F5F737464696F5F75736202
:108408002F737464696F5F7573622E6300000000D8
:1084180055534220737464696E202F207374646FFF
:1084280075740000526173706265727279205069C8
:10843800000000005069636F00000000426F617225
:1084480064204344430000005265736574000000D3
:108458006C656E203E203000433A2F557365727369
:108468002F4A6F686E6E792056752F2E7069636F6C
:108478002D73646B2F73646B2F322E322E302F7353
:1084880072632F7270325F636F6D6D6F6E2F7069DC
:10849800636F5F756E697175655F69642F756E6965
:1084A8007175655F69642E6300000000636F6E6E0E
:1084B8006563745F696E7465726E616C5F666C612A
:1084C80073685F66756E6320262620666C61736824
:1084D8005F657869745F7869705F66756E6320267A
:1084E8002620666C6173685F666C7573685F63618C
:1084F8006368655F66756E6320262620666C617307
:10850800685F656E7465725F636D645F7869705FDC
:1085180066756E6300000000433A2F5573657273E9
:108528002F4A6F686E6E792056752F2E7069636FAB
:108538002D73646B2F73646B2F322E322E302F7392
:1085480072632F7270325F636F6D6D6F6E2F68612B
:108558007264776172655F666C6173682F666C61BF
:1085680073682E6300000000666C6173685F6F6655
:108578006673202B20636F756E74203C3D20504934
:10858800434F5F464C4153485F53495A455F4259F0
:1085980054455300636F6E6E6563745F696E7465EE
:1085A800726E616C5F666C6173685F66756E63207E
:1085B800262620666C6173685F657869745F7869E0
:1085C800705F66756E6320262620666C6173685F2F
:1085D80072616E67655F65726173655F66756E630C
:1085E80020262620666C6173685F666C7573685F09
:1085F80063616368655F66756E630000636F6E6EC6
:108608006563745F696E7465726E616C5F666C61D8
:1086180073685F66756E6320262620666C617368D2
:108628005F657869745F7869705F66756E63202628
:108638002620666C6173685F72616E67655F707231
:108648006F6772616D5F66756E6320262620666CA3
:108658006173685F666C7573685F63616368655FA3
:1086680066756E6300000000636F6E6E6563745F0D
:10867800696E7465726E616C5F666C6173685F6663
:10868800756E6320262620666C6173685F6578695D
:10869800745F7869705F66756E6320262620666C45
:1086A8006173685F666C7573685F63616368655F53
:1086B80066756E63000000006E6578745F627566AB
:1086C8006665725F707472203C207573625F6470B7
:1086D80072616D2D3E6570785F64617461202B2036
:1086E80073697A656F66287573625F647072616D0D
:1086F8002D3E6570785F646174612900433A2F5597
:10870800736572732F4A6F686E6E792056752F2EB7
:108718007069636F2D73646B2F73646B2F322E3205
:108728002E302F6C69622F74696E797573622F739E
:1087380072632F706F727461626C652F72617370EF
:10874800626572727970692F7270323034302F64BA
:1087580063645F7270323034302E6300556E686126
:108768006E646C65642049525120307825780A007F
:108778007268706F7274203D3D2030002128627548
:10878800665F6374726C2026205553425F425546DB
:108798005F4354524C5F46554C4C2900433A2F5581
:1087A800736572732F4A6F686E6E792056752F2E17
:1087B8007069636F2D73646B2F73646B2F322E3265
:1087C8002E302F6C69622F74696E797573622F73FE
:1087D80072632F706F727461626C652F726173704F
:1087E800626572727970692F7270323034302F720C
:1087F80070323034305F7573622E63006275665F65
:108808006374726C2026205553425F4255465F437D
:1088180054524C5F46554C4C0000000065702025B2
:108828003032582077617320616C726561647920F9
:10883800617661696C61626C6500000043616E2756
:108848007420636F6E74696E756520786665722032
:108858006F6E20696E616374697665206570202586
:10886800303258005741524E3A207374617274691D
:108878006E67206E6577207472616E73666572200C
:108888006F6E20616C7265616479206163746976CA
:108898006520657020253032580D0A002573202583
:1088A800643A20415353455254204641494C45446B
:1088B8000D0A00007270323034305F636869705F8F
:1088C80076657273696F6E006972715F6164645F67
:1088D8007461696C5F746F5F667265655F6C6973FC
:1088E800740000006D616B655F6A5F3136000000DF
:1088F8007265736F6C76655F6A5F313600000000E1
:108908006972715F6164645F7368617265645F68EE
:10891800616E646C657200006972715F7365745F83
:108928006578636C75736976655F68616E646C659C
:10893800720000006D757465785F65786974000071
:108948006D757465785F656E7465725F626C6F6370
:108958006B5F756E74696C0072756E74696D655FB6
:10896800696E69745F6D757465780000616C617219
:108978006D5F706F6F6C5F6765745F646566617566
:108988006C740000616C61726D5F706F6F6C5F6911
:1089980072715F68616E646C65720000706C6C5F08
:1089A800696E6974000000005F5F61656162695FFC
:1089B800646F75626C655F696E6974005F5F61659D
:1089C8006162695F666C6F61745F696E69740000EB
:1089D80006005250D3F07542D08200100600525063
:1089E800E182887FD882001006005250ABB36053F2
:1089F800E882001006005250BBFF3CB6F08200101F
:108A080006005250861C0302F882001006005250DD
:108A18005422A29D0883001005005250DE65F468B8
:108A2800149D00101A420010324200103242001009
:108A3800264200103242001032420010324200102A
:108A4800324200103242001032420010324200100E
:108A58000E42001032420010024200103242001052
:108A680032420010F6410010124300104243001039
:108A78006443001042430010EC42001042430010CF
:108A8800424300104243001042430010424300108A
:108A98004243001042430010344300104243001088
:108AA800424300104243001042430010424300106A
:108AB80074430010F84700100E4800100E480010CC
:108AC8000E4800100E4800100E4800100E48001006
:108AD8000E4800100E4800100E4800100E480010F6
:108AE8000E4800100E4800100E4800100E480010E6
:108AF8000E4800100E4800100E4800100E480010D6
:108B08000E4800100E4800100E4800100E480010C5
:108B18000E4800100E4800100E4800100E480010B5
:108B28000E4800100E4800100E4800100E480010A5
:108B38000E48001026460010E24500102646001098
:108B48000E4800100E4800100E4800100E48001085
:108B58000E4800100E4800100E4800100E48001075
:108B68000E4800100E4800100E4800100E48001065
:108B78000E4800100E4800100E4800100E48001055
:108B8800C24300100E4800100E4800100E48001096
:108B98000E4800100E4800100E4800100E48001035
:108BA8000E4800100E480010C24300107E46001008
:108BB800C243001026460010E24500102646001069
:108BC800000000000000F03F00000000000024400A
:108BD80000000000000059400000000000408F40E5
:108BE800000000000088C34000000000006AF84050
:108BF8000000000080842E4100000000D012634174
:108C08000000000084D797410000000065CDCD41E9
:108C1800737464696F5F676574636861725F7469B0
:108C28006D656F75745F7573000000000D0A0000B4
:108C380000000000414C001000000000454C0010EE
:108C4800514C0010894C0010854C001000000000A9
:108C58000A00000000000306A60008000200020047
:108C68009C001400030057494E5553420000000071
:108C780000000000000080000400010028004400FB
:108C88006500760069006300650049006E007400A5
:108C980065007200660061006300650047005500CA
:108CA8004900440000004E007B006200630037006A
:108CB800330039003800630031002D0037003300DD
:108CC800630064002D0034006300620037002D004B
:108CD80039003800620038002D00390031003300B7
:108CE80061003800660063006100370062006600BA
:108CF80036007D0000000000050F2100011C100552
:108D080000DF60DDD88945C74C9CD2659D9E648A8A
:108D18009F00000306A60001000000000600525054
:108D280053B4F4A118840010737464696F5F757389
:108D3800625F696E69740000000000002C840010F6
:108D48003C840010404101204484001050840010ED
:108D580009025400030100807D080B000202020092
:108D68000009040000010202000405240020010596
:108D780024010001042402060524060001070581D8
:108D88000308001009040100020A00000007050298
:108D980002400000070582024000000904020000AA
:108DA800FF00010512011002EF0201408A2E0A009D
:108DB80000010102030100007069636F5F67657459
:108DC8005F756E697175655F626F6172645F696412
:108DD8005F737472696E6700666C6173685F646F55
:108DE8005F636D64000000006463645F65647074B1
:108DF8005F786665720000006463645F7365745F22
:108E080061646472657373006463645F696E745F40
:108E1800656E61626C65000068775F656E64706F8F
:108E2800696E745F616C6C6F630000006463645FFB
:108E3800696E69740000000073796E635F65705F26
:108E480062756666657200001E5A00107E59001031
:108E5800BA590010EE5900101E5A00101E5A001080
:108E68000A5A0010BA5900101E5A00101E5A001053
:108E78001E5A00101E5A00101E5A00101E5A0010CA
:108E88001E5A0010A0590010700900207009002017
:108E980052090020120A0020B4090020C809002045
:108EA800FC0A0020785F0010525F00100A61001071
:108EB8002C5F00100A6100107C5E0010205F00101B
:108EC8000A610010985E0010B05E00106A61001020
:108ED8005C610010AE610010E2620010AC6200102C
:108EE800C4620010BC6100102C620010D462001033
:108EF800757362645F656470745F7866657200009C
:108F0800757362645F656470745F6F70656E00008E
:108F1800757362645F6F70656E5F656470745F70AF
:108F28006169720071756575655F6576656E740057
:108F380070726F636573735F6765745F646573638D
:108F4800726970746F72000070726F636573735F1B
:108F58007365745F636F6E666967000070726F6334
:108F68006573735F636F6E74726F6C5F7265717532
:108F780065737400636F6E66696775726174696F93
:108F88006E5F7265736574007475645F7461736B8A
:108F98005F657874000000007475645F7268706FB4
:108FA80072745F696E69740000000000A1670010A8
:108FB8004D6800109568001005690010F1690010EF
:108FC8002D6B00100000000000000000D16C0010A4
:108FD8006D6D0010A16D0010F16D0010F14C0010C6
:108FE8003D6F001000000000757362645F636F6E70
:108FF80074726F6C5F786665725F63620000000070
:109008007475645F636F6E74726F6C5F7866657297
:1090180000000000636463645F786665725F636282
:1090280000000000636463645F6F70656E00000099
:109038007475645F6364635F6E5F77726974655F9C
:10904800666C75736800000076656E646F72645FA5
:109058006F70656E0000000074755F656470745F02
:1090680073747265616D5F726561645F786665725D
:109078000000000074755F656470745F73747265D6
:10908800616D5F77726974655F786665720000006C
:1090980074755F656470745F73747265616D5F7712
:1090A800726974655F7A6C705F69665F6E65656426
:1090B8006564000074755F656470745F76616C69DF
:1090C8006461746500000000747573625F72687093
:0C90D8006F72745F696E69740000000024
:1090E400D8890010E4890010F0890010FC89001070
:1090F400088A0010148A0010208A0010248D0010A1
:1091040010B503000468EFF3108272B620680028DB
:10911400FCD0BFF35F8F0420185600280BDB002916
:1091240010D0086000201B68BFF35F8F0021196016
:1091340082F3108810BDD0210906097849B219714B
:109144000120F0E70020EEE7F0B5D6464F4646464C
:10915400C0B50500904699460368002B20D0D02363
:109164001B061B785BB29A462F68EFF3108472B625
:109174003E68002EFCD0BFF35F8F0423EB56002B18
:1091840014DB2B68BFF35F8F00221A6084F310880E
:109194004046494600F024FD0028E5D000200FE0B9
:1091A4000A4B0B4A0B48A62100F0FAFC53462B71DC
:1091B4002B68BFF35F8F00221A6084F310880120AC
:1091C400E0BCBA46B146A846F0BDC046147F0010C4
:1091D40048890010C87E001070B582B006001500E2
:1091E4001C0001A9FFF78CFF002807D1019B5BB28B
:1091F400D0221206127852B2934201D102B070BD4D
:109204002A0023003000FFF79FFFF7E7F8B50600B8
:109214000F0000F0EDFC04000D00FA229200002380
:109224003800002100F0CCFC22002B0012184B4126
:10923400002B03DB3000FFF787FFF8BD0122524209
:10924400004BF7E7FFFFFF7F10B50168EFF31083D2
:1092540072B60A68002AFCD0BFF35F8F04228256DC
:10926400002A0ADBFF2202710268BFF35F8F00212C
:10927400116083F3108840BF10BD034B034A0448B8
:10928400D52100F08DFCC046287F00103C890010D9
:10929400C87E0010094B1B78002B08D00CE09A0004
:1092A40080214905511808680549505001333F2B66
:1092B400F5DD024B01221A707047C0465741012068
:1092C400AC28002010B5014B984710BDAD280020F4
:1092D400002305E09A0004495118496811500133EC
:1092E400052BF7D97047C0460000024010B5002294
:1092F40006E093001958044CA446634459600132B3
:10930400052AF6D910BDC0460000024000280AD044
:1093140003231B02054A12685340C02292001340E3
:10932400034A136070470223F3E7C0460C800140F0
:109334000C900140F0B5D6464F464646C0B586B0BF
:1093440007000E00150018239A461B881422904625
:1093540010882D499847814653461B8842461088F9
:109364002A499847040053461B88424610882849D6
:10937400984780464B46002B0FD0002C0DD0002878
:109384000BD0FFF787FF6846FFF7A2FFC847A04747
:109394000020FFF7BBFF2A0010E01E4B1E4A8A2163
:1093A4001E48490000F0FCFB002B07D0002A05D022
:1093B400C0235B051B6E3370013A01362B00134347
:1093C40012D0C0235B059C6A08232340A407EBD575
:1093D400002DE9D0511B0D29E6D83878C021490564
:1093E4000866013D0137DFE70120FFF78FFFC04723
:1093F400FFF768FF6846FFF779FF06B0E0BCBA469E
:10940400B146A846F0BDC046494600004558000094
:109414004643000070860010E08D00102085001087
:1094240010B5002308E00133DA0000210848115088
:10943400844662445160DBB20E2BF4D90548F02215
:109444009200002100F0A4FB034B044A1A6010BDF3
:109454000000105030FB0020F4FE0020800110506A
:10946400F0B5CE46474680B585B0214B9F6D0024AC
:10947400012603E0B74376000134E4B2002F31D073
:109484001F2C2FD83E42F6D01A4B9E65630899468E
:109494000123234001225340DBB298464B465D0032
:1094A40045446D01144BED18280000F047FA0028DC
:1094B400E0D0114A4B465B0043445B01D3189978D2
:1094C400DA8A01A8002398460370073343700171B8
:1094D400826043464371012100F050FA280000F0F5
:1094E400C3F9C7E705B0C0BCB946B046F0BDC04635
:1094F4000000115000301150F0FA0020F0B5CE46B3
:10950400474680B585B0754A9823D55880239B0279
:109514002F001F401D4245D0714B9A6A714B1A604F
:109524000024002109E0704B5B183C3300221A70C0
:1095340000F0C6F931000134E4B20F2C18D8A601AA
:1095440030002030684BC0189B193B331B78022B2A
:10955400F1D1654B9B193A331E78002EEBD0624B48
:10956400A1015B183C331B78002BDCD13100E2E70E
:10957400002908D15D4B1B78002B04D15C4A903341
:1095840080218902D150554B9B6C5B055B0D01A872
:1095940000220270033242704360012100F0EEF9B0
:1095A4008027BF02EB0606D4EB0351D580235B0270
:1095B4001F43002419E010231F43FFF751FFF3E773
:1095C400022399461EE04B4B4A461A66434B5B6E98
:1095D4004A4613409945F9D118E0434B424652019B
:1095E4009B180122DA700134E4B2012C20D8A04681
:1095F40066013D4BF618B37E002BEED0002CDFD075
:109604000123994600F00CFB0128DCD8C02292010A
:109614000021300000F02EF9300000F025F900F0B0
:10962400FFFA0128D9D9324B4A465A661A66D4E75A
:1096340001A800230370063343702F4A02AB12CAF9
:1096440012C3012100F09AF9294B802292021A6573
:10965400EB040AD46B041DD42B042AD4AF4238D1B2
:1096640005B0C0BCB946B046F0BD80235B011F43C2
:1096740000241A4B1C60FFF7D3FE01A804700123D9
:1096840043700471012100F079F9194B802212030F
:109694001A65DFE78023DB011F4301A80023037061
:1096A40004334370012100F069F9114B10221A654B
:1096B400D2E780231B021F4301A800230370053354
:1096C4004370012100F05AF9094B802212011A65F6
:1096D400C4E739006940094800F092FA00001150CB
:1096E40000400540102A0020F0FA002055410120D6
:1096F40000301150002011500000105064870010F9
:10970400F8B504000F00838A028B1E1C934200D913
:10971400161CB6B29B1BA3828022D2003243E3788C
:10972400002B13D08025AD01154301225340E37073
:109734006378002B0CD0A38A002B02D18023DB0199
:109744001D43002F00D02D042800F8BD0025EBE7B1
:10975400E068BB01C0182169320000F059FA23699E
:109764009B19236180231B021D43E4E7094B1B6CF7
:109774009B070CD48378DB09012B01D0002007E080
:10978400C37E022B01D0002002E0012000E0002073
:109794007047C0460000115010B5FFF7E7FF0028DE
:1097A40009D0064B9B6A064A12689B1A054A9446DE
:1097B4006344C62B00D810BD0020FCE700400540E0
:1097C400102A0020E0FCFFFF70B5040083681B68CA
:1097D400002900D01B0C9D05AD0D6278002A11D123
:1097E4001B0409D4E38A5B19E382238BAB4201D9BE
:1097F4000023A382280070BD0D4B0E4A0E48E821B9
:1098040000F0CEF91B040DD52069E36889015918CD
:109814002A0000F0FDF9E38A5B19E38223695B19EE
:109824002361E2E7054B034A0348EE2100F0B8F94F
:1098340084870010408E0010A48700100488001054
:1098440010B5040083681B680021FFF7BDFF63683F
:109854001B685B0002D5238B834200D010BD01211D
:109864002000FFF7B1FFF9E7002383768382C382E8
:109874000361704710B5002902D083681B68194042
:10988400002A10D0114352050DD5826813685B0578
:109894000CD4084B0B401360074B1B6C9B0702D482
:1098A4000C23033BFDD28368196010BD8178034803
:1098B40000F0A6F9FFFBFFFF000011502488001000
:1098C40070B5040043681E680021FFF719FF802566
:1098D4006D010543164B1B6C9B0715D5A3785B06DE
:1098E40017D10023A28A002A01D0002B15D0114BD6
:1098F4001E4080239B053343626813602A000021C5
:109904002000FFF7B7FF70BDA378DB0903D1013353
:10991400E8E70123E6E70023E4E701212000FFF75D
:10992400EFFE0543044A3240A023DB051343E3E77B
:1099340000001150FFFFFFAFFFFFFFDF70B5040011
:10994400857E002D06D0FFF77BFFA38A002B05D16F
:10995400280070BD8178084800F052F92000FFF714
:109964001BFF051E03D0012323770025F0E7200009
:10997400FFF7A6FFECE7C0464488001070B584B03A
:1099840006000D004378062B12D89B00724AD35868
:109994009F46724B1A7801218A431A701A78013152
:1099A4008A431A7000225A701A7802318A431A7054
:1099B4006B4B1C686269EFF3108172B61368002B5D
:1099C400FCD0BFF35F8FA1613100200000F0D8F814
:1099D4006269A369BFF35F8F0021116083F310886C
:1099E400002800D1B0E0307871782A0000F0F0F857
:1099F40004B070BD594B1B78DB07F9D5574A13786F
:109A040004210B431370D3E7544B1B78DB07EFD5CA
:109A1400524A137804218B431370C9E79B1A5B01E4
:109A2400504A9B18DB69002B02D030787168984744
:109A34000134E4B24C4B1A782300511CA1420ADBD6
:109A4400A242EBD9494B1B6862019B18002BE9D158
:109A5400EEE70024EEE7414B1B785B072ED53F4A27
:109A6400137804218B43137001AC0C2200212000D5
:109A740000F08EF83378237005236370384B1C682C
:109A84006269EFF3108172B61368002BFCD0BFF348
:109A94005F8FA16101A9200000F072F86269A369D7
:109AA400BFF35F8F0021116083F31088002837D043
:109AB40001AB187859782A0000F08AF8274BDB7834
:109AC400DB0700D494E701AC0C220021200000F055
:109AD4005FF8337823700323637073680293204B19
:109AE4001C686269EFF3108172B61368002BFCD016
:109AF400BFF35F8FA16101A9200000F041F8626902
:109B0400A369BFF35F8F0021116083F310880028DD
:109B14000DD001AB187859782A0000F059F867E79E
:109B2400662213491348FF3200F042F8C6E7662262
:109B34000F491048FF3200F03BF859E70E4A1378FA
:109B44000133DBB2137033E7662209490948FF3257
:109B540000F02EF84CE7C046908E0010C42400207C
:109B64001C250020B08F0010544101201423002034
:109B74002C8F0010A4880010564101207047C04665
:109B840001B40248844601BC604700BF87780010D6
:109B940001B40248844601BC604700BF6D36001022
:109BA40001B40248844601BC604700BF81480010EC
:109BB40001B40248844601BC604700BF294C001030
:109BC40001B40248844601BC604700BF0D2F001059
:109BD40001B40248844601BC604700BF5D590010CF
:109BE40001B40248844601BC604700BF311F001025
:109BF40001B40248844601BC604700BF71210010D3
:109C040001B40248844601BC604700BFC111001082
:109C140001B40248844601BC604700BF49560010A5
:109C240001B40248844601BC604700BF6D110010B6
:109C3400000200000D0000001A000000803E000039
:109C440010000000000000000000010000000000FF
:109C540000000000000002000000000000000000FE
:109C64000000030000000000000000000000FF00EE
:109C74000000000001B5486801318E460047704677
:109C840009380149884701BDB516001000000000DD
:109C940000000000000000000000000000000000C0
:109CA400D00C0020000000000000000000000000B4
:109CB400503300004C330000543300005233000092
:109CC4004D5300004D430000533400004334000062
:109CD400D9500010754D001041500010614D001016
:109CE40000000000000100002025002010000C00EE
:109CF4000000000000000000000000000000000060
:109D040000000000FF000000000000000000000050
:04000005100001E9FD
:00000001FF
