
C:/Users/Johnny Vu/OneDrive - The University of Auckland/Documents/COMPSYS 209/CookieCrusadersRepo/Pico/kws_features/build_ninja/kws_features.elf:     file format elf32-littlearm

Sections:
Idx Name          Size      VMA       LMA       File off  Algn
  0 .boot2        00000100  10000000  10000000  00001000  2**0
                  CONTENTS, ALLOC, LOAD, READONLY, CODE
  1 .text         00007a24  10000100  10000100  00001100  2**3
                  CONTENTS, ALLOC, LOAD, READONLY, CODE
  2 .rodata       000015bc  10007b28  10007b28  00008b28  2**3
                  CONTENTS, ALLOC, LOAD, READONLY, DATA
  3 .binary_info  00000020  100090e4  100090e4  0000a0e4  2**2
                  CONTENTS, ALLOC, LOAD, READONLY, DATA
  4 .ram_vector_table 000000c0  20000000  20000000  0000c000  2**2
                  ALLOC
  5 .uninitialized_data 00000000  200000c0  200000c0  0000bcd0  2**0
                  CONTENTS
  6 .data         00000c10  200000c0  10009104  0000b0c0  2**4
                  CONTENTS, ALLOC, LOAD, READONLY, CODE
  7 .tdata        00000000  20000cd0  20000cd0  0000bcd0  2**0
                  CONTENTS, ALLOC, LOAD, DATA, THREAD_LOCAL
  8 .tbss         00000000  20000cd0  20000cd0  00000000  2**0
                  ALLOC, THREAD_LOCAL
  9 .bss          00013490  20000cd0  10009d14  0000bcd0  2**3
                  ALLOC
 10 .heap         00000800  20014160  10009d14  0000c160  2**2
                  ALLOC, READONLY
 11 .scratch_x    00000000  20040000  20040000  0000bcd0  2**0
                  CONTENTS
 12 .scratch_y    00000000  20041000  20041000  0000bcd0  2**0
                  CONTENTS
 13 .stack_dummy  00000800  20041000  20041000  0000c000  2**5
                  ALLOC, READONLY
 14 .ARM.attributes 00000028  00000000  00000000  0000bcd0  2**0
                  CONTENTS, READONLY
 15 .comment      00000045  00000000  00000000  0000bcf8  2**0
                  CONTENTS, READONLY
 16 .debug_info   00030435  00000000  00000000  0000bd3d  2**0
                  CONTENTS, READONLY, DEBUGGING, OCTETS
 17 .debug_abbrev 00008b28  00000000  00000000  0003c172  2**0
                  CONTENTS, READONLY, DEBUGGING, OCTETS
 18 .debug_loclists 00015074  00000000  00000000  00044c9a  2**0
                  CONTENTS, READONLY, DEBUGGING, OCTETS
 19 .debug_aranges 00001938  00000000  00000000  00059d10  2**3
                  CONTENTS, READONLY, DEBUGGING, OCTETS
 20 .debug_rnglists 00001c8f  00000000  00000000  0005b648  2**0
                  CONTENTS, READONLY, DEBUGGING, OCTETS
 21 .debug_line   0001e886  00000000  00000000  0005d2d7  2**0
                  CONTENTS, READONLY, DEBUGGING, OCTETS
 22 .debug_str    00009153  00000000  00000000  0007bb5d  2**0
                  CONTENTS, READONLY, DEBUGGING, OCTETS
 23 .debug_frame  0000395c  00000000  00000000  00084cb0  2**2
                  CONTENTS, READONLY, DEBUGGING, OCTETS
 24 .debug_line_str 000003b3  00000000  00000000  0008860c  2**0
                  CONTENTS, READONLY, DEBUGGING, OCTETS

C:/Users/Johnny Vu/OneDrive - The University of Auckland/Documents/COMPSYS 209/CookieCrusadersRepo/Pico/kws_features/build_ninja/kws_features.elf:     file format elf32-littlearm


Disassembly of section .boot2:

10000000 <__boot2_start__>:
10000000:	4b32b500 	.word	0x4b32b500
10000004:	60582021 	.word	0x60582021
10000008:	21026898 	.word	0x21026898
1000000c:	60984388 	.word	0x60984388
10000010:	611860d8 	.word	0x611860d8
10000014:	4b2e6158 	.word	0x4b2e6158
10000018:	60992100 	.word	0x60992100
1000001c:	61592102 	.word	0x61592102
10000020:	22f02101 	.word	0x22f02101
10000024:	492b5099 	.word	0x492b5099
10000028:	21016019 	.word	0x21016019
1000002c:	20356099 	.word	0x20356099
10000030:	f844f000 	.word	0xf844f000
10000034:	42902202 	.word	0x42902202
10000038:	2106d014 	.word	0x2106d014
1000003c:	f0006619 	.word	0xf0006619
10000040:	6e19f834 	.word	0x6e19f834
10000044:	66192101 	.word	0x66192101
10000048:	66182000 	.word	0x66182000
1000004c:	f000661a 	.word	0xf000661a
10000050:	6e19f82c 	.word	0x6e19f82c
10000054:	6e196e19 	.word	0x6e196e19
10000058:	f0002005 	.word	0xf0002005
1000005c:	2101f82f 	.word	0x2101f82f
10000060:	d1f94208 	.word	0xd1f94208
10000064:	60992100 	.word	0x60992100
10000068:	6019491b 	.word	0x6019491b
1000006c:	60592100 	.word	0x60592100
10000070:	481b491a 	.word	0x481b491a
10000074:	21016001 	.word	0x21016001
10000078:	21eb6099 	.word	0x21eb6099
1000007c:	21a06619 	.word	0x21a06619
10000080:	f0006619 	.word	0xf0006619
10000084:	2100f812 	.word	0x2100f812
10000088:	49166099 	.word	0x49166099
1000008c:	60014814 	.word	0x60014814
10000090:	60992101 	.word	0x60992101
10000094:	2800bc01 	.word	0x2800bc01
10000098:	4700d000 	.word	0x4700d000
1000009c:	49134812 	.word	0x49134812
100000a0:	c8036008 	.word	0xc8036008
100000a4:	8808f380 	.word	0x8808f380
100000a8:	b5034708 	.word	0xb5034708
100000ac:	20046a99 	.word	0x20046a99
100000b0:	d0fb4201 	.word	0xd0fb4201
100000b4:	42012001 	.word	0x42012001
100000b8:	bd03d1f8 	.word	0xbd03d1f8
100000bc:	6618b502 	.word	0x6618b502
100000c0:	f7ff6618 	.word	0xf7ff6618
100000c4:	6e18fff2 	.word	0x6e18fff2
100000c8:	bd026e18 	.word	0xbd026e18
100000cc:	40020000 	.word	0x40020000
100000d0:	18000000 	.word	0x18000000
100000d4:	00070000 	.word	0x00070000
100000d8:	005f0300 	.word	0x005f0300
100000dc:	00002221 	.word	0x00002221
100000e0:	180000f4 	.word	0x180000f4
100000e4:	a0002022 	.word	0xa0002022
100000e8:	10000100 	.word	0x10000100
100000ec:	e000ed08 	.word	0xe000ed08
	...
100000fc:	7a4eb274 	.word	0x7a4eb274

Disassembly of section .text:

10000100 <__VECTOR_TABLE>:
10000100:	20042000 	.word	0x20042000
10000104:	100001f7 	.word	0x100001f7
10000108:	100001cb 	.word	0x100001cb
1000010c:	100001cd 	.word	0x100001cd
10000110:	100001c9 	.word	0x100001c9
10000114:	100001c9 	.word	0x100001c9
10000118:	100001c9 	.word	0x100001c9
1000011c:	100001c9 	.word	0x100001c9
10000120:	100001c9 	.word	0x100001c9
10000124:	100001c9 	.word	0x100001c9
10000128:	100001c9 	.word	0x100001c9
1000012c:	100001cf 	.word	0x100001cf
10000130:	100001c9 	.word	0x100001c9
10000134:	100001c9 	.word	0x100001c9
10000138:	100001d1 	.word	0x100001d1
1000013c:	100001d3 	.word	0x100001d3
10000140:	100001c1 	.word	0x100001c1
10000144:	100001c1 	.word	0x100001c1
10000148:	100001c1 	.word	0x100001c1
1000014c:	100001c1 	.word	0x100001c1
10000150:	100001c1 	.word	0x100001c1
10000154:	100001c1 	.word	0x100001c1
10000158:	100001c1 	.word	0x100001c1
1000015c:	100001c1 	.word	0x100001c1
10000160:	100001c1 	.word	0x100001c1
10000164:	100001c1 	.word	0x100001c1
10000168:	100001c1 	.word	0x100001c1
1000016c:	100001c1 	.word	0x100001c1
10000170:	100001c1 	.word	0x100001c1
10000174:	100001c1 	.word	0x100001c1
10000178:	100001c1 	.word	0x100001c1
1000017c:	100001c1 	.word	0x100001c1
10000180:	100001c1 	.word	0x100001c1
10000184:	100001c1 	.word	0x100001c1
10000188:	100001c1 	.word	0x100001c1
1000018c:	100001c1 	.word	0x100001c1
10000190:	100001c1 	.word	0x100001c1
10000194:	100001c1 	.word	0x100001c1
10000198:	100001c1 	.word	0x100001c1
1000019c:	100001c1 	.word	0x100001c1
100001a0:	100001c1 	.word	0x100001c1
100001a4:	100001c1 	.word	0x100001c1
100001a8:	100001c1 	.word	0x100001c1
100001ac:	100001c1 	.word	0x100001c1
100001b0:	100001c1 	.word	0x100001c1
100001b4:	100001c1 	.word	0x100001c1
100001b8:	100001c1 	.word	0x100001c1
100001bc:	100001c1 	.word	0x100001c1

100001c0 <__unhandled_user_irq>:
100001c0:	f3ef 8005 	mrs	r0, IPSR
100001c4:	3810      	subs	r0, #16

100001c6 <unhandled_user_irq_num_in_r0>:
100001c6:	be00      	bkpt	0x0000

100001c8 <isr_invalid>:
100001c8:	be00      	bkpt	0x0000

100001ca <isr_nmi>:
100001ca:	be00      	bkpt	0x0000

100001cc <isr_hardfault>:
100001cc:	be00      	bkpt	0x0000

100001ce <isr_svcall>:
100001ce:	be00      	bkpt	0x0000

100001d0 <isr_pendsv>:
100001d0:	be00      	bkpt	0x0000

100001d2 <isr_systick>:
100001d2:	be00      	bkpt	0x0000

100001d4 <__default_isrs_end>:
100001d4:	7188ebf2 	.word	0x7188ebf2
100001d8:	100090e4 	.word	0x100090e4
100001dc:	10009104 	.word	0x10009104
100001e0:	10000238 	.word	0x10000238
100001e4:	e71aa390 	.word	0xe71aa390

100001e8 <_entry_point>:
100001e8:	481e      	ldr	r0, [pc, #120]	@ (10000264 <data_cpy_table+0x2c>)

100001ea <_enter_vtable_in_r0>:
100001ea:	491f      	ldr	r1, [pc, #124]	@ (10000268 <data_cpy_table+0x30>)
100001ec:	6008      	str	r0, [r1, #0]
100001ee:	c806      	ldmia	r0!, {r1, r2}
100001f0:	f381 8808 	msr	MSP, r1
100001f4:	4710      	bx	r2

100001f6 <_reset_handler>:
100001f6:	481d      	ldr	r0, [pc, #116]	@ (1000026c <data_cpy_table+0x34>)
100001f8:	6800      	ldr	r0, [r0, #0]
100001fa:	2800      	cmp	r0, #0
100001fc:	d001      	beq.n	10000202 <hold_non_core0_in_bootrom+0x4>

100001fe <hold_non_core0_in_bootrom>:
100001fe:	4819      	ldr	r0, [pc, #100]	@ (10000264 <data_cpy_table+0x2c>)
10000200:	e7f3      	b.n	100001ea <_enter_vtable_in_r0>
10000202:	a40d      	add	r4, pc, #52	@ (adr r4, 10000238 <data_cpy_table>)
10000204:	cc0e      	ldmia	r4!, {r1, r2, r3}
10000206:	2900      	cmp	r1, #0
10000208:	d002      	beq.n	10000210 <hold_non_core0_in_bootrom+0x12>
1000020a:	f000 f812 	bl	10000232 <data_cpy>
1000020e:	e7f9      	b.n	10000204 <hold_non_core0_in_bootrom+0x6>
10000210:	4917      	ldr	r1, [pc, #92]	@ (10000270 <data_cpy_table+0x38>)
10000212:	4a18      	ldr	r2, [pc, #96]	@ (10000274 <data_cpy_table+0x3c>)
10000214:	2000      	movs	r0, #0
10000216:	e000      	b.n	1000021a <bss_fill_test>

10000218 <bss_fill_loop>:
10000218:	c101      	stmia	r1!, {r0}

1000021a <bss_fill_test>:
1000021a:	4291      	cmp	r1, r2
1000021c:	d1fc      	bne.n	10000218 <bss_fill_loop>

1000021e <platform_entry>:
1000021e:	4916      	ldr	r1, [pc, #88]	@ (10000278 <data_cpy_table+0x40>)
10000220:	4788      	blx	r1
10000222:	4916      	ldr	r1, [pc, #88]	@ (1000027c <data_cpy_table+0x44>)
10000224:	4788      	blx	r1
10000226:	4916      	ldr	r1, [pc, #88]	@ (10000280 <data_cpy_table+0x48>)
10000228:	4788      	blx	r1
1000022a:	be00      	bkpt	0x0000
1000022c:	e7fd      	b.n	1000022a <platform_entry+0xc>

1000022e <data_cpy_loop>:
1000022e:	c901      	ldmia	r1!, {r0}
10000230:	c201      	stmia	r2!, {r0}

10000232 <data_cpy>:
10000232:	429a      	cmp	r2, r3
10000234:	d3fb      	bcc.n	1000022e <data_cpy_loop>
10000236:	4770      	bx	lr

10000238 <data_cpy_table>:
10000238:	10009104 	.word	0x10009104
1000023c:	200000c0 	.word	0x200000c0
10000240:	20000cd0 	.word	0x20000cd0
10000244:	10009d14 	.word	0x10009d14
10000248:	20040000 	.word	0x20040000
1000024c:	20040000 	.word	0x20040000
10000250:	10009d14 	.word	0x10009d14
10000254:	20041000 	.word	0x20041000
10000258:	20041000 	.word	0x20041000
1000025c:	00000000 	.word	0x00000000
10000260:	4770      	bx	lr
10000262:	0000      	.short	0x0000
10000264:	00000000 	.word	0x00000000
10000268:	e000ed08 	.word	0xe000ed08
1000026c:	d0000000 	.word	0xd0000000
10000270:	20000cd0 	.word	0x20000cd0
10000274:	20014160 	.word	0x20014160
10000278:	100048b9 	.word	0x100048b9
1000027c:	10000779 	.word	0x10000779
10000280:	10004879 	.word	0x10004879

10000284 <_init>:
10000284:	b5f8      	push	{r3, r4, r5, r6, r7, lr}
10000286:	46c0      	nop			@ (mov r8, r8)

10000288 <register_tm_clones>:
10000288:	4806      	ldr	r0, [pc, #24]	@ (100002a4 <register_tm_clones+0x1c>)
1000028a:	4907      	ldr	r1, [pc, #28]	@ (100002a8 <register_tm_clones+0x20>)
1000028c:	1a09      	subs	r1, r1, r0
1000028e:	108b      	asrs	r3, r1, #2
10000290:	0fc9      	lsrs	r1, r1, #31
10000292:	18c9      	adds	r1, r1, r3
10000294:	b510      	push	{r4, lr}
10000296:	1049      	asrs	r1, r1, #1
10000298:	d003      	beq.n	100002a2 <register_tm_clones+0x1a>
1000029a:	4b04      	ldr	r3, [pc, #16]	@ (100002ac <register_tm_clones+0x24>)
1000029c:	2b00      	cmp	r3, #0
1000029e:	d000      	beq.n	100002a2 <register_tm_clones+0x1a>
100002a0:	4798      	blx	r3
100002a2:	bd10      	pop	{r4, pc}
100002a4:	20000cd0 	.word	0x20000cd0
100002a8:	20000cd0 	.word	0x20000cd0
100002ac:	00000000 	.word	0x00000000

100002b0 <frame_dummy>:
100002b0:	4b05      	ldr	r3, [pc, #20]	@ (100002c8 <frame_dummy+0x18>)
100002b2:	b510      	push	{r4, lr}
100002b4:	2b00      	cmp	r3, #0
100002b6:	d003      	beq.n	100002c0 <frame_dummy+0x10>
100002b8:	4904      	ldr	r1, [pc, #16]	@ (100002cc <frame_dummy+0x1c>)
100002ba:	4805      	ldr	r0, [pc, #20]	@ (100002d0 <frame_dummy+0x20>)
100002bc:	e000      	b.n	100002c0 <frame_dummy+0x10>
100002be:	bf00      	nop
100002c0:	f7ff ffe2 	bl	10000288 <register_tm_clones>
100002c4:	bd10      	pop	{r4, pc}
100002c6:	46c0      	nop			@ (mov r8, r8)
100002c8:	00000000 	.word	0x00000000
100002cc:	2000fef8 	.word	0x2000fef8
100002d0:	10007b24 	.word	0x10007b24

100002d4 <agc_init>:
100002d4:	23fe      	movs	r3, #254	@ 0xfe
100002d6:	059b      	lsls	r3, r3, #22
100002d8:	6003      	str	r3, [r0, #0]
100002da:	6043      	str	r3, [r0, #4]
100002dc:	4770      	bx	lr
	...

100002e0 <preemph>:
100002e0:	b5f0      	push	{r4, r5, r6, r7, lr}
100002e2:	46c6      	mov	lr, r8
100002e4:	b500      	push	{lr}
100002e6:	4680      	mov	r8, r0
100002e8:	000f      	movs	r7, r1
100002ea:	2500      	movs	r5, #0
100002ec:	2000      	movs	r0, #0
100002ee:	e00c      	b.n	1000030a <preemph+0x2a>
100002f0:	00ac      	lsls	r4, r5, #2
100002f2:	4444      	add	r4, r8
100002f4:	6826      	ldr	r6, [r4, #0]
100002f6:	4907      	ldr	r1, [pc, #28]	@ (10000314 <preemph+0x34>)
100002f8:	f002 fe3f 	bl	10002f7a <__wrap___aeabi_fmul>
100002fc:	1c01      	adds	r1, r0, #0
100002fe:	1c30      	adds	r0, r6, #0
10000300:	f002 fe21 	bl	10002f46 <__wrap___aeabi_fsub>
10000304:	6020      	str	r0, [r4, #0]
10000306:	3501      	adds	r5, #1
10000308:	1c30      	adds	r0, r6, #0
1000030a:	42bd      	cmp	r5, r7
1000030c:	dbf0      	blt.n	100002f0 <preemph+0x10>
1000030e:	bc80      	pop	{r7}
10000310:	46b8      	mov	r8, r7
10000312:	bdf0      	pop	{r4, r5, r6, r7, pc}
10000314:	3f7851ec 	.word	0x3f7851ec

10000318 <vad_init>:
10000318:	4b02      	ldr	r3, [pc, #8]	@ (10000324 <vad_init+0xc>)
1000031a:	6003      	str	r3, [r0, #0]
1000031c:	2300      	movs	r3, #0
1000031e:	6043      	str	r3, [r0, #4]
10000320:	6083      	str	r3, [r0, #8]
10000322:	4770      	bx	lr
10000324:	c2200000 	.word	0xc2200000

10000328 <kws_init>:
10000328:	2300      	movs	r3, #0
1000032a:	6003      	str	r3, [r0, #0]
1000032c:	4770      	bx	lr
	...

10000330 <make_hamming>:
10000330:	b510      	push	{r4, lr}
10000332:	2400      	movs	r4, #0
10000334:	e015      	b.n	10000362 <make_hamming+0x32>
10000336:	0020      	movs	r0, r4
10000338:	f002 fe72 	bl	10003020 <__wrap___aeabi_i2f>
1000033c:	490b      	ldr	r1, [pc, #44]	@ (1000036c <make_hamming+0x3c>)
1000033e:	f002 fe1c 	bl	10002f7a <__wrap___aeabi_fmul>
10000342:	490b      	ldr	r1, [pc, #44]	@ (10000370 <make_hamming+0x40>)
10000344:	f002 fe05 	bl	10002f52 <__wrap___aeabi_fdiv>
10000348:	f002 fed2 	bl	100030f0 <__wrap_cosf>
1000034c:	4909      	ldr	r1, [pc, #36]	@ (10000374 <make_hamming+0x44>)
1000034e:	f002 fe14 	bl	10002f7a <__wrap___aeabi_fmul>
10000352:	1c01      	adds	r1, r0, #0
10000354:	4808      	ldr	r0, [pc, #32]	@ (10000378 <make_hamming+0x48>)
10000356:	f002 fdf6 	bl	10002f46 <__wrap___aeabi_fsub>
1000035a:	4b08      	ldr	r3, [pc, #32]	@ (1000037c <make_hamming+0x4c>)
1000035c:	00a2      	lsls	r2, r4, #2
1000035e:	5098      	str	r0, [r3, r2]
10000360:	3401      	adds	r4, #1
10000362:	23c8      	movs	r3, #200	@ 0xc8
10000364:	005b      	lsls	r3, r3, #1
10000366:	429c      	cmp	r4, r3
10000368:	dbe5      	blt.n	10000336 <make_hamming+0x6>
1000036a:	bd10      	pop	{r4, pc}
1000036c:	40c90fdb 	.word	0x40c90fdb
10000370:	43c78000 	.word	0x43c78000
10000374:	3eeb851f 	.word	0x3eeb851f
10000378:	3f0a3d71 	.word	0x3f0a3d71
1000037c:	20004a98 	.word	0x20004a98

10000380 <agc_process>:
10000380:	b5f8      	push	{r3, r4, r5, r6, r7, lr}
10000382:	46ce      	mov	lr, r9
10000384:	4647      	mov	r7, r8
10000386:	b580      	push	{r7, lr}
10000388:	4680      	mov	r8, r0
1000038a:	000f      	movs	r7, r1
1000038c:	0016      	movs	r6, r2
1000038e:	2500      	movs	r5, #0
10000390:	2400      	movs	r4, #0
10000392:	e00a      	b.n	100003aa <agc_process+0x2a>
10000394:	00ab      	lsls	r3, r5, #2
10000396:	59d8      	ldr	r0, [r3, r7]
10000398:	1c01      	adds	r1, r0, #0
1000039a:	f002 fdee 	bl	10002f7a <__wrap___aeabi_fmul>
1000039e:	1c01      	adds	r1, r0, #0
100003a0:	1c20      	adds	r0, r4, #0
100003a2:	f002 fdd3 	bl	10002f4c <__wrap___aeabi_fadd>
100003a6:	1c04      	adds	r4, r0, #0
100003a8:	3501      	adds	r5, #1
100003aa:	42b5      	cmp	r5, r6
100003ac:	dbf2      	blt.n	10000394 <agc_process+0x14>
100003ae:	0030      	movs	r0, r6
100003b0:	f002 fe36 	bl	10003020 <__wrap___aeabi_i2f>
100003b4:	1c01      	adds	r1, r0, #0
100003b6:	1c20      	adds	r0, r4, #0
100003b8:	f002 fdcb 	bl	10002f52 <__wrap___aeabi_fdiv>
100003bc:	f002 fe92 	bl	100030e4 <__wrap_sqrtf>
100003c0:	1c04      	adds	r4, r0, #0
100003c2:	491e      	ldr	r1, [pc, #120]	@ (1000043c <agc_process+0xbc>)
100003c4:	f002 fe10 	bl	10002fe8 <__wrap___aeabi_fcmplt>
100003c8:	2800      	cmp	r0, #0
100003ca:	d10b      	bne.n	100003e4 <agc_process+0x64>
100003cc:	1c21      	adds	r1, r4, #0
100003ce:	481c      	ldr	r0, [pc, #112]	@ (10000440 <agc_process+0xc0>)
100003d0:	f002 fdbf 	bl	10002f52 <__wrap___aeabi_fdiv>
100003d4:	1c04      	adds	r4, r0, #0
100003d6:	491b      	ldr	r1, [pc, #108]	@ (10000444 <agc_process+0xc4>)
100003d8:	f002 fe1c 	bl	10003014 <__wrap___aeabi_fcmpgt>
100003dc:	2800      	cmp	r0, #0
100003de:	d002      	beq.n	100003e6 <agc_process+0x66>
100003e0:	4c18      	ldr	r4, [pc, #96]	@ (10000444 <agc_process+0xc4>)
100003e2:	e000      	b.n	100003e6 <agc_process+0x66>
100003e4:	4c17      	ldr	r4, [pc, #92]	@ (10000444 <agc_process+0xc4>)
100003e6:	4643      	mov	r3, r8
100003e8:	681d      	ldr	r5, [r3, #0]
100003ea:	1c21      	adds	r1, r4, #0
100003ec:	1c28      	adds	r0, r5, #0
100003ee:	f002 fe11 	bl	10003014 <__wrap___aeabi_fcmpgt>
100003f2:	2800      	cmp	r0, #0
100003f4:	d010      	beq.n	10000418 <agc_process+0x98>
100003f6:	4b14      	ldr	r3, [pc, #80]	@ (10000448 <agc_process+0xc8>)
100003f8:	4699      	mov	r9, r3
100003fa:	1c29      	adds	r1, r5, #0
100003fc:	1c20      	adds	r0, r4, #0
100003fe:	f002 fda2 	bl	10002f46 <__wrap___aeabi_fsub>
10000402:	4649      	mov	r1, r9
10000404:	f002 fdb9 	bl	10002f7a <__wrap___aeabi_fmul>
10000408:	1c01      	adds	r1, r0, #0
1000040a:	1c28      	adds	r0, r5, #0
1000040c:	f002 fd9e 	bl	10002f4c <__wrap___aeabi_fadd>
10000410:	4643      	mov	r3, r8
10000412:	6018      	str	r0, [r3, #0]
10000414:	2500      	movs	r5, #0
10000416:	e00b      	b.n	10000430 <agc_process+0xb0>
10000418:	4b0c      	ldr	r3, [pc, #48]	@ (1000044c <agc_process+0xcc>)
1000041a:	4699      	mov	r9, r3
1000041c:	e7ed      	b.n	100003fa <agc_process+0x7a>
1000041e:	00ac      	lsls	r4, r5, #2
10000420:	193c      	adds	r4, r7, r4
10000422:	6820      	ldr	r0, [r4, #0]
10000424:	4643      	mov	r3, r8
10000426:	6819      	ldr	r1, [r3, #0]
10000428:	f002 fda7 	bl	10002f7a <__wrap___aeabi_fmul>
1000042c:	6020      	str	r0, [r4, #0]
1000042e:	3501      	adds	r5, #1
10000430:	42b5      	cmp	r5, r6
10000432:	dbf4      	blt.n	1000041e <agc_process+0x9e>
10000434:	bcc0      	pop	{r6, r7}
10000436:	46b9      	mov	r9, r7
10000438:	46b0      	mov	r8, r6
1000043a:	bdf8      	pop	{r3, r4, r5, r6, r7, pc}
1000043c:	358637bd 	.word	0x358637bd
10000440:	3d7a0000 	.word	0x3d7a0000
10000444:	42480000 	.word	0x42480000
10000448:	3d4ccccd 	.word	0x3d4ccccd
1000044c:	3ba3d70a 	.word	0x3ba3d70a

10000450 <cosine_sim>:
10000450:	b5f0      	push	{r4, r5, r6, r7, lr}
10000452:	46de      	mov	lr, fp
10000454:	4657      	mov	r7, sl
10000456:	464e      	mov	r6, r9
10000458:	4645      	mov	r5, r8
1000045a:	b5e0      	push	{r5, r6, r7, lr}
1000045c:	b083      	sub	sp, #12
1000045e:	4683      	mov	fp, r0
10000460:	4688      	mov	r8, r1
10000462:	4692      	mov	sl, r2
10000464:	2600      	movs	r6, #0
10000466:	2400      	movs	r4, #0
10000468:	9401      	str	r4, [sp, #4]
1000046a:	46a1      	mov	r9, r4
1000046c:	e020      	b.n	100004b0 <cosine_sim+0x60>
1000046e:	00b3      	lsls	r3, r6, #2
10000470:	465a      	mov	r2, fp
10000472:	58d5      	ldr	r5, [r2, r3]
10000474:	4642      	mov	r2, r8
10000476:	58d7      	ldr	r7, [r2, r3]
10000478:	1c39      	adds	r1, r7, #0
1000047a:	1c28      	adds	r0, r5, #0
1000047c:	f002 fd7d 	bl	10002f7a <__wrap___aeabi_fmul>
10000480:	1c01      	adds	r1, r0, #0
10000482:	4648      	mov	r0, r9
10000484:	f002 fd62 	bl	10002f4c <__wrap___aeabi_fadd>
10000488:	4681      	mov	r9, r0
1000048a:	1c29      	adds	r1, r5, #0
1000048c:	1c28      	adds	r0, r5, #0
1000048e:	f002 fd74 	bl	10002f7a <__wrap___aeabi_fmul>
10000492:	1c01      	adds	r1, r0, #0
10000494:	9801      	ldr	r0, [sp, #4]
10000496:	f002 fd59 	bl	10002f4c <__wrap___aeabi_fadd>
1000049a:	9001      	str	r0, [sp, #4]
1000049c:	1c39      	adds	r1, r7, #0
1000049e:	1c38      	adds	r0, r7, #0
100004a0:	f002 fd6b 	bl	10002f7a <__wrap___aeabi_fmul>
100004a4:	1c01      	adds	r1, r0, #0
100004a6:	1c20      	adds	r0, r4, #0
100004a8:	f002 fd50 	bl	10002f4c <__wrap___aeabi_fadd>
100004ac:	1c04      	adds	r4, r0, #0
100004ae:	3601      	adds	r6, #1
100004b0:	4556      	cmp	r6, sl
100004b2:	dbdc      	blt.n	1000046e <cosine_sim+0x1e>
100004b4:	2100      	movs	r1, #0
100004b6:	9d01      	ldr	r5, [sp, #4]
100004b8:	1c28      	adds	r0, r5, #0
100004ba:	f002 fd9b 	bl	10002ff4 <__wrap___aeabi_fcmple>
100004be:	2800      	cmp	r0, #0
100004c0:	d11b      	bne.n	100004fa <cosine_sim+0xaa>
100004c2:	2100      	movs	r1, #0
100004c4:	1c20      	adds	r0, r4, #0
100004c6:	f002 fd95 	bl	10002ff4 <__wrap___aeabi_fcmple>
100004ca:	2800      	cmp	r0, #0
100004cc:	d117      	bne.n	100004fe <cosine_sim+0xae>
100004ce:	1c28      	adds	r0, r5, #0
100004d0:	f002 fe08 	bl	100030e4 <__wrap_sqrtf>
100004d4:	1c05      	adds	r5, r0, #0
100004d6:	1c20      	adds	r0, r4, #0
100004d8:	f002 fe04 	bl	100030e4 <__wrap_sqrtf>
100004dc:	1c01      	adds	r1, r0, #0
100004de:	1c28      	adds	r0, r5, #0
100004e0:	f002 fd4b 	bl	10002f7a <__wrap___aeabi_fmul>
100004e4:	1c01      	adds	r1, r0, #0
100004e6:	4648      	mov	r0, r9
100004e8:	f002 fd33 	bl	10002f52 <__wrap___aeabi_fdiv>
100004ec:	b003      	add	sp, #12
100004ee:	bcf0      	pop	{r4, r5, r6, r7}
100004f0:	46bb      	mov	fp, r7
100004f2:	46b2      	mov	sl, r6
100004f4:	46a9      	mov	r9, r5
100004f6:	46a0      	mov	r8, r4
100004f8:	bdf0      	pop	{r4, r5, r6, r7, pc}
100004fa:	2000      	movs	r0, #0
100004fc:	e7f6      	b.n	100004ec <cosine_sim+0x9c>
100004fe:	2000      	movs	r0, #0
10000500:	e7f4      	b.n	100004ec <cosine_sim+0x9c>
	...

10000504 <kws_detect>:
10000504:	b510      	push	{r4, lr}
10000506:	0004      	movs	r4, r0
10000508:	0008      	movs	r0, r1
1000050a:	4b0e      	ldr	r3, [pc, #56]	@ (10000544 <kws_detect+0x40>)
1000050c:	681b      	ldr	r3, [r3, #0]
1000050e:	2b00      	cmp	r3, #0
10000510:	d101      	bne.n	10000516 <kws_detect+0x12>
10000512:	2000      	movs	r0, #0
10000514:	bd10      	pop	{r4, pc}
10000516:	490c      	ldr	r1, [pc, #48]	@ (10000548 <kws_detect+0x44>)
10000518:	220d      	movs	r2, #13
1000051a:	f7ff ff99 	bl	10000450 <cosine_sim>
1000051e:	6823      	ldr	r3, [r4, #0]
10000520:	2b00      	cmp	r3, #0
10000522:	dc06      	bgt.n	10000532 <kws_detect+0x2e>
10000524:	4909      	ldr	r1, [pc, #36]	@ (1000054c <kws_detect+0x48>)
10000526:	f002 fd6d 	bl	10003004 <__wrap___aeabi_fcmpge>
1000052a:	2800      	cmp	r0, #0
1000052c:	d105      	bne.n	1000053a <kws_detect+0x36>
1000052e:	2000      	movs	r0, #0
10000530:	e7f0      	b.n	10000514 <kws_detect+0x10>
10000532:	3b01      	subs	r3, #1
10000534:	6023      	str	r3, [r4, #0]
10000536:	2000      	movs	r0, #0
10000538:	e7ec      	b.n	10000514 <kws_detect+0x10>
1000053a:	2332      	movs	r3, #50	@ 0x32
1000053c:	6023      	str	r3, [r4, #0]
1000053e:	2001      	movs	r0, #1
10000540:	e7e8      	b.n	10000514 <kws_detect+0x10>
10000542:	46c0      	nop			@ (mov r8, r8)
10000544:	2000f9ac 	.word	0x2000f9ac
10000548:	200058d8 	.word	0x200058d8
1000054c:	3f59999a 	.word	0x3f59999a

10000550 <vad_update>:
10000550:	b5f0      	push	{r4, r5, r6, r7, lr}
10000552:	46c6      	mov	lr, r8
10000554:	b500      	push	{lr}
10000556:	0007      	movs	r7, r0
10000558:	4688      	mov	r8, r1
1000055a:	0016      	movs	r6, r2
1000055c:	2500      	movs	r5, #0
1000055e:	2400      	movs	r4, #0
10000560:	e00b      	b.n	1000057a <vad_update+0x2a>
10000562:	00ab      	lsls	r3, r5, #2
10000564:	4642      	mov	r2, r8
10000566:	5898      	ldr	r0, [r3, r2]
10000568:	1c01      	adds	r1, r0, #0
1000056a:	f002 fd06 	bl	10002f7a <__wrap___aeabi_fmul>
1000056e:	1c01      	adds	r1, r0, #0
10000570:	1c20      	adds	r0, r4, #0
10000572:	f002 fceb 	bl	10002f4c <__wrap___aeabi_fadd>
10000576:	1c04      	adds	r4, r0, #0
10000578:	3501      	adds	r5, #1
1000057a:	42b5      	cmp	r5, r6
1000057c:	dbf1      	blt.n	10000562 <vad_update+0x12>
1000057e:	0030      	movs	r0, r6
10000580:	f002 fd4e 	bl	10003020 <__wrap___aeabi_i2f>
10000584:	1c01      	adds	r1, r0, #0
10000586:	1c20      	adds	r0, r4, #0
10000588:	f002 fce3 	bl	10002f52 <__wrap___aeabi_fdiv>
1000058c:	f002 fdaa 	bl	100030e4 <__wrap_sqrtf>
10000590:	4920      	ldr	r1, [pc, #128]	@ (10000614 <vad_update+0xc4>)
10000592:	f002 fcdb 	bl	10002f4c <__wrap___aeabi_fadd>
10000596:	f002 ff55 	bl	10003444 <__wrap_log10f>
1000059a:	491f      	ldr	r1, [pc, #124]	@ (10000618 <vad_update+0xc8>)
1000059c:	f002 fced 	bl	10002f7a <__wrap___aeabi_fmul>
100005a0:	1c04      	adds	r4, r0, #0
100005a2:	687d      	ldr	r5, [r7, #4]
100005a4:	2d00      	cmp	r5, #0
100005a6:	d10d      	bne.n	100005c4 <vad_update+0x74>
100005a8:	6838      	ldr	r0, [r7, #0]
100005aa:	491c      	ldr	r1, [pc, #112]	@ (1000061c <vad_update+0xcc>)
100005ac:	f002 fce5 	bl	10002f7a <__wrap___aeabi_fmul>
100005b0:	1c06      	adds	r6, r0, #0
100005b2:	491b      	ldr	r1, [pc, #108]	@ (10000620 <vad_update+0xd0>)
100005b4:	1c20      	adds	r0, r4, #0
100005b6:	f002 fce0 	bl	10002f7a <__wrap___aeabi_fmul>
100005ba:	1c01      	adds	r1, r0, #0
100005bc:	1c30      	adds	r0, r6, #0
100005be:	f002 fcc5 	bl	10002f4c <__wrap___aeabi_fadd>
100005c2:	6038      	str	r0, [r7, #0]
100005c4:	2d00      	cmp	r5, #0
100005c6:	d010      	beq.n	100005ea <vad_update+0x9a>
100005c8:	4916      	ldr	r1, [pc, #88]	@ (10000624 <vad_update+0xd4>)
100005ca:	6838      	ldr	r0, [r7, #0]
100005cc:	f002 fcbe 	bl	10002f4c <__wrap___aeabi_fadd>
100005d0:	1c21      	adds	r1, r4, #0
100005d2:	f002 fd09 	bl	10002fe8 <__wrap___aeabi_fcmplt>
100005d6:	2800      	cmp	r0, #0
100005d8:	d009      	beq.n	100005ee <vad_update+0x9e>
100005da:	68bb      	ldr	r3, [r7, #8]
100005dc:	3301      	adds	r3, #1
100005de:	60bb      	str	r3, [r7, #8]
100005e0:	2b02      	cmp	r3, #2
100005e2:	dd09      	ble.n	100005f8 <vad_update+0xa8>
100005e4:	2301      	movs	r3, #1
100005e6:	607b      	str	r3, [r7, #4]
100005e8:	e006      	b.n	100005f8 <vad_update+0xa8>
100005ea:	490f      	ldr	r1, [pc, #60]	@ (10000628 <vad_update+0xd8>)
100005ec:	e7ed      	b.n	100005ca <vad_update+0x7a>
100005ee:	68bb      	ldr	r3, [r7, #8]
100005f0:	3b01      	subs	r3, #1
100005f2:	60bb      	str	r3, [r7, #8]
100005f4:	2b00      	cmp	r3, #0
100005f6:	dd08      	ble.n	1000060a <vad_update+0xba>
100005f8:	68bb      	ldr	r3, [r7, #8]
100005fa:	2b32      	cmp	r3, #50	@ 0x32
100005fc:	dd01      	ble.n	10000602 <vad_update+0xb2>
100005fe:	2332      	movs	r3, #50	@ 0x32
10000600:	60bb      	str	r3, [r7, #8]
10000602:	6878      	ldr	r0, [r7, #4]
10000604:	bc80      	pop	{r7}
10000606:	46b8      	mov	r8, r7
10000608:	bdf0      	pop	{r4, r5, r6, r7, pc}
1000060a:	2300      	movs	r3, #0
1000060c:	60bb      	str	r3, [r7, #8]
1000060e:	607b      	str	r3, [r7, #4]
10000610:	e7f2      	b.n	100005f8 <vad_update+0xa8>
10000612:	46c0      	nop			@ (mov r8, r8)
10000614:	3089705f 	.word	0x3089705f
10000618:	41a00000 	.word	0x41a00000
1000061c:	3f7d70a4 	.word	0x3f7d70a4
10000620:	3c23d700 	.word	0x3c23d700
10000624:	40400000 	.word	0x40400000
10000628:	40c00000 	.word	0x40c00000

1000062c <capture_template_once>:
1000062c:	b5f0      	push	{r4, r5, r6, r7, lr}
1000062e:	b0a1      	sub	sp, #132	@ 0x84
10000630:	4849      	ldr	r0, [pc, #292]	@ (10000758 <capture_template_once+0x12c>)
10000632:	f004 fac9 	bl	10004bc8 <__wrap_puts>
10000636:	2000      	movs	r0, #0
10000638:	f004 fa9c 	bl	10004b74 <stdio_getchar_timeout_us>
1000063c:	2874      	cmp	r0, #116	@ 0x74
1000063e:	d003      	beq.n	10000648 <capture_template_once+0x1c>
10000640:	200a      	movs	r0, #10
10000642:	f001 fc6b 	bl	10001f1c <sleep_ms>
10000646:	e7f6      	b.n	10000636 <capture_template_once+0xa>
10000648:	2234      	movs	r2, #52	@ 0x34
1000064a:	2100      	movs	r1, #0
1000064c:	a813      	add	r0, sp, #76	@ 0x4c
1000064e:	f003 f80d 	bl	1000366c <__wrap_memset>
10000652:	a810      	add	r0, sp, #64	@ 0x40
10000654:	f7ff fe60 	bl	10000318 <vad_init>
10000658:	e01d      	b.n	10000696 <capture_template_once+0x6a>
1000065a:	4b40      	ldr	r3, [pc, #256]	@ (1000075c <capture_template_once+0x130>)
1000065c:	0062      	lsls	r2, r4, #1
1000065e:	5ed0      	ldrsh	r0, [r2, r3]
10000660:	f002 fcde 	bl	10003020 <__wrap___aeabi_i2f>
10000664:	21e0      	movs	r1, #224	@ 0xe0
10000666:	0589      	lsls	r1, r1, #22
10000668:	f002 fc87 	bl	10002f7a <__wrap___aeabi_fmul>
1000066c:	4b3c      	ldr	r3, [pc, #240]	@ (10000760 <capture_template_once+0x134>)
1000066e:	00a2      	lsls	r2, r4, #2
10000670:	5098      	str	r0, [r3, r2]
10000672:	3401      	adds	r4, #1
10000674:	23c8      	movs	r3, #200	@ 0xc8
10000676:	005b      	lsls	r3, r3, #1
10000678:	429c      	cmp	r4, r3
1000067a:	dbee      	blt.n	1000065a <capture_template_once+0x2e>
1000067c:	001d      	movs	r5, r3
1000067e:	4c38      	ldr	r4, [pc, #224]	@ (10000760 <capture_template_once+0x134>)
10000680:	0019      	movs	r1, r3
10000682:	0020      	movs	r0, r4
10000684:	f7ff fe2c 	bl	100002e0 <preemph>
10000688:	002a      	movs	r2, r5
1000068a:	0021      	movs	r1, r4
1000068c:	a810      	add	r0, sp, #64	@ 0x40
1000068e:	f7ff ff5f 	bl	10000550 <vad_update>
10000692:	2800      	cmp	r0, #0
10000694:	d148      	bne.n	10000728 <capture_template_once+0xfc>
10000696:	9c11      	ldr	r4, [sp, #68]	@ 0x44
10000698:	2c00      	cmp	r4, #0
1000069a:	d145      	bne.n	10000728 <capture_template_once+0xfc>
1000069c:	4d2f      	ldr	r5, [pc, #188]	@ (1000075c <capture_template_once+0x130>)
1000069e:	21a0      	movs	r1, #160	@ 0xa0
100006a0:	0028      	movs	r0, r5
100006a2:	f000 f9c5 	bl	10000a30 <audio_get_frame>
100006a6:	21c8      	movs	r1, #200	@ 0xc8
100006a8:	0049      	lsls	r1, r1, #1
100006aa:	0028      	movs	r0, r5
100006ac:	f000 f96e 	bl	1000098c <audio_get_recent>
100006b0:	e7e0      	b.n	10000674 <capture_template_once+0x48>
100006b2:	4b2a      	ldr	r3, [pc, #168]	@ (1000075c <capture_template_once+0x130>)
100006b4:	0062      	lsls	r2, r4, #1
100006b6:	5ed0      	ldrsh	r0, [r2, r3]
100006b8:	f002 fcb2 	bl	10003020 <__wrap___aeabi_i2f>
100006bc:	21e0      	movs	r1, #224	@ 0xe0
100006be:	0589      	lsls	r1, r1, #22
100006c0:	f002 fc5b 	bl	10002f7a <__wrap___aeabi_fmul>
100006c4:	4b27      	ldr	r3, [pc, #156]	@ (10000764 <capture_template_once+0x138>)
100006c6:	00a6      	lsls	r6, r4, #2
100006c8:	58f1      	ldr	r1, [r6, r3]
100006ca:	f002 fc56 	bl	10002f7a <__wrap___aeabi_fmul>
100006ce:	4b24      	ldr	r3, [pc, #144]	@ (10000760 <capture_template_once+0x134>)
100006d0:	5198      	str	r0, [r3, r6]
100006d2:	3401      	adds	r4, #1
100006d4:	23c8      	movs	r3, #200	@ 0xc8
100006d6:	005b      	lsls	r3, r3, #1
100006d8:	429c      	cmp	r4, r3
100006da:	dbea      	blt.n	100006b2 <capture_template_once+0x86>
100006dc:	21c8      	movs	r1, #200	@ 0xc8
100006de:	4820      	ldr	r0, [pc, #128]	@ (10000760 <capture_template_once+0x134>)
100006e0:	3b90      	subs	r3, #144	@ 0x90
100006e2:	3bff      	subs	r3, #255	@ 0xff
100006e4:	9300      	str	r3, [sp, #0]
100006e6:	330c      	adds	r3, #12
100006e8:	aa03      	add	r2, sp, #12
100006ea:	0049      	lsls	r1, r1, #1
100006ec:	f000 fc22 	bl	10000f34 <mfcc_compute>
100006f0:	2400      	movs	r4, #0
100006f2:	e008      	b.n	10000706 <capture_template_once+0xda>
100006f4:	af13      	add	r7, sp, #76	@ 0x4c
100006f6:	00a6      	lsls	r6, r4, #2
100006f8:	59f0      	ldr	r0, [r6, r7]
100006fa:	ab03      	add	r3, sp, #12
100006fc:	58f1      	ldr	r1, [r6, r3]
100006fe:	f002 fc25 	bl	10002f4c <__wrap___aeabi_fadd>
10000702:	51b8      	str	r0, [r7, r6]
10000704:	3401      	adds	r4, #1
10000706:	2c0c      	cmp	r4, #12
10000708:	ddf4      	ble.n	100006f4 <capture_template_once+0xc8>
1000070a:	3501      	adds	r5, #1
1000070c:	2d31      	cmp	r5, #49	@ 0x31
1000070e:	dc0d      	bgt.n	1000072c <capture_template_once+0x100>
10000710:	4c12      	ldr	r4, [pc, #72]	@ (1000075c <capture_template_once+0x130>)
10000712:	21a0      	movs	r1, #160	@ 0xa0
10000714:	0020      	movs	r0, r4
10000716:	f000 f98b 	bl	10000a30 <audio_get_frame>
1000071a:	21c8      	movs	r1, #200	@ 0xc8
1000071c:	0049      	lsls	r1, r1, #1
1000071e:	0020      	movs	r0, r4
10000720:	f000 f934 	bl	1000098c <audio_get_recent>
10000724:	2400      	movs	r4, #0
10000726:	e7d5      	b.n	100006d4 <capture_template_once+0xa8>
10000728:	2500      	movs	r5, #0
1000072a:	e7ef      	b.n	1000070c <capture_template_once+0xe0>
1000072c:	2400      	movs	r4, #0
1000072e:	e008      	b.n	10000742 <capture_template_once+0x116>
10000730:	00a5      	lsls	r5, r4, #2
10000732:	ab13      	add	r3, sp, #76	@ 0x4c
10000734:	58e8      	ldr	r0, [r5, r3]
10000736:	490c      	ldr	r1, [pc, #48]	@ (10000768 <capture_template_once+0x13c>)
10000738:	f002 fc0b 	bl	10002f52 <__wrap___aeabi_fdiv>
1000073c:	4b0b      	ldr	r3, [pc, #44]	@ (1000076c <capture_template_once+0x140>)
1000073e:	5158      	str	r0, [r3, r5]
10000740:	3401      	adds	r4, #1
10000742:	2c0c      	cmp	r4, #12
10000744:	ddf4      	ble.n	10000730 <capture_template_once+0x104>
10000746:	4b0a      	ldr	r3, [pc, #40]	@ (10000770 <capture_template_once+0x144>)
10000748:	2201      	movs	r2, #1
1000074a:	601a      	str	r2, [r3, #0]
1000074c:	4809      	ldr	r0, [pc, #36]	@ (10000774 <capture_template_once+0x148>)
1000074e:	f004 fa3b 	bl	10004bc8 <__wrap_puts>
10000752:	b021      	add	sp, #132	@ 0x84
10000754:	bdf0      	pop	{r4, r5, r6, r7, pc}
10000756:	46c0      	nop			@ (mov r8, r8)
10000758:	10007b28 	.word	0x10007b28
1000075c:	200039b8 	.word	0x200039b8
10000760:	20002a14 	.word	0x20002a14
10000764:	20004a98 	.word	0x20004a98
10000768:	42480000 	.word	0x42480000
1000076c:	200058d8 	.word	0x200058d8
10000770:	2000f9ac 	.word	0x2000f9ac
10000774:	10007b68 	.word	0x10007b68

10000778 <main>:
10000778:	b570      	push	{r4, r5, r6, lr}
1000077a:	b096      	sub	sp, #88	@ 0x58
1000077c:	f004 f9f6 	bl	10004b6c <stdio_init_all>
10000780:	20c8      	movs	r0, #200	@ 0xc8
10000782:	0040      	lsls	r0, r0, #1
10000784:	f001 fbca 	bl	10001f1c <sleep_ms>
10000788:	f000 f8da 	bl	10000940 <audio_init>
1000078c:	20fa      	movs	r0, #250	@ 0xfa
1000078e:	220d      	movs	r2, #13
10000790:	211a      	movs	r1, #26
10000792:	0180      	lsls	r0, r0, #6
10000794:	f000 fa44 	bl	10000c20 <mfcc_init>
10000798:	f7ff fdca 	bl	10000330 <make_hamming>
1000079c:	a814      	add	r0, sp, #80	@ 0x50
1000079e:	f7ff fd99 	bl	100002d4 <agc_init>
100007a2:	a811      	add	r0, sp, #68	@ 0x44
100007a4:	f7ff fdb8 	bl	10000318 <vad_init>
100007a8:	a810      	add	r0, sp, #64	@ 0x40
100007aa:	f7ff fdbd 	bl	10000328 <kws_init>
100007ae:	4834      	ldr	r0, [pc, #208]	@ (10000880 <main+0x108>)
100007b0:	f004 fa0a 	bl	10004bc8 <__wrap_puts>
100007b4:	4833      	ldr	r0, [pc, #204]	@ (10000884 <main+0x10c>)
100007b6:	f004 fa07 	bl	10004bc8 <__wrap_puts>
100007ba:	e047      	b.n	1000084c <main+0xd4>
100007bc:	4b32      	ldr	r3, [pc, #200]	@ (10000888 <main+0x110>)
100007be:	0062      	lsls	r2, r4, #1
100007c0:	5ed0      	ldrsh	r0, [r2, r3]
100007c2:	f002 fc2d 	bl	10003020 <__wrap___aeabi_i2f>
100007c6:	21e0      	movs	r1, #224	@ 0xe0
100007c8:	0589      	lsls	r1, r1, #22
100007ca:	f002 fbd6 	bl	10002f7a <__wrap___aeabi_fmul>
100007ce:	4b2f      	ldr	r3, [pc, #188]	@ (1000088c <main+0x114>)
100007d0:	00a2      	lsls	r2, r4, #2
100007d2:	5098      	str	r0, [r3, r2]
100007d4:	3401      	adds	r4, #1
100007d6:	23c8      	movs	r3, #200	@ 0xc8
100007d8:	005b      	lsls	r3, r3, #1
100007da:	429c      	cmp	r4, r3
100007dc:	dbee      	blt.n	100007bc <main+0x44>
100007de:	001d      	movs	r5, r3
100007e0:	4c2a      	ldr	r4, [pc, #168]	@ (1000088c <main+0x114>)
100007e2:	001a      	movs	r2, r3
100007e4:	0021      	movs	r1, r4
100007e6:	a814      	add	r0, sp, #80	@ 0x50
100007e8:	f7ff fdca 	bl	10000380 <agc_process>
100007ec:	0029      	movs	r1, r5
100007ee:	0020      	movs	r0, r4
100007f0:	f7ff fd76 	bl	100002e0 <preemph>
100007f4:	002a      	movs	r2, r5
100007f6:	0021      	movs	r1, r4
100007f8:	a811      	add	r0, sp, #68	@ 0x44
100007fa:	f7ff fea9 	bl	10000550 <vad_update>
100007fe:	2400      	movs	r4, #0
10000800:	e008      	b.n	10000814 <main+0x9c>
10000802:	4e22      	ldr	r6, [pc, #136]	@ (1000088c <main+0x114>)
10000804:	00a5      	lsls	r5, r4, #2
10000806:	59a8      	ldr	r0, [r5, r6]
10000808:	4b21      	ldr	r3, [pc, #132]	@ (10000890 <main+0x118>)
1000080a:	58e9      	ldr	r1, [r5, r3]
1000080c:	f002 fbb5 	bl	10002f7a <__wrap___aeabi_fmul>
10000810:	5170      	str	r0, [r6, r5]
10000812:	3401      	adds	r4, #1
10000814:	23c8      	movs	r3, #200	@ 0xc8
10000816:	005b      	lsls	r3, r3, #1
10000818:	429c      	cmp	r4, r3
1000081a:	dbf2      	blt.n	10000802 <main+0x8a>
1000081c:	ac03      	add	r4, sp, #12
1000081e:	21c8      	movs	r1, #200	@ 0xc8
10000820:	481a      	ldr	r0, [pc, #104]	@ (1000088c <main+0x114>)
10000822:	3b90      	subs	r3, #144	@ 0x90
10000824:	3bff      	subs	r3, #255	@ 0xff
10000826:	9300      	str	r3, [sp, #0]
10000828:	330c      	adds	r3, #12
1000082a:	0022      	movs	r2, r4
1000082c:	0049      	lsls	r1, r1, #1
1000082e:	f000 fb81 	bl	10000f34 <mfcc_compute>
10000832:	0021      	movs	r1, r4
10000834:	a810      	add	r0, sp, #64	@ 0x40
10000836:	f7ff fe65 	bl	10000504 <kws_detect>
1000083a:	2800      	cmp	r0, #0
1000083c:	d111      	bne.n	10000862 <main+0xea>
1000083e:	2000      	movs	r0, #0
10000840:	f004 f998 	bl	10004b74 <stdio_getchar_timeout_us>
10000844:	2874      	cmp	r0, #116	@ 0x74
10000846:	d010      	beq.n	1000086a <main+0xf2>
10000848:	2872      	cmp	r0, #114	@ 0x72
1000084a:	d011      	beq.n	10000870 <main+0xf8>
1000084c:	4811      	ldr	r0, [pc, #68]	@ (10000894 <main+0x11c>)
1000084e:	21a0      	movs	r1, #160	@ 0xa0
10000850:	f000 f8ee 	bl	10000a30 <audio_get_frame>
10000854:	21c8      	movs	r1, #200	@ 0xc8
10000856:	480c      	ldr	r0, [pc, #48]	@ (10000888 <main+0x110>)
10000858:	0049      	lsls	r1, r1, #1
1000085a:	f000 f897 	bl	1000098c <audio_get_recent>
1000085e:	2400      	movs	r4, #0
10000860:	e7b9      	b.n	100007d6 <main+0x5e>
10000862:	480d      	ldr	r0, [pc, #52]	@ (10000898 <main+0x120>)
10000864:	f004 f9b0 	bl	10004bc8 <__wrap_puts>
10000868:	e7e9      	b.n	1000083e <main+0xc6>
1000086a:	f7ff fedf 	bl	1000062c <capture_template_once>
1000086e:	e7ed      	b.n	1000084c <main+0xd4>
10000870:	4b0a      	ldr	r3, [pc, #40]	@ (1000089c <main+0x124>)
10000872:	2200      	movs	r2, #0
10000874:	601a      	str	r2, [r3, #0]
10000876:	480a      	ldr	r0, [pc, #40]	@ (100008a0 <main+0x128>)
10000878:	f004 f9a6 	bl	10004bc8 <__wrap_puts>
1000087c:	e7e6      	b.n	1000084c <main+0xd4>
1000087e:	46c0      	nop			@ (mov r8, r8)
10000880:	10007b7c 	.word	0x10007b7c
10000884:	10007bbc 	.word	0x10007bbc
10000888:	20003698 	.word	0x20003698
1000088c:	20003054 	.word	0x20003054
10000890:	20004a98 	.word	0x20004a98
10000894:	2000f9b0 	.word	0x2000f9b0
10000898:	10007bcc 	.word	0x10007bcc
1000089c:	2000f9ac 	.word	0x2000f9ac
100008a0:	10007be8 	.word	0x10007be8

100008a4 <sample_cb>:
100008a4:	4b0f      	ldr	r3, [pc, #60]	@ (100008e4 <sample_cb+0x40>)
100008a6:	781b      	ldrb	r3, [r3, #0]
100008a8:	2b00      	cmp	r3, #0
100008aa:	d018      	beq.n	100008de <sample_cb+0x3a>
100008ac:	4b0e      	ldr	r3, [pc, #56]	@ (100008e8 <sample_cb+0x44>)
100008ae:	2204      	movs	r2, #4
100008b0:	601a      	str	r2, [r3, #0]
100008b2:	4b0e      	ldr	r3, [pc, #56]	@ (100008ec <sample_cb+0x48>)
100008b4:	681b      	ldr	r3, [r3, #0]
100008b6:	05db      	lsls	r3, r3, #23
100008b8:	d5fb      	bpl.n	100008b2 <sample_cb+0xe>
100008ba:	4b0c      	ldr	r3, [pc, #48]	@ (100008ec <sample_cb+0x48>)
100008bc:	685b      	ldr	r3, [r3, #4]
100008be:	b29b      	uxth	r3, r3
100008c0:	4a0b      	ldr	r2, [pc, #44]	@ (100008f0 <sample_cb+0x4c>)
100008c2:	4694      	mov	ip, r2
100008c4:	4463      	add	r3, ip
100008c6:	b29b      	uxth	r3, r3
100008c8:	011b      	lsls	r3, r3, #4
100008ca:	4a0a      	ldr	r2, [pc, #40]	@ (100008f4 <sample_cb+0x50>)
100008cc:	8811      	ldrh	r1, [r2, #0]
100008ce:	480a      	ldr	r0, [pc, #40]	@ (100008f8 <sample_cb+0x54>)
100008d0:	0049      	lsls	r1, r1, #1
100008d2:	5243      	strh	r3, [r0, r1]
100008d4:	8813      	ldrh	r3, [r2, #0]
100008d6:	3301      	adds	r3, #1
100008d8:	04db      	lsls	r3, r3, #19
100008da:	0cdb      	lsrs	r3, r3, #19
100008dc:	8013      	strh	r3, [r2, #0]
100008de:	2001      	movs	r0, #1
100008e0:	4770      	bx	lr
100008e2:	46c0      	nop			@ (mov r8, r8)
100008e4:	2001415c 	.word	0x2001415c
100008e8:	4004e000 	.word	0x4004e000
100008ec:	4004c000 	.word	0x4004c000
100008f0:	fffff800 	.word	0xfffff800
100008f4:	20014152 	.word	0x20014152
100008f8:	2000ff30 	.word	0x2000ff30

100008fc <adc_gpio_init>:
100008fc:	b510      	push	{r4, lr}
100008fe:	0004      	movs	r4, r0
10000900:	211f      	movs	r1, #31
10000902:	f000 fbe9 	bl	100010d8 <gpio_set_function>
10000906:	2200      	movs	r2, #0
10000908:	2100      	movs	r1, #0
1000090a:	0020      	movs	r0, r4
1000090c:	f000 fbfe 	bl	1000110c <gpio_set_pulls>
10000910:	2100      	movs	r1, #0
10000912:	0020      	movs	r0, r4
10000914:	f000 fc16 	bl	10001144 <gpio_set_input_enabled>
10000918:	bd10      	pop	{r4, pc}

1000091a <add_repeating_timer_us>:
1000091a:	b5f0      	push	{r4, r5, r6, r7, lr}
1000091c:	b085      	sub	sp, #20
1000091e:	0005      	movs	r5, r0
10000920:	000c      	movs	r4, r1
10000922:	0016      	movs	r6, r2
10000924:	001f      	movs	r7, r3
10000926:	f001 f9ab 	bl	10001c80 <alarm_pool_get_default>
1000092a:	9b0a      	ldr	r3, [sp, #40]	@ 0x28
1000092c:	9302      	str	r3, [sp, #8]
1000092e:	9701      	str	r7, [sp, #4]
10000930:	9600      	str	r6, [sp, #0]
10000932:	002a      	movs	r2, r5
10000934:	0023      	movs	r3, r4
10000936:	f001 fb89 	bl	1000204c <alarm_pool_add_repeating_timer_us>
1000093a:	b005      	add	sp, #20
1000093c:	bdf0      	pop	{r4, r5, r6, r7, pc}
	...

10000940 <audio_init>:
10000940:	b500      	push	{lr}
10000942:	b083      	sub	sp, #12
10000944:	f007 f818 	bl	10007978 <adc_init>
10000948:	201a      	movs	r0, #26
1000094a:	f7ff ffd7 	bl	100008fc <adc_gpio_init>
1000094e:	4b0a      	ldr	r3, [pc, #40]	@ (10000978 <audio_init+0x38>)
10000950:	681b      	ldr	r3, [r3, #0]
10000952:	22e0      	movs	r2, #224	@ 0xe0
10000954:	01d2      	lsls	r2, r2, #7
10000956:	4013      	ands	r3, r2
10000958:	4a08      	ldr	r2, [pc, #32]	@ (1000097c <audio_init+0x3c>)
1000095a:	6013      	str	r3, [r2, #0]
1000095c:	4b08      	ldr	r3, [pc, #32]	@ (10000980 <audio_init+0x40>)
1000095e:	2201      	movs	r2, #1
10000960:	701a      	strb	r2, [r3, #0]
10000962:	4a08      	ldr	r2, [pc, #32]	@ (10000984 <audio_init+0x44>)
10000964:	4b08      	ldr	r3, [pc, #32]	@ (10000988 <audio_init+0x48>)
10000966:	9300      	str	r3, [sp, #0]
10000968:	2300      	movs	r3, #0
1000096a:	203f      	movs	r0, #63	@ 0x3f
1000096c:	4240      	negs	r0, r0
1000096e:	17c1      	asrs	r1, r0, #31
10000970:	f7ff ffd3 	bl	1000091a <add_repeating_timer_us>
10000974:	b003      	add	sp, #12
10000976:	bd00      	pop	{pc}
10000978:	4004c000 	.word	0x4004c000
1000097c:	4004d000 	.word	0x4004d000
10000980:	2001415c 	.word	0x2001415c
10000984:	100008a5 	.word	0x100008a5
10000988:	20000e58 	.word	0x20000e58

1000098c <audio_get_recent>:
1000098c:	b5f0      	push	{r4, r5, r6, r7, lr}
1000098e:	46c6      	mov	lr, r8
10000990:	b500      	push	{lr}
10000992:	0005      	movs	r5, r0
10000994:	1e0c      	subs	r4, r1, #0
10000996:	d016      	beq.n	100009c6 <audio_get_recent+0x3a>
10000998:	2380      	movs	r3, #128	@ 0x80
1000099a:	019b      	lsls	r3, r3, #6
1000099c:	4299      	cmp	r1, r3
1000099e:	d900      	bls.n	100009a2 <audio_get_recent+0x16>
100009a0:	001c      	movs	r4, r3
100009a2:	4b14      	ldr	r3, [pc, #80]	@ (100009f4 <audio_get_recent+0x68>)
100009a4:	8819      	ldrh	r1, [r3, #0]
100009a6:	b2a3      	uxth	r3, r4
100009a8:	1ac9      	subs	r1, r1, r3
100009aa:	04c9      	lsls	r1, r1, #19
100009ac:	0cc9      	lsrs	r1, r1, #19
100009ae:	190a      	adds	r2, r1, r4
100009b0:	2380      	movs	r3, #128	@ 0x80
100009b2:	019b      	lsls	r3, r3, #6
100009b4:	429a      	cmp	r2, r3
100009b6:	d809      	bhi.n	100009cc <audio_get_recent+0x40>
100009b8:	0049      	lsls	r1, r1, #1
100009ba:	4b0f      	ldr	r3, [pc, #60]	@ (100009f8 <audio_get_recent+0x6c>)
100009bc:	18c9      	adds	r1, r1, r3
100009be:	0062      	lsls	r2, r4, #1
100009c0:	0028      	movs	r0, r5
100009c2:	f002 fe59 	bl	10003678 <__wrap___aeabi_memcpy>
100009c6:	bc80      	pop	{r7}
100009c8:	46b8      	mov	r8, r7
100009ca:	bdf0      	pop	{r4, r5, r6, r7, pc}
100009cc:	2780      	movs	r7, #128	@ 0x80
100009ce:	01bf      	lsls	r7, r7, #6
100009d0:	1a7f      	subs	r7, r7, r1
100009d2:	0049      	lsls	r1, r1, #1
100009d4:	4e08      	ldr	r6, [pc, #32]	@ (100009f8 <audio_get_recent+0x6c>)
100009d6:	1989      	adds	r1, r1, r6
100009d8:	007b      	lsls	r3, r7, #1
100009da:	4698      	mov	r8, r3
100009dc:	001a      	movs	r2, r3
100009de:	0028      	movs	r0, r5
100009e0:	f002 fe4a 	bl	10003678 <__wrap___aeabi_memcpy>
100009e4:	0028      	movs	r0, r5
100009e6:	4440      	add	r0, r8
100009e8:	1be4      	subs	r4, r4, r7
100009ea:	0062      	lsls	r2, r4, #1
100009ec:	0031      	movs	r1, r6
100009ee:	f002 fe43 	bl	10003678 <__wrap___aeabi_memcpy>
100009f2:	e7e8      	b.n	100009c6 <audio_get_recent+0x3a>
100009f4:	20014152 	.word	0x20014152
100009f8:	2000ff30 	.word	0x2000ff30

100009fc <audio_read_block>:
100009fc:	b510      	push	{r4, lr}
100009fe:	1e0c      	subs	r4, r1, #0
10000a00:	d011      	beq.n	10000a26 <audio_read_block+0x2a>
10000a02:	2380      	movs	r3, #128	@ 0x80
10000a04:	019b      	lsls	r3, r3, #6
10000a06:	4299      	cmp	r1, r3
10000a08:	d900      	bls.n	10000a0c <audio_read_block+0x10>
10000a0a:	001c      	movs	r4, r3
10000a0c:	4b07      	ldr	r3, [pc, #28]	@ (10000a2c <audio_read_block+0x30>)
10000a0e:	8819      	ldrh	r1, [r3, #0]
10000a10:	b289      	uxth	r1, r1
10000a12:	4b06      	ldr	r3, [pc, #24]	@ (10000a2c <audio_read_block+0x30>)
10000a14:	881b      	ldrh	r3, [r3, #0]
10000a16:	1a5b      	subs	r3, r3, r1
10000a18:	b29b      	uxth	r3, r3
10000a1a:	b2a2      	uxth	r2, r4
10000a1c:	4293      	cmp	r3, r2
10000a1e:	d3f8      	bcc.n	10000a12 <audio_read_block+0x16>
10000a20:	0021      	movs	r1, r4
10000a22:	f7ff ffb3 	bl	1000098c <audio_get_recent>
10000a26:	0020      	movs	r0, r4
10000a28:	bd10      	pop	{r4, pc}
10000a2a:	46c0      	nop			@ (mov r8, r8)
10000a2c:	20014152 	.word	0x20014152

10000a30 <audio_get_frame>:
10000a30:	b510      	push	{r4, lr}
10000a32:	f7ff ffe3 	bl	100009fc <audio_read_block>
10000a36:	bd10      	pop	{r4, pc}

10000a38 <mel_to_hz>:
10000a38:	b510      	push	{r4, lr}
10000a3a:	4907      	ldr	r1, [pc, #28]	@ (10000a58 <mel_to_hz+0x20>)
10000a3c:	f002 fa89 	bl	10002f52 <__wrap___aeabi_fdiv>
10000a40:	1c01      	adds	r1, r0, #0
10000a42:	4806      	ldr	r0, [pc, #24]	@ (10000a5c <mel_to_hz+0x24>)
10000a44:	f002 fd08 	bl	10003458 <__wrap_powf>
10000a48:	21fe      	movs	r1, #254	@ 0xfe
10000a4a:	0589      	lsls	r1, r1, #22
10000a4c:	f002 fa7b 	bl	10002f46 <__wrap___aeabi_fsub>
10000a50:	4903      	ldr	r1, [pc, #12]	@ (10000a60 <mel_to_hz+0x28>)
10000a52:	f002 fa92 	bl	10002f7a <__wrap___aeabi_fmul>
10000a56:	bd10      	pop	{r4, pc}
10000a58:	45223000 	.word	0x45223000
10000a5c:	41200000 	.word	0x41200000
10000a60:	442f0000 	.word	0x442f0000

10000a64 <fft>:
10000a64:	b5f0      	push	{r4, r5, r6, r7, lr}
10000a66:	46de      	mov	lr, fp
10000a68:	4657      	mov	r7, sl
10000a6a:	464e      	mov	r6, r9
10000a6c:	4645      	mov	r5, r8
10000a6e:	b5e0      	push	{r5, r6, r7, lr}
10000a70:	b093      	sub	sp, #76	@ 0x4c
10000a72:	9008      	str	r0, [sp, #32]
10000a74:	000e      	movs	r6, r1
10000a76:	2200      	movs	r2, #0
10000a78:	2101      	movs	r1, #1
10000a7a:	4681      	mov	r9, r0
10000a7c:	e019      	b.n	10000ab2 <fft+0x4e>
10000a7e:	439a      	bics	r2, r3
10000a80:	105b      	asrs	r3, r3, #1
10000a82:	4213      	tst	r3, r2
10000a84:	d1fb      	bne.n	10000a7e <fft+0x1a>
10000a86:	431a      	orrs	r2, r3
10000a88:	4291      	cmp	r1, r2
10000a8a:	da11      	bge.n	10000ab0 <fft+0x4c>
10000a8c:	00c8      	lsls	r0, r1, #3
10000a8e:	4448      	add	r0, r9
10000a90:	4684      	mov	ip, r0
10000a92:	ac10      	add	r4, sp, #64	@ 0x40
10000a94:	0023      	movs	r3, r4
10000a96:	0007      	movs	r7, r0
10000a98:	cf21      	ldmia	r7!, {r0, r5}
10000a9a:	c321      	stmia	r3!, {r0, r5}
10000a9c:	00d3      	lsls	r3, r2, #3
10000a9e:	444b      	add	r3, r9
10000aa0:	4698      	mov	r8, r3
10000aa2:	4660      	mov	r0, ip
10000aa4:	001f      	movs	r7, r3
10000aa6:	cf28      	ldmia	r7!, {r3, r5}
10000aa8:	c028      	stmia	r0!, {r3, r5}
10000aaa:	4643      	mov	r3, r8
10000aac:	cc81      	ldmia	r4!, {r0, r7}
10000aae:	c381      	stmia	r3!, {r0, r7}
10000ab0:	3101      	adds	r1, #1
10000ab2:	42b1      	cmp	r1, r6
10000ab4:	da01      	bge.n	10000aba <fft+0x56>
10000ab6:	1073      	asrs	r3, r6, #1
10000ab8:	e7e3      	b.n	10000a82 <fft+0x1e>
10000aba:	2302      	movs	r3, #2
10000abc:	9305      	str	r3, [sp, #20]
10000abe:	9609      	str	r6, [sp, #36]	@ 0x24
10000ac0:	e08c      	b.n	10000bdc <fft+0x178>
10000ac2:	9a04      	ldr	r2, [sp, #16]
10000ac4:	9901      	ldr	r1, [sp, #4]
10000ac6:	1854      	adds	r4, r2, r1
10000ac8:	00e5      	lsls	r5, r4, #3
10000aca:	9a08      	ldr	r2, [sp, #32]
10000acc:	4694      	mov	ip, r2
10000ace:	4465      	add	r5, ip
10000ad0:	a90e      	add	r1, sp, #56	@ 0x38
10000ad2:	468a      	mov	sl, r1
10000ad4:	002f      	movs	r7, r5
10000ad6:	cf41      	ldmia	r7!, {r0, r6}
10000ad8:	c141      	stmia	r1!, {r0, r6}
10000ada:	18e4      	adds	r4, r4, r3
10000adc:	00e4      	lsls	r4, r4, #3
10000ade:	4464      	add	r4, ip
10000ae0:	6826      	ldr	r6, [r4, #0]
10000ae2:	ab0c      	add	r3, sp, #48	@ 0x30
10000ae4:	469b      	mov	fp, r3
10000ae6:	9b0c      	ldr	r3, [sp, #48]	@ 0x30
10000ae8:	4699      	mov	r9, r3
10000aea:	1c19      	adds	r1, r3, #0
10000aec:	1c30      	adds	r0, r6, #0
10000aee:	f002 fa44 	bl	10002f7a <__wrap___aeabi_fmul>
10000af2:	9002      	str	r0, [sp, #8]
10000af4:	6863      	ldr	r3, [r4, #4]
10000af6:	1c1f      	adds	r7, r3, #0
10000af8:	465a      	mov	r2, fp
10000afa:	6852      	ldr	r2, [r2, #4]
10000afc:	4690      	mov	r8, r2
10000afe:	1c11      	adds	r1, r2, #0
10000b00:	1c18      	adds	r0, r3, #0
10000b02:	f002 fa3a 	bl	10002f7a <__wrap___aeabi_fmul>
10000b06:	1c01      	adds	r1, r0, #0
10000b08:	9802      	ldr	r0, [sp, #8]
10000b0a:	f002 fa1c 	bl	10002f46 <__wrap___aeabi_fsub>
10000b0e:	9003      	str	r0, [sp, #12]
10000b10:	9010      	str	r0, [sp, #64]	@ 0x40
10000b12:	4641      	mov	r1, r8
10000b14:	1c30      	adds	r0, r6, #0
10000b16:	f002 fa30 	bl	10002f7a <__wrap___aeabi_fmul>
10000b1a:	1c06      	adds	r6, r0, #0
10000b1c:	1c39      	adds	r1, r7, #0
10000b1e:	4648      	mov	r0, r9
10000b20:	f002 fa2b 	bl	10002f7a <__wrap___aeabi_fmul>
10000b24:	1c01      	adds	r1, r0, #0
10000b26:	1c30      	adds	r0, r6, #0
10000b28:	f002 fa10 	bl	10002f4c <__wrap___aeabi_fadd>
10000b2c:	1c06      	adds	r6, r0, #0
10000b2e:	9011      	str	r0, [sp, #68]	@ 0x44
10000b30:	9a0e      	ldr	r2, [sp, #56]	@ 0x38
10000b32:	9202      	str	r2, [sp, #8]
10000b34:	1c11      	adds	r1, r2, #0
10000b36:	9f03      	ldr	r7, [sp, #12]
10000b38:	1c38      	adds	r0, r7, #0
10000b3a:	f002 fa07 	bl	10002f4c <__wrap___aeabi_fadd>
10000b3e:	6028      	str	r0, [r5, #0]
10000b40:	4653      	mov	r3, sl
10000b42:	685b      	ldr	r3, [r3, #4]
10000b44:	469a      	mov	sl, r3
10000b46:	1c19      	adds	r1, r3, #0
10000b48:	1c30      	adds	r0, r6, #0
10000b4a:	f002 f9ff 	bl	10002f4c <__wrap___aeabi_fadd>
10000b4e:	6068      	str	r0, [r5, #4]
10000b50:	1c39      	adds	r1, r7, #0
10000b52:	9802      	ldr	r0, [sp, #8]
10000b54:	f002 f9f7 	bl	10002f46 <__wrap___aeabi_fsub>
10000b58:	6020      	str	r0, [r4, #0]
10000b5a:	1c31      	adds	r1, r6, #0
10000b5c:	4650      	mov	r0, sl
10000b5e:	f002 f9f2 	bl	10002f46 <__wrap___aeabi_fsub>
10000b62:	6060      	str	r0, [r4, #4]
10000b64:	4649      	mov	r1, r9
10000b66:	9e06      	ldr	r6, [sp, #24]
10000b68:	1c30      	adds	r0, r6, #0
10000b6a:	f002 fa06 	bl	10002f7a <__wrap___aeabi_fmul>
10000b6e:	1c04      	adds	r4, r0, #0
10000b70:	4641      	mov	r1, r8
10000b72:	9d07      	ldr	r5, [sp, #28]
10000b74:	1c28      	adds	r0, r5, #0
10000b76:	f002 fa00 	bl	10002f7a <__wrap___aeabi_fmul>
10000b7a:	1c01      	adds	r1, r0, #0
10000b7c:	1c20      	adds	r0, r4, #0
10000b7e:	f002 f9e2 	bl	10002f46 <__wrap___aeabi_fsub>
10000b82:	1c04      	adds	r4, r0, #0
10000b84:	4649      	mov	r1, r9
10000b86:	1c28      	adds	r0, r5, #0
10000b88:	f002 f9f7 	bl	10002f7a <__wrap___aeabi_fmul>
10000b8c:	1c05      	adds	r5, r0, #0
10000b8e:	4641      	mov	r1, r8
10000b90:	1c30      	adds	r0, r6, #0
10000b92:	f002 f9f2 	bl	10002f7a <__wrap___aeabi_fmul>
10000b96:	1c01      	adds	r1, r0, #0
10000b98:	1c28      	adds	r0, r5, #0
10000b9a:	f002 f9d7 	bl	10002f4c <__wrap___aeabi_fadd>
10000b9e:	940c      	str	r4, [sp, #48]	@ 0x30
10000ba0:	465b      	mov	r3, fp
10000ba2:	6058      	str	r0, [r3, #4]
10000ba4:	9b01      	ldr	r3, [sp, #4]
10000ba6:	3301      	adds	r3, #1
10000ba8:	9301      	str	r3, [sp, #4]
10000baa:	9b05      	ldr	r3, [sp, #20]
10000bac:	105b      	asrs	r3, r3, #1
10000bae:	9a01      	ldr	r2, [sp, #4]
10000bb0:	4293      	cmp	r3, r2
10000bb2:	dc86      	bgt.n	10000ac2 <fft+0x5e>
10000bb4:	9b04      	ldr	r3, [sp, #16]
10000bb6:	9a05      	ldr	r2, [sp, #20]
10000bb8:	4694      	mov	ip, r2
10000bba:	4463      	add	r3, ip
10000bbc:	9304      	str	r3, [sp, #16]
10000bbe:	9b04      	ldr	r3, [sp, #16]
10000bc0:	9a09      	ldr	r2, [sp, #36]	@ 0x24
10000bc2:	4293      	cmp	r3, r2
10000bc4:	da07      	bge.n	10000bd6 <fft+0x172>
10000bc6:	23fe      	movs	r3, #254	@ 0xfe
10000bc8:	059b      	lsls	r3, r3, #22
10000bca:	930c      	str	r3, [sp, #48]	@ 0x30
10000bcc:	2300      	movs	r3, #0
10000bce:	930d      	str	r3, [sp, #52]	@ 0x34
10000bd0:	2700      	movs	r7, #0
10000bd2:	9701      	str	r7, [sp, #4]
10000bd4:	e7e9      	b.n	10000baa <fft+0x146>
10000bd6:	9b05      	ldr	r3, [sp, #20]
10000bd8:	005b      	lsls	r3, r3, #1
10000bda:	9305      	str	r3, [sp, #20]
10000bdc:	9b05      	ldr	r3, [sp, #20]
10000bde:	9a09      	ldr	r2, [sp, #36]	@ 0x24
10000be0:	4293      	cmp	r3, r2
10000be2:	dc13      	bgt.n	10000c0c <fft+0x1a8>
10000be4:	9805      	ldr	r0, [sp, #20]
10000be6:	f002 fa1b 	bl	10003020 <__wrap___aeabi_i2f>
10000bea:	1c01      	adds	r1, r0, #0
10000bec:	480b      	ldr	r0, [pc, #44]	@ (10000c1c <fft+0x1b8>)
10000bee:	f002 f9b0 	bl	10002f52 <__wrap___aeabi_fdiv>
10000bf2:	1c04      	adds	r4, r0, #0
10000bf4:	f002 fa7c 	bl	100030f0 <__wrap_cosf>
10000bf8:	9006      	str	r0, [sp, #24]
10000bfa:	900a      	str	r0, [sp, #40]	@ 0x28
10000bfc:	1c20      	adds	r0, r4, #0
10000bfe:	f002 fa89 	bl	10003114 <__wrap_sinf>
10000c02:	9007      	str	r0, [sp, #28]
10000c04:	900b      	str	r0, [sp, #44]	@ 0x2c
10000c06:	2300      	movs	r3, #0
10000c08:	9304      	str	r3, [sp, #16]
10000c0a:	e7d8      	b.n	10000bbe <fft+0x15a>
10000c0c:	b013      	add	sp, #76	@ 0x4c
10000c0e:	bcf0      	pop	{r4, r5, r6, r7}
10000c10:	46bb      	mov	fp, r7
10000c12:	46b2      	mov	sl, r6
10000c14:	46a9      	mov	r9, r5
10000c16:	46a0      	mov	r8, r4
10000c18:	bdf0      	pop	{r4, r5, r6, r7, pc}
10000c1a:	46c0      	nop			@ (mov r8, r8)
10000c1c:	c0c90fdb 	.word	0xc0c90fdb

10000c20 <mfcc_init>:
10000c20:	b5f0      	push	{r4, r5, r6, r7, lr}
10000c22:	46de      	mov	lr, fp
10000c24:	4657      	mov	r7, sl
10000c26:	464e      	mov	r6, r9
10000c28:	4645      	mov	r5, r8
10000c2a:	b5e0      	push	{r5, r6, r7, lr}
10000c2c:	b0d7      	sub	sp, #348	@ 0x15c
10000c2e:	0005      	movs	r5, r0
10000c30:	4baf      	ldr	r3, [pc, #700]	@ (10000ef0 <mfcc_init+0x2d0>)
10000c32:	6018      	str	r0, [r3, #0]
10000c34:	4baf      	ldr	r3, [pc, #700]	@ (10000ef4 <mfcc_init+0x2d4>)
10000c36:	6019      	str	r1, [r3, #0]
10000c38:	2928      	cmp	r1, #40	@ 0x28
10000c3a:	dd01      	ble.n	10000c40 <mfcc_init+0x20>
10000c3c:	2128      	movs	r1, #40	@ 0x28
10000c3e:	6019      	str	r1, [r3, #0]
10000c40:	4bad      	ldr	r3, [pc, #692]	@ (10000ef8 <mfcc_init+0x2d8>)
10000c42:	601a      	str	r2, [r3, #0]
10000c44:	2a14      	cmp	r2, #20
10000c46:	dd01      	ble.n	10000c4c <mfcc_init+0x2c>
10000c48:	2214      	movs	r2, #20
10000c4a:	601a      	str	r2, [r3, #0]
10000c4c:	4bab      	ldr	r3, [pc, #684]	@ (10000efc <mfcc_init+0x2dc>)
10000c4e:	2280      	movs	r2, #128	@ 0x80
10000c50:	0092      	lsls	r2, r2, #2
10000c52:	601a      	str	r2, [r3, #0]
10000c54:	2400      	movs	r4, #0
10000c56:	e015      	b.n	10000c84 <mfcc_init+0x64>
10000c58:	0020      	movs	r0, r4
10000c5a:	f002 f9e1 	bl	10003020 <__wrap___aeabi_i2f>
10000c5e:	49a8      	ldr	r1, [pc, #672]	@ (10000f00 <mfcc_init+0x2e0>)
10000c60:	f002 f98b 	bl	10002f7a <__wrap___aeabi_fmul>
10000c64:	49a7      	ldr	r1, [pc, #668]	@ (10000f04 <mfcc_init+0x2e4>)
10000c66:	f002 f974 	bl	10002f52 <__wrap___aeabi_fdiv>
10000c6a:	f002 fa41 	bl	100030f0 <__wrap_cosf>
10000c6e:	49a6      	ldr	r1, [pc, #664]	@ (10000f08 <mfcc_init+0x2e8>)
10000c70:	f002 f983 	bl	10002f7a <__wrap___aeabi_fmul>
10000c74:	1c01      	adds	r1, r0, #0
10000c76:	48a5      	ldr	r0, [pc, #660]	@ (10000f0c <mfcc_init+0x2ec>)
10000c78:	f002 f965 	bl	10002f46 <__wrap___aeabi_fsub>
10000c7c:	4ba4      	ldr	r3, [pc, #656]	@ (10000f10 <mfcc_init+0x2f0>)
10000c7e:	00a2      	lsls	r2, r4, #2
10000c80:	5098      	str	r0, [r3, r2]
10000c82:	3401      	adds	r4, #1
10000c84:	2380      	movs	r3, #128	@ 0x80
10000c86:	009b      	lsls	r3, r3, #2
10000c88:	429c      	cmp	r4, r3
10000c8a:	dbe5      	blt.n	10000c58 <mfcc_init+0x38>
10000c8c:	0028      	movs	r0, r5
10000c8e:	f002 f9c7 	bl	10003020 <__wrap___aeabi_i2f>
10000c92:	21fc      	movs	r1, #252	@ 0xfc
10000c94:	0589      	lsls	r1, r1, #22
10000c96:	f002 f970 	bl	10002f7a <__wrap___aeabi_fmul>
10000c9a:	499e      	ldr	r1, [pc, #632]	@ (10000f14 <mfcc_init+0x2f4>)
10000c9c:	f002 f959 	bl	10002f52 <__wrap___aeabi_fdiv>
10000ca0:	21fe      	movs	r1, #254	@ 0xfe
10000ca2:	0589      	lsls	r1, r1, #22
10000ca4:	f002 f952 	bl	10002f4c <__wrap___aeabi_fadd>
10000ca8:	f002 fbcc 	bl	10003444 <__wrap_log10f>
10000cac:	499a      	ldr	r1, [pc, #616]	@ (10000f18 <mfcc_init+0x2f8>)
10000cae:	f002 f964 	bl	10002f7a <__wrap___aeabi_fmul>
10000cb2:	1c04      	adds	r4, r0, #0
10000cb4:	4b8f      	ldr	r3, [pc, #572]	@ (10000ef4 <mfcc_init+0x2d4>)
10000cb6:	681d      	ldr	r5, [r3, #0]
10000cb8:	3501      	adds	r5, #1
10000cba:	0028      	movs	r0, r5
10000cbc:	f002 f9b0 	bl	10003020 <__wrap___aeabi_i2f>
10000cc0:	1c01      	adds	r1, r0, #0
10000cc2:	1c20      	adds	r0, r4, #0
10000cc4:	f002 f945 	bl	10002f52 <__wrap___aeabi_fdiv>
10000cc8:	1c06      	adds	r6, r0, #0
10000cca:	2400      	movs	r4, #0
10000ccc:	e00c      	b.n	10000ce8 <mfcc_init+0xc8>
10000cce:	0020      	movs	r0, r4
10000cd0:	f002 f9a6 	bl	10003020 <__wrap___aeabi_i2f>
10000cd4:	1c31      	adds	r1, r6, #0
10000cd6:	f002 f950 	bl	10002f7a <__wrap___aeabi_fmul>
10000cda:	2100      	movs	r1, #0
10000cdc:	f002 f936 	bl	10002f4c <__wrap___aeabi_fadd>
10000ce0:	00a3      	lsls	r3, r4, #2
10000ce2:	aa2c      	add	r2, sp, #176	@ 0xb0
10000ce4:	50d0      	str	r0, [r2, r3]
10000ce6:	3401      	adds	r4, #1
10000ce8:	42a5      	cmp	r5, r4
10000cea:	daf0      	bge.n	10000cce <mfcc_init+0xae>
10000cec:	2400      	movs	r4, #0
10000cee:	e007      	b.n	10000d00 <mfcc_init+0xe0>
10000cf0:	00a5      	lsls	r5, r4, #2
10000cf2:	ab2c      	add	r3, sp, #176	@ 0xb0
10000cf4:	58e8      	ldr	r0, [r5, r3]
10000cf6:	f7ff fe9f 	bl	10000a38 <mel_to_hz>
10000cfa:	ab02      	add	r3, sp, #8
10000cfc:	5158      	str	r0, [r3, r5]
10000cfe:	3401      	adds	r4, #1
10000d00:	4b7c      	ldr	r3, [pc, #496]	@ (10000ef4 <mfcc_init+0x2d4>)
10000d02:	681b      	ldr	r3, [r3, #0]
10000d04:	469a      	mov	sl, r3
10000d06:	3301      	adds	r3, #1
10000d08:	42a3      	cmp	r3, r4
10000d0a:	daf1      	bge.n	10000cf0 <mfcc_init+0xd0>
10000d0c:	4b7b      	ldr	r3, [pc, #492]	@ (10000efc <mfcc_init+0x2dc>)
10000d0e:	681d      	ldr	r5, [r3, #0]
10000d10:	0feb      	lsrs	r3, r5, #31
10000d12:	195b      	adds	r3, r3, r5
10000d14:	105b      	asrs	r3, r3, #1
10000d16:	9301      	str	r3, [sp, #4]
10000d18:	4b75      	ldr	r3, [pc, #468]	@ (10000ef0 <mfcc_init+0x2d0>)
10000d1a:	6818      	ldr	r0, [r3, #0]
10000d1c:	f002 f980 	bl	10003020 <__wrap___aeabi_i2f>
10000d20:	1c04      	adds	r4, r0, #0
10000d22:	0028      	movs	r0, r5
10000d24:	f002 f97c 	bl	10003020 <__wrap___aeabi_i2f>
10000d28:	1c01      	adds	r1, r0, #0
10000d2a:	1c20      	adds	r0, r4, #0
10000d2c:	f002 f911 	bl	10002f52 <__wrap___aeabi_fdiv>
10000d30:	4683      	mov	fp, r0
10000d32:	2400      	movs	r4, #0
10000d34:	e066      	b.n	10000e04 <mfcc_init+0x1e4>
10000d36:	2300      	movs	r3, #0
10000d38:	4699      	mov	r9, r3
10000d3a:	e08d      	b.n	10000e58 <mfcc_init+0x238>
10000d3c:	464e      	mov	r6, r9
10000d3e:	e007      	b.n	10000d50 <mfcc_init+0x130>
10000d40:	2500      	movs	r5, #0
10000d42:	4a76      	ldr	r2, [pc, #472]	@ (10000f1c <mfcc_init+0x2fc>)
10000d44:	0223      	lsls	r3, r4, #8
10000d46:	191b      	adds	r3, r3, r4
10000d48:	199b      	adds	r3, r3, r6
10000d4a:	009b      	lsls	r3, r3, #2
10000d4c:	509d      	str	r5, [r3, r2]
10000d4e:	3601      	adds	r6, #1
10000d50:	4546      	cmp	r6, r8
10000d52:	dc20      	bgt.n	10000d96 <mfcc_init+0x176>
10000d54:	464b      	mov	r3, r9
10000d56:	1af0      	subs	r0, r6, r3
10000d58:	f002 f962 	bl	10003020 <__wrap___aeabi_i2f>
10000d5c:	1c05      	adds	r5, r0, #0
10000d5e:	4643      	mov	r3, r8
10000d60:	464a      	mov	r2, r9
10000d62:	1a98      	subs	r0, r3, r2
10000d64:	f002 f95c 	bl	10003020 <__wrap___aeabi_i2f>
10000d68:	496d      	ldr	r1, [pc, #436]	@ (10000f20 <mfcc_init+0x300>)
10000d6a:	f002 f8ef 	bl	10002f4c <__wrap___aeabi_fadd>
10000d6e:	1c01      	adds	r1, r0, #0
10000d70:	1c28      	adds	r0, r5, #0
10000d72:	f002 f8ee 	bl	10002f52 <__wrap___aeabi_fdiv>
10000d76:	1c05      	adds	r5, r0, #0
10000d78:	2100      	movs	r1, #0
10000d7a:	f002 f935 	bl	10002fe8 <__wrap___aeabi_fcmplt>
10000d7e:	2800      	cmp	r0, #0
10000d80:	d1de      	bne.n	10000d40 <mfcc_init+0x120>
10000d82:	21fe      	movs	r1, #254	@ 0xfe
10000d84:	0589      	lsls	r1, r1, #22
10000d86:	1c28      	adds	r0, r5, #0
10000d88:	f002 f944 	bl	10003014 <__wrap___aeabi_fcmpgt>
10000d8c:	2800      	cmp	r0, #0
10000d8e:	d0d8      	beq.n	10000d42 <mfcc_init+0x122>
10000d90:	25fe      	movs	r5, #254	@ 0xfe
10000d92:	05ad      	lsls	r5, r5, #22
10000d94:	e7d5      	b.n	10000d42 <mfcc_init+0x122>
10000d96:	4646      	mov	r6, r8
10000d98:	e012      	b.n	10000dc0 <mfcc_init+0x1a0>
10000d9a:	2500      	movs	r5, #0
10000d9c:	4a5f      	ldr	r2, [pc, #380]	@ (10000f1c <mfcc_init+0x2fc>)
10000d9e:	0223      	lsls	r3, r4, #8
10000da0:	191b      	adds	r3, r3, r4
10000da2:	199b      	adds	r3, r3, r6
10000da4:	009b      	lsls	r3, r3, #2
10000da6:	5898      	ldr	r0, [r3, r2]
10000da8:	1c29      	adds	r1, r5, #0
10000daa:	f002 f91d 	bl	10002fe8 <__wrap___aeabi_fcmplt>
10000dae:	2800      	cmp	r0, #0
10000db0:	d005      	beq.n	10000dbe <mfcc_init+0x19e>
10000db2:	4a5a      	ldr	r2, [pc, #360]	@ (10000f1c <mfcc_init+0x2fc>)
10000db4:	0223      	lsls	r3, r4, #8
10000db6:	191b      	adds	r3, r3, r4
10000db8:	199b      	adds	r3, r3, r6
10000dba:	009b      	lsls	r3, r3, #2
10000dbc:	509d      	str	r5, [r3, r2]
10000dbe:	3601      	adds	r6, #1
10000dc0:	42b7      	cmp	r7, r6
10000dc2:	db1e      	blt.n	10000e02 <mfcc_init+0x1e2>
10000dc4:	1bb8      	subs	r0, r7, r6
10000dc6:	f002 f92b 	bl	10003020 <__wrap___aeabi_i2f>
10000dca:	1c05      	adds	r5, r0, #0
10000dcc:	4643      	mov	r3, r8
10000dce:	1af8      	subs	r0, r7, r3
10000dd0:	f002 f926 	bl	10003020 <__wrap___aeabi_i2f>
10000dd4:	4952      	ldr	r1, [pc, #328]	@ (10000f20 <mfcc_init+0x300>)
10000dd6:	f002 f8b9 	bl	10002f4c <__wrap___aeabi_fadd>
10000dda:	1c01      	adds	r1, r0, #0
10000ddc:	1c28      	adds	r0, r5, #0
10000dde:	f002 f8b8 	bl	10002f52 <__wrap___aeabi_fdiv>
10000de2:	1c05      	adds	r5, r0, #0
10000de4:	2100      	movs	r1, #0
10000de6:	f002 f8ff 	bl	10002fe8 <__wrap___aeabi_fcmplt>
10000dea:	2800      	cmp	r0, #0
10000dec:	d1d5      	bne.n	10000d9a <mfcc_init+0x17a>
10000dee:	21fe      	movs	r1, #254	@ 0xfe
10000df0:	0589      	lsls	r1, r1, #22
10000df2:	1c28      	adds	r0, r5, #0
10000df4:	f002 f90e 	bl	10003014 <__wrap___aeabi_fcmpgt>
10000df8:	2800      	cmp	r0, #0
10000dfa:	d0cf      	beq.n	10000d9c <mfcc_init+0x17c>
10000dfc:	25fe      	movs	r5, #254	@ 0xfe
10000dfe:	05ad      	lsls	r5, r5, #22
10000e00:	e7cc      	b.n	10000d9c <mfcc_init+0x17c>
10000e02:	9c00      	ldr	r4, [sp, #0]
10000e04:	45a2      	cmp	sl, r4
10000e06:	dd3d      	ble.n	10000e84 <mfcc_init+0x264>
10000e08:	ab02      	add	r3, sp, #8
10000e0a:	00a2      	lsls	r2, r4, #2
10000e0c:	58d0      	ldr	r0, [r2, r3]
10000e0e:	1c62      	adds	r2, r4, #1
10000e10:	9200      	str	r2, [sp, #0]
10000e12:	0092      	lsls	r2, r2, #2
10000e14:	58d6      	ldr	r6, [r2, r3]
10000e16:	1ca2      	adds	r2, r4, #2
10000e18:	0092      	lsls	r2, r2, #2
10000e1a:	58d5      	ldr	r5, [r2, r3]
10000e1c:	4659      	mov	r1, fp
10000e1e:	f002 f898 	bl	10002f52 <__wrap___aeabi_fdiv>
10000e22:	f002 faed 	bl	10003400 <__wrap_floorf>
10000e26:	f002 f91d 	bl	10003064 <__wrap___aeabi_f2iz>
10000e2a:	4681      	mov	r9, r0
10000e2c:	4659      	mov	r1, fp
10000e2e:	1c30      	adds	r0, r6, #0
10000e30:	f002 f88f 	bl	10002f52 <__wrap___aeabi_fdiv>
10000e34:	f002 fae4 	bl	10003400 <__wrap_floorf>
10000e38:	f002 f914 	bl	10003064 <__wrap___aeabi_f2iz>
10000e3c:	4680      	mov	r8, r0
10000e3e:	4659      	mov	r1, fp
10000e40:	1c28      	adds	r0, r5, #0
10000e42:	f002 f886 	bl	10002f52 <__wrap___aeabi_fdiv>
10000e46:	f002 fadb 	bl	10003400 <__wrap_floorf>
10000e4a:	f002 f90b 	bl	10003064 <__wrap___aeabi_f2iz>
10000e4e:	0007      	movs	r7, r0
10000e50:	464b      	mov	r3, r9
10000e52:	2b00      	cmp	r3, #0
10000e54:	da00      	bge.n	10000e58 <mfcc_init+0x238>
10000e56:	e76e      	b.n	10000d36 <mfcc_init+0x116>
10000e58:	9b01      	ldr	r3, [sp, #4]
10000e5a:	42bb      	cmp	r3, r7
10000e5c:	da00      	bge.n	10000e60 <mfcc_init+0x240>
10000e5e:	001f      	movs	r7, r3
10000e60:	4b30      	ldr	r3, [pc, #192]	@ (10000f24 <mfcc_init+0x304>)
10000e62:	00a2      	lsls	r2, r4, #2
10000e64:	4649      	mov	r1, r9
10000e66:	50d1      	str	r1, [r2, r3]
10000e68:	4b2f      	ldr	r3, [pc, #188]	@ (10000f28 <mfcc_init+0x308>)
10000e6a:	50d7      	str	r7, [r2, r3]
10000e6c:	428f      	cmp	r7, r1
10000e6e:	da00      	bge.n	10000e72 <mfcc_init+0x252>
10000e70:	e764      	b.n	10000d3c <mfcc_init+0x11c>
10000e72:	4a2a      	ldr	r2, [pc, #168]	@ (10000f1c <mfcc_init+0x2fc>)
10000e74:	0223      	lsls	r3, r4, #8
10000e76:	191b      	adds	r3, r3, r4
10000e78:	185b      	adds	r3, r3, r1
10000e7a:	009b      	lsls	r3, r3, #2
10000e7c:	2000      	movs	r0, #0
10000e7e:	5098      	str	r0, [r3, r2]
10000e80:	3101      	adds	r1, #1
10000e82:	e7f3      	b.n	10000e6c <mfcc_init+0x24c>
10000e84:	2500      	movs	r5, #0
10000e86:	e000      	b.n	10000e8a <mfcc_init+0x26a>
10000e88:	3501      	adds	r5, #1
10000e8a:	4b1b      	ldr	r3, [pc, #108]	@ (10000ef8 <mfcc_init+0x2d8>)
10000e8c:	681b      	ldr	r3, [r3, #0]
10000e8e:	42ab      	cmp	r3, r5
10000e90:	dd26      	ble.n	10000ee0 <mfcc_init+0x2c0>
10000e92:	2400      	movs	r4, #0
10000e94:	45a2      	cmp	sl, r4
10000e96:	ddf7      	ble.n	10000e88 <mfcc_init+0x268>
10000e98:	0028      	movs	r0, r5
10000e9a:	f002 f8c1 	bl	10003020 <__wrap___aeabi_i2f>
10000e9e:	4923      	ldr	r1, [pc, #140]	@ (10000f2c <mfcc_init+0x30c>)
10000ea0:	f002 f86b 	bl	10002f7a <__wrap___aeabi_fmul>
10000ea4:	1c06      	adds	r6, r0, #0
10000ea6:	0060      	lsls	r0, r4, #1
10000ea8:	3001      	adds	r0, #1
10000eaa:	f002 f8b9 	bl	10003020 <__wrap___aeabi_i2f>
10000eae:	1c31      	adds	r1, r6, #0
10000eb0:	f002 f863 	bl	10002f7a <__wrap___aeabi_fmul>
10000eb4:	1c06      	adds	r6, r0, #0
10000eb6:	4650      	mov	r0, sl
10000eb8:	f002 f8b2 	bl	10003020 <__wrap___aeabi_i2f>
10000ebc:	1c01      	adds	r1, r0, #0
10000ebe:	f002 f845 	bl	10002f4c <__wrap___aeabi_fadd>
10000ec2:	1c01      	adds	r1, r0, #0
10000ec4:	1c30      	adds	r0, r6, #0
10000ec6:	f002 f844 	bl	10002f52 <__wrap___aeabi_fdiv>
10000eca:	f002 f911 	bl	100030f0 <__wrap_cosf>
10000ece:	4a18      	ldr	r2, [pc, #96]	@ (10000f30 <mfcc_init+0x310>)
10000ed0:	00ab      	lsls	r3, r5, #2
10000ed2:	195b      	adds	r3, r3, r5
10000ed4:	00db      	lsls	r3, r3, #3
10000ed6:	191b      	adds	r3, r3, r4
10000ed8:	009b      	lsls	r3, r3, #2
10000eda:	50d0      	str	r0, [r2, r3]
10000edc:	3401      	adds	r4, #1
10000ede:	e7d9      	b.n	10000e94 <mfcc_init+0x274>
10000ee0:	b057      	add	sp, #348	@ 0x15c
10000ee2:	bcf0      	pop	{r4, r5, r6, r7}
10000ee4:	46bb      	mov	fp, r7
10000ee6:	46b2      	mov	sl, r6
10000ee8:	46a9      	mov	r9, r5
10000eea:	46a0      	mov	r8, r4
10000eec:	bdf0      	pop	{r4, r5, r6, r7, pc}
10000eee:	46c0      	nop			@ (mov r8, r8)
10000ef0:	20000bfc 	.word	0x20000bfc
10000ef4:	20000bf8 	.word	0x20000bf8
10000ef8:	20000bf4 	.word	0x20000bf4
10000efc:	20000bf0 	.word	0x20000bf0
10000f00:	40c90fdb 	.word	0x40c90fdb
10000f04:	43ff8000 	.word	0x43ff8000
10000f08:	3eeb851f 	.word	0x3eeb851f
10000f0c:	3f0a3d71 	.word	0x3f0a3d71
10000f10:	200050d8 	.word	0x200050d8
10000f14:	442f0000 	.word	0x442f0000
10000f18:	45223000 	.word	0x45223000
10000f1c:	2000590c 	.word	0x2000590c
10000f20:	3089705f 	.word	0x3089705f
10000f24:	20003d78 	.word	0x20003d78
10000f28:	20003cd8 	.word	0x20003cd8
10000f2c:	40490fdb 	.word	0x40490fdb
10000f30:	20003e18 	.word	0x20003e18

10000f34 <mfcc_compute>:
10000f34:	b5f0      	push	{r4, r5, r6, r7, lr}
10000f36:	46de      	mov	lr, fp
10000f38:	4657      	mov	r7, sl
10000f3a:	464e      	mov	r6, r9
10000f3c:	4645      	mov	r5, r8
10000f3e:	b5e0      	push	{r5, r6, r7, lr}
10000f40:	b083      	sub	sp, #12
10000f42:	0007      	movs	r7, r0
10000f44:	000d      	movs	r5, r1
10000f46:	4693      	mov	fp, r2
10000f48:	9301      	str	r3, [sp, #4]
10000f4a:	ab0c      	add	r3, sp, #48	@ 0x30
10000f4c:	781b      	ldrb	r3, [r3, #0]
10000f4e:	4699      	mov	r9, r3
10000f50:	4b55      	ldr	r3, [pc, #340]	@ (100010a8 <mfcc_compute+0x174>)
10000f52:	681e      	ldr	r6, [r3, #0]
10000f54:	428e      	cmp	r6, r1
10000f56:	da00      	bge.n	10000f5a <mfcc_compute+0x26>
10000f58:	0035      	movs	r5, r6
10000f5a:	2200      	movs	r2, #0
10000f5c:	e006      	b.n	10000f6c <mfcc_compute+0x38>
10000f5e:	4b53      	ldr	r3, [pc, #332]	@ (100010ac <mfcc_compute+0x178>)
10000f60:	00d0      	lsls	r0, r2, #3
10000f62:	2100      	movs	r1, #0
10000f64:	50c1      	str	r1, [r0, r3]
10000f66:	181b      	adds	r3, r3, r0
10000f68:	6059      	str	r1, [r3, #4]
10000f6a:	3201      	adds	r2, #1
10000f6c:	4296      	cmp	r6, r2
10000f6e:	dcf6      	bgt.n	10000f5e <mfcc_compute+0x2a>
10000f70:	2400      	movs	r4, #0
10000f72:	e009      	b.n	10000f88 <mfcc_compute+0x54>
10000f74:	4b4e      	ldr	r3, [pc, #312]	@ (100010b0 <mfcc_compute+0x17c>)
10000f76:	00a2      	lsls	r2, r4, #2
10000f78:	58d1      	ldr	r1, [r2, r3]
10000f7a:	59d0      	ldr	r0, [r2, r7]
10000f7c:	f001 fffd 	bl	10002f7a <__wrap___aeabi_fmul>
10000f80:	4b4a      	ldr	r3, [pc, #296]	@ (100010ac <mfcc_compute+0x178>)
10000f82:	00e2      	lsls	r2, r4, #3
10000f84:	5098      	str	r0, [r3, r2]
10000f86:	3401      	adds	r4, #1
10000f88:	42a5      	cmp	r5, r4
10000f8a:	dcf3      	bgt.n	10000f74 <mfcc_compute+0x40>
10000f8c:	4847      	ldr	r0, [pc, #284]	@ (100010ac <mfcc_compute+0x178>)
10000f8e:	0031      	movs	r1, r6
10000f90:	f7ff fd68 	bl	10000a64 <fft>
10000f94:	4b44      	ldr	r3, [pc, #272]	@ (100010a8 <mfcc_compute+0x174>)
10000f96:	681a      	ldr	r2, [r3, #0]
10000f98:	0fd3      	lsrs	r3, r2, #31
10000f9a:	189b      	adds	r3, r3, r2
10000f9c:	105b      	asrs	r3, r3, #1
10000f9e:	469a      	mov	sl, r3
10000fa0:	2500      	movs	r5, #0
10000fa2:	e014      	b.n	10000fce <mfcc_compute+0x9a>
10000fa4:	4b41      	ldr	r3, [pc, #260]	@ (100010ac <mfcc_compute+0x178>)
10000fa6:	00ea      	lsls	r2, r5, #3
10000fa8:	58d0      	ldr	r0, [r2, r3]
10000faa:	189b      	adds	r3, r3, r2
10000fac:	685f      	ldr	r7, [r3, #4]
10000fae:	1c01      	adds	r1, r0, #0
10000fb0:	f001 ffe3 	bl	10002f7a <__wrap___aeabi_fmul>
10000fb4:	1c06      	adds	r6, r0, #0
10000fb6:	1c39      	adds	r1, r7, #0
10000fb8:	1c38      	adds	r0, r7, #0
10000fba:	f001 ffde 	bl	10002f7a <__wrap___aeabi_fmul>
10000fbe:	1c01      	adds	r1, r0, #0
10000fc0:	1c30      	adds	r0, r6, #0
10000fc2:	f001 ffc3 	bl	10002f4c <__wrap___aeabi_fadd>
10000fc6:	4b3b      	ldr	r3, [pc, #236]	@ (100010b4 <mfcc_compute+0x180>)
10000fc8:	00aa      	lsls	r2, r5, #2
10000fca:	5098      	str	r0, [r3, r2]
10000fcc:	3501      	adds	r5, #1
10000fce:	4555      	cmp	r5, sl
10000fd0:	dde8      	ble.n	10000fa4 <mfcc_compute+0x70>
10000fd2:	2400      	movs	r4, #0
10000fd4:	e020      	b.n	10001018 <mfcc_compute+0xe4>
10000fd6:	4b37      	ldr	r3, [pc, #220]	@ (100010b4 <mfcc_compute+0x180>)
10000fd8:	00aa      	lsls	r2, r5, #2
10000fda:	58d0      	ldr	r0, [r2, r3]
10000fdc:	4a36      	ldr	r2, [pc, #216]	@ (100010b8 <mfcc_compute+0x184>)
10000fde:	0223      	lsls	r3, r4, #8
10000fe0:	191b      	adds	r3, r3, r4
10000fe2:	195b      	adds	r3, r3, r5
10000fe4:	009b      	lsls	r3, r3, #2
10000fe6:	5899      	ldr	r1, [r3, r2]
10000fe8:	f001 ffc7 	bl	10002f7a <__wrap___aeabi_fmul>
10000fec:	1c01      	adds	r1, r0, #0
10000fee:	1c30      	adds	r0, r6, #0
10000ff0:	f001 ffac 	bl	10002f4c <__wrap___aeabi_fadd>
10000ff4:	1c06      	adds	r6, r0, #0
10000ff6:	3501      	adds	r5, #1
10000ff8:	42af      	cmp	r7, r5
10000ffa:	daec      	bge.n	10000fd6 <mfcc_compute+0xa2>
10000ffc:	492f      	ldr	r1, [pc, #188]	@ (100010bc <mfcc_compute+0x188>)
10000ffe:	1c30      	adds	r0, r6, #0
10001000:	f001 fff2 	bl	10002fe8 <__wrap___aeabi_fcmplt>
10001004:	2800      	cmp	r0, #0
10001006:	d000      	beq.n	1000100a <mfcc_compute+0xd6>
10001008:	4e2c      	ldr	r6, [pc, #176]	@ (100010bc <mfcc_compute+0x188>)
1000100a:	1c30      	adds	r0, r6, #0
1000100c:	f002 f894 	bl	10003138 <__wrap_logf>
10001010:	4b2b      	ldr	r3, [pc, #172]	@ (100010c0 <mfcc_compute+0x18c>)
10001012:	00a2      	lsls	r2, r4, #2
10001014:	5098      	str	r0, [r3, r2]
10001016:	3401      	adds	r4, #1
10001018:	4b2a      	ldr	r3, [pc, #168]	@ (100010c4 <mfcc_compute+0x190>)
1000101a:	681f      	ldr	r7, [r3, #0]
1000101c:	42a7      	cmp	r7, r4
1000101e:	dd09      	ble.n	10001034 <mfcc_compute+0x100>
10001020:	4b29      	ldr	r3, [pc, #164]	@ (100010c8 <mfcc_compute+0x194>)
10001022:	00a2      	lsls	r2, r4, #2
10001024:	58d5      	ldr	r5, [r2, r3]
10001026:	4b29      	ldr	r3, [pc, #164]	@ (100010cc <mfcc_compute+0x198>)
10001028:	58d7      	ldr	r7, [r2, r3]
1000102a:	45ba      	cmp	sl, r7
1000102c:	da00      	bge.n	10001030 <mfcc_compute+0xfc>
1000102e:	4657      	mov	r7, sl
10001030:	2600      	movs	r6, #0
10001032:	e7e1      	b.n	10000ff8 <mfcc_compute+0xc4>
10001034:	4b26      	ldr	r3, [pc, #152]	@ (100010d0 <mfcc_compute+0x19c>)
10001036:	681b      	ldr	r3, [r3, #0]
10001038:	469a      	mov	sl, r3
1000103a:	9b01      	ldr	r3, [sp, #4]
1000103c:	459a      	cmp	sl, r3
1000103e:	db00      	blt.n	10001042 <mfcc_compute+0x10e>
10001040:	469a      	mov	sl, r3
10001042:	2301      	movs	r3, #1
10001044:	464a      	mov	r2, r9
10001046:	405a      	eors	r2, r3
10001048:	b2d3      	uxtb	r3, r2
1000104a:	4699      	mov	r9, r3
1000104c:	001e      	movs	r6, r3
1000104e:	2300      	movs	r3, #0
10001050:	4698      	mov	r8, r3
10001052:	e01b      	b.n	1000108c <mfcc_compute+0x158>
10001054:	4a1f      	ldr	r2, [pc, #124]	@ (100010d4 <mfcc_compute+0x1a0>)
10001056:	00b3      	lsls	r3, r6, #2
10001058:	199b      	adds	r3, r3, r6
1000105a:	00db      	lsls	r3, r3, #3
1000105c:	191b      	adds	r3, r3, r4
1000105e:	009b      	lsls	r3, r3, #2
10001060:	5898      	ldr	r0, [r3, r2]
10001062:	4b17      	ldr	r3, [pc, #92]	@ (100010c0 <mfcc_compute+0x18c>)
10001064:	00a2      	lsls	r2, r4, #2
10001066:	58d1      	ldr	r1, [r2, r3]
10001068:	f001 ff87 	bl	10002f7a <__wrap___aeabi_fmul>
1000106c:	1c01      	adds	r1, r0, #0
1000106e:	1c28      	adds	r0, r5, #0
10001070:	f001 ff6c 	bl	10002f4c <__wrap___aeabi_fadd>
10001074:	1c05      	adds	r5, r0, #0
10001076:	3401      	adds	r4, #1
10001078:	42a7      	cmp	r7, r4
1000107a:	dceb      	bgt.n	10001054 <mfcc_compute+0x120>
1000107c:	4643      	mov	r3, r8
1000107e:	009b      	lsls	r3, r3, #2
10001080:	465a      	mov	r2, fp
10001082:	50d5      	str	r5, [r2, r3]
10001084:	3601      	adds	r6, #1
10001086:	2301      	movs	r3, #1
10001088:	469c      	mov	ip, r3
1000108a:	44e0      	add	r8, ip
1000108c:	4653      	mov	r3, sl
1000108e:	444b      	add	r3, r9
10001090:	42b3      	cmp	r3, r6
10001092:	dd02      	ble.n	1000109a <mfcc_compute+0x166>
10001094:	2400      	movs	r4, #0
10001096:	2500      	movs	r5, #0
10001098:	e7ee      	b.n	10001078 <mfcc_compute+0x144>
1000109a:	b003      	add	sp, #12
1000109c:	bcf0      	pop	{r4, r5, r6, r7}
1000109e:	46bb      	mov	fp, r7
100010a0:	46b2      	mov	sl, r6
100010a2:	46a9      	mov	r9, r5
100010a4:	46a0      	mov	r8, r4
100010a6:	bdf0      	pop	{r4, r5, r6, r7, pc}
100010a8:	20000bf0 	.word	0x20000bf0
100010ac:	20001314 	.word	0x20001314
100010b0:	200050d8 	.word	0x200050d8
100010b4:	20000f10 	.word	0x20000f10
100010b8:	2000590c 	.word	0x2000590c
100010bc:	2edbe6ff 	.word	0x2edbe6ff
100010c0:	20000e70 	.word	0x20000e70
100010c4:	20000bf8 	.word	0x20000bf8
100010c8:	20003d78 	.word	0x20003d78
100010cc:	20003cd8 	.word	0x20003cd8
100010d0:	20000bf4 	.word	0x20000bf4
100010d4:	20003e18 	.word	0x20003e18

100010d8 <gpio_set_function>:
100010d8:	b510      	push	{r4, lr}
100010da:	0083      	lsls	r3, r0, #2
100010dc:	4a08      	ldr	r2, [pc, #32]	@ (10001100 <gpio_set_function+0x28>)
100010de:	189a      	adds	r2, r3, r2
100010e0:	6814      	ldr	r4, [r2, #0]
100010e2:	2240      	movs	r2, #64	@ 0x40
100010e4:	4054      	eors	r4, r2
100010e6:	3280      	adds	r2, #128	@ 0x80
100010e8:	4022      	ands	r2, r4
100010ea:	4c06      	ldr	r4, [pc, #24]	@ (10001104 <gpio_set_function+0x2c>)
100010ec:	46a4      	mov	ip, r4
100010ee:	4463      	add	r3, ip
100010f0:	601a      	str	r2, [r3, #0]
100010f2:	00c0      	lsls	r0, r0, #3
100010f4:	4b04      	ldr	r3, [pc, #16]	@ (10001108 <gpio_set_function+0x30>)
100010f6:	469c      	mov	ip, r3
100010f8:	4460      	add	r0, ip
100010fa:	6041      	str	r1, [r0, #4]
100010fc:	bd10      	pop	{r4, pc}
100010fe:	46c0      	nop			@ (mov r8, r8)
10001100:	4001c004 	.word	0x4001c004
10001104:	4001d004 	.word	0x4001d004
10001108:	40014000 	.word	0x40014000

1000110c <gpio_set_pulls>:
1000110c:	0080      	lsls	r0, r0, #2
1000110e:	4b0c      	ldr	r3, [pc, #48]	@ (10001140 <gpio_set_pulls+0x34>)
10001110:	469c      	mov	ip, r3
10001112:	4460      	add	r0, ip
10001114:	2900      	cmp	r1, #0
10001116:	d00e      	beq.n	10001136 <gpio_set_pulls+0x2a>
10001118:	2308      	movs	r3, #8
1000111a:	2a00      	cmp	r2, #0
1000111c:	d00d      	beq.n	1000113a <gpio_set_pulls+0x2e>
1000111e:	2204      	movs	r2, #4
10001120:	4313      	orrs	r3, r2
10001122:	6802      	ldr	r2, [r0, #0]
10001124:	4053      	eors	r3, r2
10001126:	220c      	movs	r2, #12
10001128:	4013      	ands	r3, r2
1000112a:	2280      	movs	r2, #128	@ 0x80
1000112c:	0152      	lsls	r2, r2, #5
1000112e:	4694      	mov	ip, r2
10001130:	4460      	add	r0, ip
10001132:	6003      	str	r3, [r0, #0]
10001134:	4770      	bx	lr
10001136:	2300      	movs	r3, #0
10001138:	e7ef      	b.n	1000111a <gpio_set_pulls+0xe>
1000113a:	2200      	movs	r2, #0
1000113c:	e7f0      	b.n	10001120 <gpio_set_pulls+0x14>
1000113e:	46c0      	nop			@ (mov r8, r8)
10001140:	4001c004 	.word	0x4001c004

10001144 <gpio_set_input_enabled>:
10001144:	2900      	cmp	r1, #0
10001146:	d006      	beq.n	10001156 <gpio_set_input_enabled+0x12>
10001148:	0080      	lsls	r0, r0, #2
1000114a:	4b06      	ldr	r3, [pc, #24]	@ (10001164 <gpio_set_input_enabled+0x20>)
1000114c:	469c      	mov	ip, r3
1000114e:	4460      	add	r0, ip
10001150:	2340      	movs	r3, #64	@ 0x40
10001152:	6003      	str	r3, [r0, #0]
10001154:	4770      	bx	lr
10001156:	0080      	lsls	r0, r0, #2
10001158:	4b03      	ldr	r3, [pc, #12]	@ (10001168 <gpio_set_input_enabled+0x24>)
1000115a:	469c      	mov	ip, r3
1000115c:	4460      	add	r0, ip
1000115e:	2340      	movs	r3, #64	@ 0x40
10001160:	6003      	str	r3, [r0, #0]
10001162:	e7f7      	b.n	10001154 <gpio_set_input_enabled+0x10>
10001164:	4001e004 	.word	0x4001e004
10001168:	4001f004 	.word	0x4001f004

1000116c <rp2040_chip_version>:
1000116c:	b510      	push	{r4, lr}
1000116e:	2380      	movs	r3, #128	@ 0x80
10001170:	05db      	lsls	r3, r3, #23
10001172:	6818      	ldr	r0, [r3, #0]
10001174:	0503      	lsls	r3, r0, #20
10001176:	0d1b      	lsrs	r3, r3, #20
10001178:	4a0b      	ldr	r2, [pc, #44]	@ (100011a8 <rp2040_chip_version+0x3c>)
1000117a:	4293      	cmp	r3, r2
1000117c:	d107      	bne.n	1000118e <rp2040_chip_version+0x22>
1000117e:	4b0b      	ldr	r3, [pc, #44]	@ (100011ac <rp2040_chip_version+0x40>)
10001180:	4003      	ands	r3, r0
10001182:	2280      	movs	r2, #128	@ 0x80
10001184:	0192      	lsls	r2, r2, #6
10001186:	4293      	cmp	r3, r2
10001188:	d107      	bne.n	1000119a <rp2040_chip_version+0x2e>
1000118a:	0f00      	lsrs	r0, r0, #28
1000118c:	bd10      	pop	{r4, pc}
1000118e:	4b08      	ldr	r3, [pc, #32]	@ (100011b0 <rp2040_chip_version+0x44>)
10001190:	4a08      	ldr	r2, [pc, #32]	@ (100011b4 <rp2040_chip_version+0x48>)
10001192:	4809      	ldr	r0, [pc, #36]	@ (100011b8 <rp2040_chip_version+0x4c>)
10001194:	2113      	movs	r1, #19
10001196:	f003 fb73 	bl	10004880 <__assert_func>
1000119a:	4b08      	ldr	r3, [pc, #32]	@ (100011bc <rp2040_chip_version+0x50>)
1000119c:	4a05      	ldr	r2, [pc, #20]	@ (100011b4 <rp2040_chip_version+0x48>)
1000119e:	4806      	ldr	r0, [pc, #24]	@ (100011b8 <rp2040_chip_version+0x4c>)
100011a0:	2114      	movs	r1, #20
100011a2:	f003 fb6d 	bl	10004880 <__assert_func>
100011a6:	46c0      	nop			@ (mov r8, r8)
100011a8:	00000927 	.word	0x00000927
100011ac:	0ffff000 	.word	0x0ffff000
100011b0:	10007bfc 	.word	0x10007bfc
100011b4:	100088bc 	.word	0x100088bc
100011b8:	10007c20 	.word	0x10007c20
100011bc:	10007c6c 	.word	0x10007c6c

100011c0 <panic>:
100011c0:	b40f      	push	{r0, r1, r2, r3}
100011c2:	b500      	push	{lr}
100011c4:	b083      	sub	sp, #12
100011c6:	4808      	ldr	r0, [pc, #32]	@ (100011e8 <panic+0x28>)
100011c8:	f003 fcfe 	bl	10004bc8 <__wrap_puts>
100011cc:	9b04      	ldr	r3, [sp, #16]
100011ce:	2b00      	cmp	r3, #0
100011d0:	d007      	beq.n	100011e2 <panic+0x22>
100011d2:	a905      	add	r1, sp, #20
100011d4:	9101      	str	r1, [sp, #4]
100011d6:	0018      	movs	r0, r3
100011d8:	f003 fd06 	bl	10004be8 <__wrap_vprintf>
100011dc:	4803      	ldr	r0, [pc, #12]	@ (100011ec <panic+0x2c>)
100011de:	f003 fcf3 	bl	10004bc8 <__wrap_puts>
100011e2:	2001      	movs	r0, #1
100011e4:	f003 fb46 	bl	10004874 <_exit>
100011e8:	10007c80 	.word	0x10007c80
100011ec:	10007c90 	.word	0x10007c90

100011f0 <hw_claim_lock>:
100011f0:	f3ef 8010 	mrs	r0, PRIMASK
100011f4:	b672      	cpsid	i
100011f6:	4b03      	ldr	r3, [pc, #12]	@ (10001204 <hw_claim_lock+0x14>)
100011f8:	681b      	ldr	r3, [r3, #0]
100011fa:	2b00      	cmp	r3, #0
100011fc:	d0fb      	beq.n	100011f6 <hw_claim_lock+0x6>
100011fe:	f3bf 8f5f 	dmb	sy
10001202:	4770      	bx	lr
10001204:	d000012c 	.word	0xd000012c

10001208 <hw_claim_unlock>:
10001208:	f3bf 8f5f 	dmb	sy
1000120c:	4b02      	ldr	r3, [pc, #8]	@ (10001218 <hw_claim_unlock+0x10>)
1000120e:	2200      	movs	r2, #0
10001210:	601a      	str	r2, [r3, #0]
10001212:	f380 8810 	msr	PRIMASK, r0
10001216:	4770      	bx	lr
10001218:	d000012c 	.word	0xd000012c

1000121c <hw_claim_or_assert>:
1000121c:	b5f8      	push	{r3, r4, r5, r6, r7, lr}
1000121e:	0006      	movs	r6, r0
10001220:	000c      	movs	r4, r1
10001222:	0015      	movs	r5, r2
10001224:	f7ff ffe4 	bl	100011f0 <hw_claim_lock>
10001228:	08e3      	lsrs	r3, r4, #3
1000122a:	18f7      	adds	r7, r6, r3
1000122c:	5cf1      	ldrb	r1, [r6, r3]
1000122e:	2207      	movs	r2, #7
10001230:	4022      	ands	r2, r4
10001232:	2301      	movs	r3, #1
10001234:	4093      	lsls	r3, r2
10001236:	420b      	tst	r3, r1
10001238:	d105      	bne.n	10001246 <hw_claim_or_assert+0x2a>
1000123a:	b2db      	uxtb	r3, r3
1000123c:	430b      	orrs	r3, r1
1000123e:	703b      	strb	r3, [r7, #0]
10001240:	f7ff ffe2 	bl	10001208 <hw_claim_unlock>
10001244:	bdf8      	pop	{r3, r4, r5, r6, r7, pc}
10001246:	0021      	movs	r1, r4
10001248:	0028      	movs	r0, r5
1000124a:	f7ff ffb9 	bl	100011c0 <panic>

1000124e <hw_claim_unused_from_range>:
1000124e:	b5f0      	push	{r4, r5, r6, r7, lr}
10001250:	b083      	sub	sp, #12
10001252:	0006      	movs	r6, r0
10001254:	9101      	str	r1, [sp, #4]
10001256:	0014      	movs	r4, r2
10001258:	001f      	movs	r7, r3
1000125a:	f7ff ffc9 	bl	100011f0 <hw_claim_lock>
1000125e:	e000      	b.n	10001262 <hw_claim_unused_from_range+0x14>
10001260:	3401      	adds	r4, #1
10001262:	42bc      	cmp	r4, r7
10001264:	d80c      	bhi.n	10001280 <hw_claim_unused_from_range+0x32>
10001266:	08e3      	lsrs	r3, r4, #3
10001268:	18f5      	adds	r5, r6, r3
1000126a:	5cf3      	ldrb	r3, [r6, r3]
1000126c:	2107      	movs	r1, #7
1000126e:	4021      	ands	r1, r4
10001270:	2201      	movs	r2, #1
10001272:	408a      	lsls	r2, r1
10001274:	421a      	tst	r2, r3
10001276:	d1f3      	bne.n	10001260 <hw_claim_unused_from_range+0x12>
10001278:	b2d2      	uxtb	r2, r2
1000127a:	431a      	orrs	r2, r3
1000127c:	702a      	strb	r2, [r5, #0]
1000127e:	e001      	b.n	10001284 <hw_claim_unused_from_range+0x36>
10001280:	2401      	movs	r4, #1
10001282:	4264      	negs	r4, r4
10001284:	f7ff ffc0 	bl	10001208 <hw_claim_unlock>
10001288:	2c00      	cmp	r4, #0
1000128a:	db02      	blt.n	10001292 <hw_claim_unused_from_range+0x44>
1000128c:	0020      	movs	r0, r4
1000128e:	b003      	add	sp, #12
10001290:	bdf0      	pop	{r4, r5, r6, r7, pc}
10001292:	9b01      	ldr	r3, [sp, #4]
10001294:	2b00      	cmp	r3, #0
10001296:	d0f9      	beq.n	1000128c <hw_claim_unused_from_range+0x3e>
10001298:	9808      	ldr	r0, [sp, #32]
1000129a:	f7ff ff91 	bl	100011c0 <panic>
	...

100012a0 <next_striped_spin_lock_num>:
100012a0:	4a05      	ldr	r2, [pc, #20]	@ (100012b8 <next_striped_spin_lock_num+0x18>)
100012a2:	7810      	ldrb	r0, [r2, #0]
100012a4:	1c43      	adds	r3, r0, #1
100012a6:	b2db      	uxtb	r3, r3
100012a8:	7013      	strb	r3, [r2, #0]
100012aa:	2b17      	cmp	r3, #23
100012ac:	d902      	bls.n	100012b4 <next_striped_spin_lock_num+0x14>
100012ae:	0013      	movs	r3, r2
100012b0:	2210      	movs	r2, #16
100012b2:	701a      	strb	r2, [r3, #0]
100012b4:	4770      	bx	lr
100012b6:	46c0      	nop			@ (mov r8, r8)
100012b8:	20000c00 	.word	0x20000c00

100012bc <spin_lock_claim_unused>:
100012bc:	b510      	push	{r4, lr}
100012be:	b082      	sub	sp, #8
100012c0:	0001      	movs	r1, r0
100012c2:	4c05      	ldr	r4, [pc, #20]	@ (100012d8 <spin_lock_claim_unused+0x1c>)
100012c4:	4b05      	ldr	r3, [pc, #20]	@ (100012dc <spin_lock_claim_unused+0x20>)
100012c6:	9300      	str	r3, [sp, #0]
100012c8:	231f      	movs	r3, #31
100012ca:	2218      	movs	r2, #24
100012cc:	0020      	movs	r0, r4
100012ce:	f7ff ffbe 	bl	1000124e <hw_claim_unused_from_range>
100012d2:	b002      	add	sp, #8
100012d4:	bd10      	pop	{r4, pc}
100012d6:	46c0      	nop			@ (mov r8, r8)
100012d8:	200029b4 	.word	0x200029b4
100012dc:	10007c94 	.word	0x10007c94

100012e0 <spin_locks_reset>:
100012e0:	2300      	movs	r3, #0
100012e2:	e007      	b.n	100012f4 <spin_locks_reset+0x14>
100012e4:	4a05      	ldr	r2, [pc, #20]	@ (100012fc <spin_locks_reset+0x1c>)
100012e6:	189a      	adds	r2, r3, r2
100012e8:	0092      	lsls	r2, r2, #2
100012ea:	f3bf 8f5f 	dmb	sy
100012ee:	2100      	movs	r1, #0
100012f0:	6011      	str	r1, [r2, #0]
100012f2:	3301      	adds	r3, #1
100012f4:	2b1f      	cmp	r3, #31
100012f6:	d9f5      	bls.n	100012e4 <spin_locks_reset+0x4>
100012f8:	4770      	bx	lr
100012fa:	46c0      	nop			@ (mov r8, r8)
100012fc:	34000040 	.word	0x34000040

10001300 <set_raw_irq_handler_and_unlock>:
10001300:	4b07      	ldr	r3, [pc, #28]	@ (10001320 <set_raw_irq_handler_and_unlock+0x20>)
10001302:	689b      	ldr	r3, [r3, #8]
10001304:	3010      	adds	r0, #16
10001306:	0080      	lsls	r0, r0, #2
10001308:	5019      	str	r1, [r3, r0]
1000130a:	f3bf 8f5f 	dmb	sy
1000130e:	f3bf 8f5f 	dmb	sy
10001312:	4b04      	ldr	r3, [pc, #16]	@ (10001324 <set_raw_irq_handler_and_unlock+0x24>)
10001314:	2100      	movs	r1, #0
10001316:	6019      	str	r1, [r3, #0]
10001318:	f382 8810 	msr	PRIMASK, r2
1000131c:	4770      	bx	lr
1000131e:	46c0      	nop			@ (mov r8, r8)
10001320:	e000ed00 	.word	0xe000ed00
10001324:	d0000124 	.word	0xd0000124

10001328 <nvic_ipr0>:
10001328:	4800      	ldr	r0, [pc, #0]	@ (1000132c <nvic_ipr0+0x4>)
1000132a:	4770      	bx	lr
1000132c:	e000e400 	.word	0xe000e400

10001330 <runtime_init_per_core_irq_priorities>:
10001330:	b510      	push	{r4, lr}
10001332:	f7ff fff9 	bl	10001328 <nvic_ipr0>
10001336:	2300      	movs	r3, #0
10001338:	e002      	b.n	10001340 <runtime_init_per_core_irq_priorities+0x10>
1000133a:	4a03      	ldr	r2, [pc, #12]	@ (10001348 <runtime_init_per_core_irq_priorities+0x18>)
1000133c:	c004      	stmia	r0!, {r2}
1000133e:	3301      	adds	r3, #1
10001340:	2b07      	cmp	r3, #7
10001342:	d9fa      	bls.n	1000133a <runtime_init_per_core_irq_priorities+0xa>
10001344:	bd10      	pop	{r4, pc}
10001346:	46c0      	nop			@ (mov r8, r8)
10001348:	80808080 	.word	0x80808080

1000134c <resolve_j_16>:
1000134c:	b510      	push	{r4, lr}
1000134e:	8803      	ldrh	r3, [r0, #0]
10001350:	0ada      	lsrs	r2, r3, #11
10001352:	2a1c      	cmp	r2, #28
10001354:	d105      	bne.n	10001362 <resolve_j_16+0x16>
10001356:	055b      	lsls	r3, r3, #21
10001358:	155b      	asrs	r3, r3, #21
1000135a:	3302      	adds	r3, #2
1000135c:	005b      	lsls	r3, r3, #1
1000135e:	18c0      	adds	r0, r0, r3
10001360:	bd10      	pop	{r4, pc}
10001362:	4b03      	ldr	r3, [pc, #12]	@ (10001370 <resolve_j_16+0x24>)
10001364:	4a03      	ldr	r2, [pc, #12]	@ (10001374 <resolve_j_16+0x28>)
10001366:	218e      	movs	r1, #142	@ 0x8e
10001368:	4803      	ldr	r0, [pc, #12]	@ (10001378 <resolve_j_16+0x2c>)
1000136a:	0049      	lsls	r1, r1, #1
1000136c:	f003 fa88 	bl	10004880 <__assert_func>
10001370:	10007cb0 	.word	0x10007cb0
10001374:	100088f8 	.word	0x100088f8
10001378:	10007cc8 	.word	0x10007cc8

1000137c <make_j_16>:
1000137c:	b510      	push	{r4, lr}
1000137e:	1a09      	subs	r1, r1, r0
10001380:	1f0b      	subs	r3, r1, #4
10001382:	4a0a      	ldr	r2, [pc, #40]	@ (100013ac <make_j_16+0x30>)
10001384:	1888      	adds	r0, r1, r2
10001386:	4a0a      	ldr	r2, [pc, #40]	@ (100013b0 <make_j_16+0x34>)
10001388:	4290      	cmp	r0, r2
1000138a:	d808      	bhi.n	1000139e <make_j_16+0x22>
1000138c:	07c9      	lsls	r1, r1, #31
1000138e:	d406      	bmi.n	1000139e <make_j_16+0x22>
10001390:	105b      	asrs	r3, r3, #1
10001392:	055b      	lsls	r3, r3, #21
10001394:	0d5b      	lsrs	r3, r3, #21
10001396:	4807      	ldr	r0, [pc, #28]	@ (100013b4 <make_j_16+0x38>)
10001398:	4318      	orrs	r0, r3
1000139a:	b280      	uxth	r0, r0
1000139c:	bd10      	pop	{r4, pc}
1000139e:	4b06      	ldr	r3, [pc, #24]	@ (100013b8 <make_j_16+0x3c>)
100013a0:	4a06      	ldr	r2, [pc, #24]	@ (100013bc <make_j_16+0x40>)
100013a2:	2187      	movs	r1, #135	@ 0x87
100013a4:	4806      	ldr	r0, [pc, #24]	@ (100013c0 <make_j_16+0x44>)
100013a6:	0049      	lsls	r1, r1, #1
100013a8:	f003 fa6a 	bl	10004880 <__assert_func>
100013ac:	000007fc 	.word	0x000007fc
100013b0:	00000ffe 	.word	0x00000ffe
100013b4:	ffffe000 	.word	0xffffe000
100013b8:	10007d14 	.word	0x10007d14
100013bc:	100088ec 	.word	0x100088ec
100013c0:	10007cc8 	.word	0x10007cc8

100013c4 <irq_is_enabled>:
100013c4:	2301      	movs	r3, #1
100013c6:	4083      	lsls	r3, r0
100013c8:	4a03      	ldr	r2, [pc, #12]	@ (100013d8 <irq_is_enabled+0x14>)
100013ca:	6810      	ldr	r0, [r2, #0]
100013cc:	4018      	ands	r0, r3
100013ce:	1e43      	subs	r3, r0, #1
100013d0:	4198      	sbcs	r0, r3
100013d2:	b2c0      	uxtb	r0, r0
100013d4:	4770      	bx	lr
100013d6:	46c0      	nop			@ (mov r8, r8)
100013d8:	e000e100 	.word	0xe000e100

100013dc <irq_set_mask_n_enabled>:
100013dc:	2a00      	cmp	r2, #0
100013de:	d005      	beq.n	100013ec <irq_set_mask_n_enabled+0x10>
100013e0:	4b04      	ldr	r3, [pc, #16]	@ (100013f4 <irq_set_mask_n_enabled+0x18>)
100013e2:	22c0      	movs	r2, #192	@ 0xc0
100013e4:	0052      	lsls	r2, r2, #1
100013e6:	5099      	str	r1, [r3, r2]
100013e8:	6019      	str	r1, [r3, #0]
100013ea:	4770      	bx	lr
100013ec:	4a01      	ldr	r2, [pc, #4]	@ (100013f4 <irq_set_mask_n_enabled+0x18>)
100013ee:	2380      	movs	r3, #128	@ 0x80
100013f0:	50d1      	str	r1, [r2, r3]
100013f2:	e7fa      	b.n	100013ea <irq_set_mask_n_enabled+0xe>
100013f4:	e000e100 	.word	0xe000e100

100013f8 <irq_set_enabled>:
100013f8:	b510      	push	{r4, lr}
100013fa:	000a      	movs	r2, r1
100013fc:	231f      	movs	r3, #31
100013fe:	4003      	ands	r3, r0
10001400:	2101      	movs	r1, #1
10001402:	4099      	lsls	r1, r3
10001404:	0940      	lsrs	r0, r0, #5
10001406:	f7ff ffe9 	bl	100013dc <irq_set_mask_n_enabled>
1000140a:	bd10      	pop	{r4, pc}

1000140c <irq_set_pending>:
1000140c:	2301      	movs	r3, #1
1000140e:	4083      	lsls	r3, r0
10001410:	4a01      	ldr	r2, [pc, #4]	@ (10001418 <irq_set_pending+0xc>)
10001412:	6013      	str	r3, [r2, #0]
10001414:	4770      	bx	lr
10001416:	46c0      	nop			@ (mov r8, r8)
10001418:	e000e200 	.word	0xe000e200

1000141c <irq_get_vtable_handler>:
1000141c:	4b02      	ldr	r3, [pc, #8]	@ (10001428 <irq_get_vtable_handler+0xc>)
1000141e:	689b      	ldr	r3, [r3, #8]
10001420:	3010      	adds	r0, #16
10001422:	0080      	lsls	r0, r0, #2
10001424:	58c0      	ldr	r0, [r0, r3]
10001426:	4770      	bx	lr
10001428:	e000ed00 	.word	0xe000ed00

1000142c <irq_has_shared_handler>:
1000142c:	b510      	push	{r4, lr}
1000142e:	f7ff fff5 	bl	1000141c <irq_get_vtable_handler>
10001432:	4b04      	ldr	r3, [pc, #16]	@ (10001444 <irq_has_shared_handler+0x18>)
10001434:	1ac3      	subs	r3, r0, r3
10001436:	2000      	movs	r0, #0
10001438:	222f      	movs	r2, #47	@ 0x2f
1000143a:	429a      	cmp	r2, r3
1000143c:	4140      	adcs	r0, r0
1000143e:	b2c0      	uxtb	r0, r0
10001440:	bd10      	pop	{r4, pc}
10001442:	46c0      	nop			@ (mov r8, r8)
10001444:	20000c04 	.word	0x20000c04

10001448 <irq_set_exclusive_handler>:
10001448:	b570      	push	{r4, r5, r6, lr}
1000144a:	0004      	movs	r4, r0
1000144c:	000d      	movs	r5, r1
1000144e:	f3ef 8610 	mrs	r6, PRIMASK
10001452:	b672      	cpsid	i
10001454:	4b0c      	ldr	r3, [pc, #48]	@ (10001488 <irq_set_exclusive_handler+0x40>)
10001456:	681b      	ldr	r3, [r3, #0]
10001458:	2b00      	cmp	r3, #0
1000145a:	d0fb      	beq.n	10001454 <irq_set_exclusive_handler+0xc>
1000145c:	f3bf 8f5f 	dmb	sy
10001460:	0020      	movs	r0, r4
10001462:	f7ff ffdb 	bl	1000141c <irq_get_vtable_handler>
10001466:	4b09      	ldr	r3, [pc, #36]	@ (1000148c <irq_set_exclusive_handler+0x44>)
10001468:	4298      	cmp	r0, r3
1000146a:	d001      	beq.n	10001470 <irq_set_exclusive_handler+0x28>
1000146c:	42a8      	cmp	r0, r5
1000146e:	d105      	bne.n	1000147c <irq_set_exclusive_handler+0x34>
10001470:	0032      	movs	r2, r6
10001472:	0029      	movs	r1, r5
10001474:	0020      	movs	r0, r4
10001476:	f7ff ff43 	bl	10001300 <set_raw_irq_handler_and_unlock>
1000147a:	bd70      	pop	{r4, r5, r6, pc}
1000147c:	4b04      	ldr	r3, [pc, #16]	@ (10001490 <irq_set_exclusive_handler+0x48>)
1000147e:	4a05      	ldr	r2, [pc, #20]	@ (10001494 <irq_set_exclusive_handler+0x4c>)
10001480:	4805      	ldr	r0, [pc, #20]	@ (10001498 <irq_set_exclusive_handler+0x50>)
10001482:	21ed      	movs	r1, #237	@ 0xed
10001484:	f003 f9fc 	bl	10004880 <__assert_func>
10001488:	d0000124 	.word	0xd0000124
1000148c:	100001c1 	.word	0x100001c1
10001490:	10007d44 	.word	0x10007d44
10001494:	10008920 	.word	0x10008920
10001498:	10007cc8 	.word	0x10007cc8

1000149c <irq_add_shared_handler>:
1000149c:	b5f0      	push	{r4, r5, r6, r7, lr}
1000149e:	46de      	mov	lr, fp
100014a0:	4657      	mov	r7, sl
100014a2:	464e      	mov	r6, r9
100014a4:	4645      	mov	r5, r8
100014a6:	b5e0      	push	{r5, r6, r7, lr}
100014a8:	b089      	sub	sp, #36	@ 0x24
100014aa:	4681      	mov	r9, r0
100014ac:	9101      	str	r1, [sp, #4]
100014ae:	0015      	movs	r5, r2
100014b0:	f3ef 8b10 	mrs	fp, PRIMASK
100014b4:	b672      	cpsid	i
100014b6:	4b6f      	ldr	r3, [pc, #444]	@ (10001674 <irq_add_shared_handler+0x1d8>)
100014b8:	681b      	ldr	r3, [r3, #0]
100014ba:	2b00      	cmp	r3, #0
100014bc:	d0fb      	beq.n	100014b6 <irq_add_shared_handler+0x1a>
100014be:	f3bf 8f5f 	dmb	sy
100014c2:	4b6d      	ldr	r3, [pc, #436]	@ (10001678 <irq_add_shared_handler+0x1dc>)
100014c4:	2600      	movs	r6, #0
100014c6:	579e      	ldrsb	r6, [r3, r6]
100014c8:	2e00      	cmp	r6, #0
100014ca:	db40      	blt.n	1000154e <irq_add_shared_handler+0xb2>
100014cc:	0074      	lsls	r4, r6, #1
100014ce:	19a4      	adds	r4, r4, r6
100014d0:	00a4      	lsls	r4, r4, #2
100014d2:	486a      	ldr	r0, [pc, #424]	@ (1000167c <irq_add_shared_handler+0x1e0>)
100014d4:	1824      	adds	r4, r4, r0
100014d6:	2206      	movs	r2, #6
100014d8:	56a2      	ldrsb	r2, [r4, r2]
100014da:	4b67      	ldr	r3, [pc, #412]	@ (10001678 <irq_add_shared_handler+0x1dc>)
100014dc:	701a      	strb	r2, [r3, #0]
100014de:	4b68      	ldr	r3, [pc, #416]	@ (10001680 <irq_add_shared_handler+0x1e4>)
100014e0:	689a      	ldr	r2, [r3, #8]
100014e2:	464b      	mov	r3, r9
100014e4:	3310      	adds	r3, #16
100014e6:	009b      	lsls	r3, r3, #2
100014e8:	58d3      	ldr	r3, [r2, r3]
100014ea:	4698      	mov	r8, r3
100014ec:	1a1b      	subs	r3, r3, r0
100014ee:	2b2f      	cmp	r3, #47	@ 0x2f
100014f0:	d93b      	bls.n	1000156a <irq_add_shared_handler+0xce>
100014f2:	4b64      	ldr	r3, [pc, #400]	@ (10001684 <irq_add_shared_handler+0x1e8>)
100014f4:	4598      	cmp	r8, r3
100014f6:	d131      	bne.n	1000155c <irq_add_shared_handler+0xc0>
100014f8:	af05      	add	r7, sp, #20
100014fa:	4b63      	ldr	r3, [pc, #396]	@ (10001688 <irq_add_shared_handler+0x1ec>)
100014fc:	803b      	strh	r3, [r7, #0]
100014fe:	4963      	ldr	r1, [pc, #396]	@ (1000168c <irq_add_shared_handler+0x1f0>)
10001500:	0073      	lsls	r3, r6, #1
10001502:	469a      	mov	sl, r3
10001504:	1998      	adds	r0, r3, r6
10001506:	0080      	lsls	r0, r0, #2
10001508:	4b5c      	ldr	r3, [pc, #368]	@ (1000167c <irq_add_shared_handler+0x1e0>)
1000150a:	4698      	mov	r8, r3
1000150c:	4440      	add	r0, r8
1000150e:	3002      	adds	r0, #2
10001510:	f7ff ff34 	bl	1000137c <make_j_16>
10001514:	8078      	strh	r0, [r7, #2]
10001516:	4b5e      	ldr	r3, [pc, #376]	@ (10001690 <irq_add_shared_handler+0x1f4>)
10001518:	80bb      	strh	r3, [r7, #4]
1000151a:	23ff      	movs	r3, #255	@ 0xff
1000151c:	71bb      	strb	r3, [r7, #6]
1000151e:	71fd      	strb	r5, [r7, #7]
10001520:	9b01      	ldr	r3, [sp, #4]
10001522:	9307      	str	r3, [sp, #28]
10001524:	0033      	movs	r3, r6
10001526:	4453      	add	r3, sl
10001528:	009b      	lsls	r3, r3, #2
1000152a:	4443      	add	r3, r8
1000152c:	cf07      	ldmia	r7!, {r0, r1, r2}
1000152e:	c307      	stmia	r3!, {r0, r1, r2}
10001530:	2301      	movs	r3, #1
10001532:	431c      	orrs	r4, r3
10001534:	46a0      	mov	r8, r4
10001536:	465a      	mov	r2, fp
10001538:	4641      	mov	r1, r8
1000153a:	4648      	mov	r0, r9
1000153c:	f7ff fee0 	bl	10001300 <set_raw_irq_handler_and_unlock>
10001540:	b009      	add	sp, #36	@ 0x24
10001542:	bcf0      	pop	{r4, r5, r6, r7}
10001544:	46bb      	mov	fp, r7
10001546:	46b2      	mov	sl, r6
10001548:	46a9      	mov	r9, r5
1000154a:	46a0      	mov	r8, r4
1000154c:	bdf0      	pop	{r4, r5, r6, r7, pc}
1000154e:	4b51      	ldr	r3, [pc, #324]	@ (10001694 <irq_add_shared_handler+0x1f8>)
10001550:	4a51      	ldr	r2, [pc, #324]	@ (10001698 <irq_add_shared_handler+0x1fc>)
10001552:	21be      	movs	r1, #190	@ 0xbe
10001554:	4851      	ldr	r0, [pc, #324]	@ (1000169c <irq_add_shared_handler+0x200>)
10001556:	0049      	lsls	r1, r1, #1
10001558:	f003 f992 	bl	10004880 <__assert_func>
1000155c:	4b50      	ldr	r3, [pc, #320]	@ (100016a0 <irq_add_shared_handler+0x204>)
1000155e:	4a4e      	ldr	r2, [pc, #312]	@ (10001698 <irq_add_shared_handler+0x1fc>)
10001560:	2184      	movs	r1, #132	@ 0x84
10001562:	484e      	ldr	r0, [pc, #312]	@ (1000169c <irq_add_shared_handler+0x200>)
10001564:	31ff      	adds	r1, #255	@ 0xff
10001566:	f003 f98b 	bl	10004880 <__assert_func>
1000156a:	2301      	movs	r3, #1
1000156c:	4642      	mov	r2, r8
1000156e:	439a      	bics	r2, r3
10001570:	4692      	mov	sl, r2
10001572:	1a10      	subs	r0, r2, r0
10001574:	210c      	movs	r1, #12
10001576:	f001 f91b 	bl	100027b0 <__wrap___aeabi_uidiv>
1000157a:	2900      	cmp	r1, #0
1000157c:	d10f      	bne.n	1000159e <irq_add_shared_handler+0x102>
1000157e:	4653      	mov	r3, sl
10001580:	2700      	movs	r7, #0
10001582:	79da      	ldrb	r2, [r3, #7]
10001584:	42aa      	cmp	r2, r5
10001586:	d912      	bls.n	100015ae <irq_add_shared_handler+0x112>
10001588:	2106      	movs	r1, #6
1000158a:	5659      	ldrsb	r1, [r3, r1]
1000158c:	2900      	cmp	r1, #0
1000158e:	db0d      	blt.n	100015ac <irq_add_shared_handler+0x110>
10001590:	004a      	lsls	r2, r1, #1
10001592:	1852      	adds	r2, r2, r1
10001594:	0092      	lsls	r2, r2, #2
10001596:	4939      	ldr	r1, [pc, #228]	@ (1000167c <irq_add_shared_handler+0x1e0>)
10001598:	001f      	movs	r7, r3
1000159a:	188b      	adds	r3, r1, r2
1000159c:	e7f1      	b.n	10001582 <irq_add_shared_handler+0xe6>
1000159e:	4b41      	ldr	r3, [pc, #260]	@ (100016a4 <irq_add_shared_handler+0x208>)
100015a0:	4a3d      	ldr	r2, [pc, #244]	@ (10001698 <irq_add_shared_handler+0x1fc>)
100015a2:	21ca      	movs	r1, #202	@ 0xca
100015a4:	483d      	ldr	r0, [pc, #244]	@ (1000169c <irq_add_shared_handler+0x200>)
100015a6:	0049      	lsls	r1, r1, #1
100015a8:	f003 f96a 	bl	10004880 <__assert_func>
100015ac:	001f      	movs	r7, r3
100015ae:	2f00      	cmp	r7, #0
100015b0:	d02e      	beq.n	10001610 <irq_add_shared_handler+0x174>
100015b2:	ab05      	add	r3, sp, #20
100015b4:	4a3c      	ldr	r2, [pc, #240]	@ (100016a8 <irq_add_shared_handler+0x20c>)
100015b6:	801a      	strh	r2, [r3, #0]
100015b8:	3a81      	subs	r2, #129	@ 0x81
100015ba:	805a      	strh	r2, [r3, #2]
100015bc:	2306      	movs	r3, #6
100015be:	56fb      	ldrsb	r3, [r7, r3]
100015c0:	9302      	str	r3, [sp, #8]
100015c2:	2b00      	cmp	r3, #0
100015c4:	da17      	bge.n	100015f6 <irq_add_shared_handler+0x15a>
100015c6:	4839      	ldr	r0, [pc, #228]	@ (100016ac <irq_add_shared_handler+0x210>)
100015c8:	ab05      	add	r3, sp, #20
100015ca:	469a      	mov	sl, r3
100015cc:	8098      	strh	r0, [r3, #4]
100015ce:	9a02      	ldr	r2, [sp, #8]
100015d0:	719a      	strb	r2, [r3, #6]
100015d2:	71dd      	strb	r5, [r3, #7]
100015d4:	9a01      	ldr	r2, [sp, #4]
100015d6:	9207      	str	r2, [sp, #28]
100015d8:	1d38      	adds	r0, r7, #4
100015da:	0021      	movs	r1, r4
100015dc:	f7ff fece 	bl	1000137c <make_j_16>
100015e0:	80b8      	strh	r0, [r7, #4]
100015e2:	71be      	strb	r6, [r7, #6]
100015e4:	4b25      	ldr	r3, [pc, #148]	@ (1000167c <irq_add_shared_handler+0x1e0>)
100015e6:	0072      	lsls	r2, r6, #1
100015e8:	1992      	adds	r2, r2, r6
100015ea:	0092      	lsls	r2, r2, #2
100015ec:	189b      	adds	r3, r3, r2
100015ee:	4652      	mov	r2, sl
100015f0:	ca13      	ldmia	r2!, {r0, r1, r4}
100015f2:	c313      	stmia	r3!, {r0, r1, r4}
100015f4:	e79f      	b.n	10001536 <irq_add_shared_handler+0x9a>
100015f6:	1d38      	adds	r0, r7, #4
100015f8:	f7ff fea8 	bl	1000134c <resolve_j_16>
100015fc:	0001      	movs	r1, r0
100015fe:	0070      	lsls	r0, r6, #1
10001600:	1980      	adds	r0, r0, r6
10001602:	0080      	lsls	r0, r0, #2
10001604:	4b1d      	ldr	r3, [pc, #116]	@ (1000167c <irq_add_shared_handler+0x1e0>)
10001606:	18c0      	adds	r0, r0, r3
10001608:	3004      	adds	r0, #4
1000160a:	f7ff feb7 	bl	1000137c <make_j_16>
1000160e:	e7db      	b.n	100015c8 <irq_add_shared_handler+0x12c>
10001610:	af05      	add	r7, sp, #20
10001612:	4b1d      	ldr	r3, [pc, #116]	@ (10001688 <irq_add_shared_handler+0x1ec>)
10001614:	803b      	strh	r3, [r7, #0]
10001616:	491d      	ldr	r1, [pc, #116]	@ (1000168c <irq_add_shared_handler+0x1f0>)
10001618:	0073      	lsls	r3, r6, #1
1000161a:	9302      	str	r3, [sp, #8]
1000161c:	199b      	adds	r3, r3, r6
1000161e:	009b      	lsls	r3, r3, #2
10001620:	4a16      	ldr	r2, [pc, #88]	@ (1000167c <irq_add_shared_handler+0x1e0>)
10001622:	4690      	mov	r8, r2
10001624:	001a      	movs	r2, r3
10001626:	4442      	add	r2, r8
10001628:	9203      	str	r2, [sp, #12]
1000162a:	1c90      	adds	r0, r2, #2
1000162c:	f7ff fea6 	bl	1000137c <make_j_16>
10001630:	8078      	strh	r0, [r7, #2]
10001632:	9a03      	ldr	r2, [sp, #12]
10001634:	1d10      	adds	r0, r2, #4
10001636:	4651      	mov	r1, sl
10001638:	f7ff fea0 	bl	1000137c <make_j_16>
1000163c:	80b8      	strh	r0, [r7, #4]
1000163e:	4b1c      	ldr	r3, [pc, #112]	@ (100016b0 <irq_add_shared_handler+0x214>)
10001640:	4652      	mov	r2, sl
10001642:	4641      	mov	r1, r8
10001644:	1a52      	subs	r2, r2, r1
10001646:	4152      	adcs	r2, r2
10001648:	4353      	muls	r3, r2
1000164a:	0d1b      	lsrs	r3, r3, #20
1000164c:	71bb      	strb	r3, [r7, #6]
1000164e:	71fd      	strb	r5, [r7, #7]
10001650:	9a01      	ldr	r2, [sp, #4]
10001652:	9207      	str	r2, [sp, #28]
10001654:	9b02      	ldr	r3, [sp, #8]
10001656:	199b      	adds	r3, r3, r6
10001658:	009b      	lsls	r3, r3, #2
1000165a:	4443      	add	r3, r8
1000165c:	cf07      	ldmia	r7!, {r0, r1, r2}
1000165e:	c307      	stmia	r3!, {r0, r1, r2}
10001660:	4b11      	ldr	r3, [pc, #68]	@ (100016a8 <irq_add_shared_handler+0x20c>)
10001662:	4652      	mov	r2, sl
10001664:	8013      	strh	r3, [r2, #0]
10001666:	3b81      	subs	r3, #129	@ 0x81
10001668:	8053      	strh	r3, [r2, #2]
1000166a:	2301      	movs	r3, #1
1000166c:	431c      	orrs	r4, r3
1000166e:	46a0      	mov	r8, r4
10001670:	e761      	b.n	10001536 <irq_add_shared_handler+0x9a>
10001672:	46c0      	nop			@ (mov r8, r8)
10001674:	d0000124 	.word	0xd0000124
10001678:	20014158 	.word	0x20014158
1000167c:	20000c04 	.word	0x20000c04
10001680:	e000ed00 	.word	0xe000ed00
10001684:	100001c1 	.word	0x100001c1
10001688:	ffffa100 	.word	0xffffa100
1000168c:	20000c34 	.word	0x20000c34
10001690:	ffffbd01 	.word	0xffffbd01
10001694:	10007d7c 	.word	0x10007d7c
10001698:	10008908 	.word	0x10008908
1000169c:	10007cc8 	.word	0x10007cc8
100016a0:	10007da4 	.word	0x10007da4
100016a4:	10007dcc 	.word	0x10007dcc
100016a8:	00004801 	.word	0x00004801
100016ac:	0000bd01 	.word	0x0000bd01
100016b0:	0000aaaa 	.word	0x0000aaaa

100016b4 <irq_add_tail_to_free_list>:
100016b4:	b5f8      	push	{r3, r4, r5, r6, r7, lr}
100016b6:	2201      	movs	r2, #1
100016b8:	4302      	orrs	r2, r0
100016ba:	4b2c      	ldr	r3, [pc, #176]	@ (1000176c <irq_add_tail_to_free_list+0xb8>)
100016bc:	1ad3      	subs	r3, r2, r3
100016be:	2b2f      	cmp	r3, #47	@ 0x2f
100016c0:	d828      	bhi.n	10001714 <irq_add_tail_to_free_list+0x60>
100016c2:	f3ef 8305 	mrs	r3, IPSR
100016c6:	2b00      	cmp	r3, #0
100016c8:	d02a      	beq.n	10001720 <irq_add_tail_to_free_list+0x6c>
100016ca:	f3ef 8410 	mrs	r4, PRIMASK
100016ce:	b672      	cpsid	i
100016d0:	4927      	ldr	r1, [pc, #156]	@ (10001770 <irq_add_tail_to_free_list+0xbc>)
100016d2:	6809      	ldr	r1, [r1, #0]
100016d4:	2900      	cmp	r1, #0
100016d6:	d0fb      	beq.n	100016d0 <irq_add_tail_to_free_list+0x1c>
100016d8:	f3bf 8f5f 	dmb	sy
100016dc:	4d23      	ldr	r5, [pc, #140]	@ (1000176c <irq_add_tail_to_free_list+0xb8>)
100016de:	4925      	ldr	r1, [pc, #148]	@ (10001774 <irq_add_tail_to_free_list+0xc0>)
100016e0:	0006      	movs	r6, r0
100016e2:	1b76      	subs	r6, r6, r5
100016e4:	4176      	adcs	r6, r6
100016e6:	4371      	muls	r1, r6
100016e8:	0d09      	lsrs	r1, r1, #20
100016ea:	b24d      	sxtb	r5, r1
100016ec:	4922      	ldr	r1, [pc, #136]	@ (10001778 <irq_add_tail_to_free_list+0xc4>)
100016ee:	6889      	ldr	r1, [r1, #8]
100016f0:	009b      	lsls	r3, r3, #2
100016f2:	58c9      	ldr	r1, [r1, r3]
100016f4:	4291      	cmp	r1, r2
100016f6:	d019      	beq.n	1000172c <irq_add_tail_to_free_list+0x78>
100016f8:	2100      	movs	r1, #0
100016fa:	2903      	cmp	r1, #3
100016fc:	d830      	bhi.n	10001760 <irq_add_tail_to_free_list+0xac>
100016fe:	4b1b      	ldr	r3, [pc, #108]	@ (1000176c <irq_add_tail_to_free_list+0xb8>)
10001700:	004a      	lsls	r2, r1, #1
10001702:	1852      	adds	r2, r2, r1
10001704:	0092      	lsls	r2, r2, #2
10001706:	189b      	adds	r3, r3, r2
10001708:	799b      	ldrb	r3, [r3, #6]
1000170a:	b25b      	sxtb	r3, r3
1000170c:	42ab      	cmp	r3, r5
1000170e:	d01d      	beq.n	1000174c <irq_add_tail_to_free_list+0x98>
10001710:	3101      	adds	r1, #1
10001712:	e7f2      	b.n	100016fa <irq_add_tail_to_free_list+0x46>
10001714:	4b19      	ldr	r3, [pc, #100]	@ (1000177c <irq_add_tail_to_free_list+0xc8>)
10001716:	4a1a      	ldr	r2, [pc, #104]	@ (10001780 <irq_add_tail_to_free_list+0xcc>)
10001718:	481a      	ldr	r0, [pc, #104]	@ (10001784 <irq_add_tail_to_free_list+0xd0>)
1000171a:	491b      	ldr	r1, [pc, #108]	@ (10001788 <irq_add_tail_to_free_list+0xd4>)
1000171c:	f003 f8b0 	bl	10004880 <__assert_func>
10001720:	4b1a      	ldr	r3, [pc, #104]	@ (1000178c <irq_add_tail_to_free_list+0xd8>)
10001722:	4a17      	ldr	r2, [pc, #92]	@ (10001780 <irq_add_tail_to_free_list+0xcc>)
10001724:	4817      	ldr	r0, [pc, #92]	@ (10001784 <irq_add_tail_to_free_list+0xd0>)
10001726:	491a      	ldr	r1, [pc, #104]	@ (10001790 <irq_add_tail_to_free_list+0xdc>)
10001728:	f003 f8aa 	bl	10004880 <__assert_func>
1000172c:	4a12      	ldr	r2, [pc, #72]	@ (10001778 <irq_add_tail_to_free_list+0xc4>)
1000172e:	6892      	ldr	r2, [r2, #8]
10001730:	4918      	ldr	r1, [pc, #96]	@ (10001794 <irq_add_tail_to_free_list+0xe0>)
10001732:	50d1      	str	r1, [r2, r3]
10001734:	4b18      	ldr	r3, [pc, #96]	@ (10001798 <irq_add_tail_to_free_list+0xe4>)
10001736:	781a      	ldrb	r2, [r3, #0]
10001738:	7182      	strb	r2, [r0, #6]
1000173a:	701d      	strb	r5, [r3, #0]
1000173c:	f3bf 8f5f 	dmb	sy
10001740:	4b0b      	ldr	r3, [pc, #44]	@ (10001770 <irq_add_tail_to_free_list+0xbc>)
10001742:	2200      	movs	r2, #0
10001744:	601a      	str	r2, [r3, #0]
10001746:	f384 8810 	msr	PRIMASK, r4
1000174a:	bdf8      	pop	{r3, r4, r5, r6, r7, pc}
1000174c:	4b07      	ldr	r3, [pc, #28]	@ (1000176c <irq_add_tail_to_free_list+0xb8>)
1000174e:	004a      	lsls	r2, r1, #1
10001750:	1856      	adds	r6, r2, r1
10001752:	00b6      	lsls	r6, r6, #2
10001754:	199e      	adds	r6, r3, r6
10001756:	27ff      	movs	r7, #255	@ 0xff
10001758:	71b7      	strb	r7, [r6, #6]
1000175a:	4a10      	ldr	r2, [pc, #64]	@ (1000179c <irq_add_tail_to_free_list+0xe8>)
1000175c:	80b2      	strh	r2, [r6, #4]
1000175e:	e7e9      	b.n	10001734 <irq_add_tail_to_free_list+0x80>
10001760:	4b0f      	ldr	r3, [pc, #60]	@ (100017a0 <irq_add_tail_to_free_list+0xec>)
10001762:	4a07      	ldr	r2, [pc, #28]	@ (10001780 <irq_add_tail_to_free_list+0xcc>)
10001764:	4807      	ldr	r0, [pc, #28]	@ (10001784 <irq_add_tail_to_free_list+0xd0>)
10001766:	490f      	ldr	r1, [pc, #60]	@ (100017a4 <irq_add_tail_to_free_list+0xf0>)
10001768:	f003 f88a 	bl	10004880 <__assert_func>
1000176c:	20000c04 	.word	0x20000c04
10001770:	d0000124 	.word	0xd0000124
10001774:	0000aaaa 	.word	0x0000aaaa
10001778:	e000ed00 	.word	0xe000ed00
1000177c:	10007e50 	.word	0x10007e50
10001780:	100088d0 	.word	0x100088d0
10001784:	10007cc8 	.word	0x10007cc8
10001788:	0000027f 	.word	0x0000027f
1000178c:	10007e78 	.word	0x10007e78
10001790:	00000282 	.word	0x00000282
10001794:	100001c1 	.word	0x100001c1
10001798:	20014158 	.word	0x20014158
1000179c:	ffffbd01 	.word	0xffffbd01
100017a0:	10007e84 	.word	0x10007e84
100017a4:	00000293 	.word	0x00000293

100017a8 <user_irq_claim_unused>:
100017a8:	b510      	push	{r4, lr}
100017aa:	b082      	sub	sp, #8
100017ac:	0001      	movs	r1, r0
100017ae:	4c07      	ldr	r4, [pc, #28]	@ (100017cc <user_irq_claim_unused+0x24>)
100017b0:	4b07      	ldr	r3, [pc, #28]	@ (100017d0 <user_irq_claim_unused+0x28>)
100017b2:	9300      	str	r3, [sp, #0]
100017b4:	2305      	movs	r3, #5
100017b6:	2200      	movs	r2, #0
100017b8:	0020      	movs	r0, r4
100017ba:	f7ff fd48 	bl	1000124e <hw_claim_unused_from_range>
100017be:	2800      	cmp	r0, #0
100017c0:	db01      	blt.n	100017c6 <user_irq_claim_unused+0x1e>
100017c2:	231f      	movs	r3, #31
100017c4:	1a18      	subs	r0, r3, r0
100017c6:	b002      	add	sp, #8
100017c8:	bd10      	pop	{r4, pc}
100017ca:	46c0      	nop			@ (mov r8, r8)
100017cc:	2001415d 	.word	0x2001415d
100017d0:	10007e8c 	.word	0x10007e8c

100017d4 <lock_init>:
100017d4:	4b02      	ldr	r3, [pc, #8]	@ (100017e0 <lock_init+0xc>)
100017d6:	469c      	mov	ip, r3
100017d8:	4461      	add	r1, ip
100017da:	0089      	lsls	r1, r1, #2
100017dc:	6001      	str	r1, [r0, #0]
100017de:	4770      	bx	lr
100017e0:	34000040 	.word	0x34000040

100017e4 <mutex_init>:
100017e4:	b510      	push	{r4, lr}
100017e6:	0004      	movs	r4, r0
100017e8:	f7ff fd5a 	bl	100012a0 <next_striped_spin_lock_num>
100017ec:	0001      	movs	r1, r0
100017ee:	0020      	movs	r0, r4
100017f0:	f7ff fff0 	bl	100017d4 <lock_init>
100017f4:	23ff      	movs	r3, #255	@ 0xff
100017f6:	7123      	strb	r3, [r4, #4]
100017f8:	f3bf 8f5f 	dmb	sy
100017fc:	bd10      	pop	{r4, pc}

100017fe <recursive_mutex_init>:
100017fe:	b510      	push	{r4, lr}
10001800:	0004      	movs	r4, r0
10001802:	f7ff fd4d 	bl	100012a0 <next_striped_spin_lock_num>
10001806:	0001      	movs	r1, r0
10001808:	0020      	movs	r0, r4
1000180a:	f7ff ffe3 	bl	100017d4 <lock_init>
1000180e:	23ff      	movs	r3, #255	@ 0xff
10001810:	7123      	strb	r3, [r4, #4]
10001812:	2300      	movs	r3, #0
10001814:	7163      	strb	r3, [r4, #5]
10001816:	f3bf 8f5f 	dmb	sy
1000181a:	bd10      	pop	{r4, pc}

1000181c <runtime_init_mutex>:
1000181c:	b510      	push	{r4, lr}
1000181e:	4c0d      	ldr	r4, [pc, #52]	@ (10001854 <runtime_init_mutex+0x38>)
10001820:	e009      	b.n	10001836 <runtime_init_mutex+0x1a>
10001822:	4b0d      	ldr	r3, [pc, #52]	@ (10001858 <runtime_init_mutex+0x3c>)
10001824:	4a0d      	ldr	r2, [pc, #52]	@ (1000185c <runtime_init_mutex+0x40>)
10001826:	480e      	ldr	r0, [pc, #56]	@ (10001860 <runtime_init_mutex+0x44>)
10001828:	211a      	movs	r1, #26
1000182a:	f003 f829 	bl	10004880 <__assert_func>
1000182e:	0020      	movs	r0, r4
10001830:	f7ff ffd8 	bl	100017e4 <mutex_init>
10001834:	3408      	adds	r4, #8
10001836:	4b0b      	ldr	r3, [pc, #44]	@ (10001864 <runtime_init_mutex+0x48>)
10001838:	429c      	cmp	r4, r3
1000183a:	d209      	bcs.n	10001850 <runtime_init_mutex+0x34>
1000183c:	6823      	ldr	r3, [r4, #0]
1000183e:	2b00      	cmp	r3, #0
10001840:	d0f5      	beq.n	1000182e <runtime_init_mutex+0x12>
10001842:	2b01      	cmp	r3, #1
10001844:	d1ed      	bne.n	10001822 <runtime_init_mutex+0x6>
10001846:	0020      	movs	r0, r4
10001848:	f7ff ffd9 	bl	100017fe <recursive_mutex_init>
1000184c:	3408      	adds	r4, #8
1000184e:	e7f2      	b.n	10001836 <runtime_init_mutex+0x1a>
10001850:	bd10      	pop	{r4, pc}
10001852:	46c0      	nop			@ (mov r8, r8)
10001854:	20000cc8 	.word	0x20000cc8
10001858:	10007ea8 	.word	0x10007ea8
1000185c:	10008960 	.word	0x10008960
10001860:	10007ec8 	.word	0x10007ec8
10001864:	20000cd0 	.word	0x20000cd0

10001868 <critical_section_init_with_lock_num>:
10001868:	4b03      	ldr	r3, [pc, #12]	@ (10001878 <critical_section_init_with_lock_num+0x10>)
1000186a:	469c      	mov	ip, r3
1000186c:	4461      	add	r1, ip
1000186e:	0089      	lsls	r1, r1, #2
10001870:	6001      	str	r1, [r0, #0]
10001872:	f3bf 8f5f 	dmb	sy
10001876:	4770      	bx	lr
10001878:	34000040 	.word	0x34000040

1000187c <critical_section_init>:
1000187c:	b510      	push	{r4, lr}
1000187e:	0004      	movs	r4, r0
10001880:	2001      	movs	r0, #1
10001882:	f7ff fd1b 	bl	100012bc <spin_lock_claim_unused>
10001886:	0001      	movs	r1, r0
10001888:	0020      	movs	r0, r4
1000188a:	f7ff ffed 	bl	10001868 <critical_section_init_with_lock_num>
1000188e:	bd10      	pop	{r4, pc}

10001890 <ta_set_timeout>:
10001890:	b530      	push	{r4, r5, lr}
10001892:	6a84      	ldr	r4, [r0, #40]	@ 0x28
10001894:	1b15      	subs	r5, r2, r4
10001896:	1d0b      	adds	r3, r1, #4
10001898:	009b      	lsls	r3, r3, #2
1000189a:	581b      	ldr	r3, [r3, r0]
1000189c:	1b1b      	subs	r3, r3, r4
1000189e:	429d      	cmp	r5, r3
100018a0:	d304      	bcc.n	100018ac <ta_set_timeout+0x1c>
100018a2:	6a04      	ldr	r4, [r0, #32]
100018a4:	2301      	movs	r3, #1
100018a6:	408b      	lsls	r3, r1
100018a8:	4223      	tst	r3, r4
100018aa:	d102      	bne.n	100018b2 <ta_set_timeout+0x22>
100018ac:	3104      	adds	r1, #4
100018ae:	0089      	lsls	r1, r1, #2
100018b0:	500a      	str	r2, [r1, r0]
100018b2:	bd30      	pop	{r4, r5, pc}

100018b4 <make_alarm_id>:
100018b4:	0400      	lsls	r0, r0, #16
100018b6:	4308      	orrs	r0, r1
100018b8:	4770      	bx	lr
	...

100018bc <sleep_until_callback>:
100018bc:	4b0a      	ldr	r3, [pc, #40]	@ (100018e8 <sleep_until_callback+0x2c>)
100018be:	6819      	ldr	r1, [r3, #0]
100018c0:	f3ef 8310 	mrs	r3, PRIMASK
100018c4:	b672      	cpsid	i
100018c6:	680a      	ldr	r2, [r1, #0]
100018c8:	2a00      	cmp	r2, #0
100018ca:	d0fc      	beq.n	100018c6 <sleep_until_callback+0xa>
100018cc:	f3bf 8f5f 	dmb	sy
100018d0:	4a05      	ldr	r2, [pc, #20]	@ (100018e8 <sleep_until_callback+0x2c>)
100018d2:	6812      	ldr	r2, [r2, #0]
100018d4:	f3bf 8f5f 	dmb	sy
100018d8:	2100      	movs	r1, #0
100018da:	6011      	str	r1, [r2, #0]
100018dc:	f383 8810 	msr	PRIMASK, r3
100018e0:	bf40      	sev
100018e2:	2000      	movs	r0, #0
100018e4:	2100      	movs	r1, #0
100018e6:	4770      	bx	lr
100018e8:	20014134 	.word	0x20014134

100018ec <alarm_pool_irq_handler>:
100018ec:	b5f0      	push	{r4, r5, r6, r7, lr}
100018ee:	46de      	mov	lr, fp
100018f0:	4657      	mov	r7, sl
100018f2:	464e      	mov	r6, r9
100018f4:	4645      	mov	r5, r8
100018f6:	b5e0      	push	{r5, r6, r7, lr}
100018f8:	b087      	sub	sp, #28
100018fa:	f3ef 8305 	mrs	r3, IPSR
100018fe:	2203      	movs	r2, #3
10001900:	401a      	ands	r2, r3
10001902:	4692      	mov	sl, r2
10001904:	4bae      	ldr	r3, [pc, #696]	@ (10001bc0 <alarm_pool_irq_handler+0x2d4>)
10001906:	0092      	lsls	r2, r2, #2
10001908:	58d7      	ldr	r7, [r2, r3]
1000190a:	783b      	ldrb	r3, [r7, #0]
1000190c:	4553      	cmp	r3, sl
1000190e:	d107      	bne.n	10001920 <alarm_pool_irq_handler+0x34>
10001910:	2301      	movs	r3, #1
10001912:	4652      	mov	r2, sl
10001914:	4093      	lsls	r3, r2
10001916:	4699      	mov	r9, r3
10001918:	4baa      	ldr	r3, [pc, #680]	@ (10001bc4 <alarm_pool_irq_handler+0x2d8>)
1000191a:	464a      	mov	r2, r9
1000191c:	601a      	str	r2, [r3, #0]
1000191e:	e125      	b.n	10001b6c <alarm_pool_irq_handler+0x280>
10001920:	4ba9      	ldr	r3, [pc, #676]	@ (10001bc8 <alarm_pool_irq_handler+0x2dc>)
10001922:	4aaa      	ldr	r2, [pc, #680]	@ (10001bcc <alarm_pool_irq_handler+0x2e0>)
10001924:	48aa      	ldr	r0, [pc, #680]	@ (10001bd0 <alarm_pool_irq_handler+0x2e4>)
10001926:	2192      	movs	r1, #146	@ 0x92
10001928:	f002 ffaa 	bl	10004880 <__assert_func>
1000192c:	697a      	ldr	r2, [r7, #20]
1000192e:	0073      	lsls	r3, r6, #1
10001930:	199b      	adds	r3, r3, r6
10001932:	00db      	lsls	r3, r3, #3
10001934:	4690      	mov	r8, r2
10001936:	4498      	add	r8, r3
10001938:	4643      	mov	r3, r8
1000193a:	689c      	ldr	r4, [r3, #8]
1000193c:	68dd      	ldr	r5, [r3, #12]
1000193e:	48a5      	ldr	r0, [pc, #660]	@ (10001bd4 <alarm_pool_irq_handler+0x2e8>)
10001940:	f000 fbe4 	bl	1000210c <timer_time_us_64>
10001944:	1b00      	subs	r0, r0, r4
10001946:	41a9      	sbcs	r1, r5
10001948:	2900      	cmp	r1, #0
1000194a:	da00      	bge.n	1000194e <alarm_pool_irq_handler+0x62>
1000194c:	e116      	b.n	10001b7c <alarm_pool_irq_handler+0x290>
1000194e:	2d00      	cmp	r5, #0
10001950:	db74      	blt.n	10001a3c <alarm_pool_irq_handler+0x150>
10001952:	4643      	mov	r3, r8
10001954:	691b      	ldr	r3, [r3, #16]
10001956:	469b      	mov	fp, r3
10001958:	4b9f      	ldr	r3, [pc, #636]	@ (10001bd8 <alarm_pool_irq_handler+0x2ec>)
1000195a:	459b      	cmp	fp, r3
1000195c:	d04f      	beq.n	100019fe <alarm_pool_irq_handler+0x112>
1000195e:	2308      	movs	r3, #8
10001960:	5ef8      	ldrsh	r0, [r7, r3]
10001962:	4643      	mov	r3, r8
10001964:	8859      	ldrh	r1, [r3, #2]
10001966:	b289      	uxth	r1, r1
10001968:	f7ff ffa4 	bl	100018b4 <make_alarm_id>
1000196c:	4643      	mov	r3, r8
1000196e:	6959      	ldr	r1, [r3, #20]
10001970:	47d8      	blx	fp
10001972:	9002      	str	r0, [sp, #8]
10001974:	9103      	str	r1, [sp, #12]
10001976:	9902      	ldr	r1, [sp, #8]
10001978:	9a03      	ldr	r2, [sp, #12]
1000197a:	000b      	movs	r3, r1
1000197c:	0010      	movs	r0, r2
1000197e:	4313      	orrs	r3, r2
10001980:	d05c      	beq.n	10001a3c <alarm_pool_irq_handler+0x150>
10001982:	0013      	movs	r3, r2
10001984:	000a      	movs	r2, r1
10001986:	2800      	cmp	r0, #0
10001988:	da47      	bge.n	10001a1a <alarm_pool_irq_handler+0x12e>
1000198a:	1aa4      	subs	r4, r4, r2
1000198c:	419d      	sbcs	r5, r3
1000198e:	9400      	str	r4, [sp, #0]
10001990:	9501      	str	r5, [sp, #4]
10001992:	4643      	mov	r3, r8
10001994:	9c00      	ldr	r4, [sp, #0]
10001996:	9d01      	ldr	r5, [sp, #4]
10001998:	609c      	str	r4, [r3, #8]
1000199a:	60dd      	str	r5, [r3, #12]
1000199c:	2100      	movs	r1, #0
1000199e:	5e59      	ldrsh	r1, [r3, r1]
100019a0:	2900      	cmp	r1, #0
100019a2:	da00      	bge.n	100019a6 <alarm_pool_irq_handler+0xba>
100019a4:	e0ea      	b.n	10001b7c <alarm_pool_irq_handler+0x290>
100019a6:	6978      	ldr	r0, [r7, #20]
100019a8:	004b      	lsls	r3, r1, #1
100019aa:	185b      	adds	r3, r3, r1
100019ac:	00db      	lsls	r3, r3, #3
100019ae:	18c3      	adds	r3, r0, r3
100019b0:	689a      	ldr	r2, [r3, #8]
100019b2:	68db      	ldr	r3, [r3, #12]
100019b4:	1aa4      	subs	r4, r4, r2
100019b6:	419d      	sbcs	r5, r3
100019b8:	2d00      	cmp	r5, #0
100019ba:	da00      	bge.n	100019be <alarm_pool_irq_handler+0xd2>
100019bc:	e0de      	b.n	10001b7c <alarm_pool_irq_handler+0x290>
100019be:	8139      	strh	r1, [r7, #8]
100019c0:	003d      	movs	r5, r7
100019c2:	3508      	adds	r5, #8
100019c4:	4684      	mov	ip, r0
100019c6:	9104      	str	r1, [sp, #16]
100019c8:	002a      	movs	r2, r5
100019ca:	9705      	str	r7, [sp, #20]
100019cc:	46b3      	mov	fp, r6
100019ce:	9e00      	ldr	r6, [sp, #0]
100019d0:	9f01      	ldr	r7, [sp, #4]
100019d2:	9b04      	ldr	r3, [sp, #16]
100019d4:	2b00      	cmp	r3, #0
100019d6:	db2a      	blt.n	10001a2e <alarm_pool_irq_handler+0x142>
100019d8:	2300      	movs	r3, #0
100019da:	5ed4      	ldrsh	r4, [r2, r3]
100019dc:	0063      	lsls	r3, r4, #1
100019de:	191b      	adds	r3, r3, r4
100019e0:	00db      	lsls	r3, r3, #3
100019e2:	4463      	add	r3, ip
100019e4:	689c      	ldr	r4, [r3, #8]
100019e6:	68dd      	ldr	r5, [r3, #12]
100019e8:	0030      	movs	r0, r6
100019ea:	0039      	movs	r1, r7
100019ec:	1b00      	subs	r0, r0, r4
100019ee:	41a9      	sbcs	r1, r5
100019f0:	2900      	cmp	r1, #0
100019f2:	db1c      	blt.n	10001a2e <alarm_pool_irq_handler+0x142>
100019f4:	001a      	movs	r2, r3
100019f6:	2100      	movs	r1, #0
100019f8:	5e59      	ldrsh	r1, [r3, r1]
100019fa:	9104      	str	r1, [sp, #16]
100019fc:	e7e9      	b.n	100019d2 <alarm_pool_irq_handler+0xe6>
100019fe:	4643      	mov	r3, r8
10001a00:	695b      	ldr	r3, [r3, #20]
10001a02:	469b      	mov	fp, r3
10001a04:	691b      	ldr	r3, [r3, #16]
10001a06:	4658      	mov	r0, fp
10001a08:	4798      	blx	r3
10001a0a:	2800      	cmp	r0, #0
10001a0c:	d016      	beq.n	10001a3c <alarm_pool_irq_handler+0x150>
10001a0e:	465b      	mov	r3, fp
10001a10:	681a      	ldr	r2, [r3, #0]
10001a12:	685b      	ldr	r3, [r3, #4]
10001a14:	9202      	str	r2, [sp, #8]
10001a16:	9303      	str	r3, [sp, #12]
10001a18:	e7ad      	b.n	10001976 <alarm_pool_irq_handler+0x8a>
10001a1a:	486e      	ldr	r0, [pc, #440]	@ (10001bd4 <alarm_pool_irq_handler+0x2e8>)
10001a1c:	f000 fb76 	bl	1000210c <timer_time_us_64>
10001a20:	9b02      	ldr	r3, [sp, #8]
10001a22:	9c03      	ldr	r4, [sp, #12]
10001a24:	181b      	adds	r3, r3, r0
10001a26:	414c      	adcs	r4, r1
10001a28:	9300      	str	r3, [sp, #0]
10001a2a:	9401      	str	r4, [sp, #4]
10001a2c:	e7b1      	b.n	10001992 <alarm_pool_irq_handler+0xa6>
10001a2e:	9904      	ldr	r1, [sp, #16]
10001a30:	9f05      	ldr	r7, [sp, #20]
10001a32:	465e      	mov	r6, fp
10001a34:	4643      	mov	r3, r8
10001a36:	8019      	strh	r1, [r3, #0]
10001a38:	8016      	strh	r6, [r2, #0]
10001a3a:	e09f      	b.n	10001b7c <alarm_pool_irq_handler+0x290>
10001a3c:	4643      	mov	r3, r8
10001a3e:	2200      	movs	r2, #0
10001a40:	5e9b      	ldrsh	r3, [r3, r2]
10001a42:	813b      	strh	r3, [r7, #8]
10001a44:	693a      	ldr	r2, [r7, #16]
10001a46:	f3ef 8310 	mrs	r3, PRIMASK
10001a4a:	b672      	cpsid	i
10001a4c:	6811      	ldr	r1, [r2, #0]
10001a4e:	2900      	cmp	r1, #0
10001a50:	d0fc      	beq.n	10001a4c <alarm_pool_irq_handler+0x160>
10001a52:	f3bf 8f5f 	dmb	sy
10001a56:	2102      	movs	r1, #2
10001a58:	5e7a      	ldrsh	r2, [r7, r1]
10001a5a:	4641      	mov	r1, r8
10001a5c:	800a      	strh	r2, [r1, #0]
10001a5e:	807e      	strh	r6, [r7, #2]
10001a60:	693a      	ldr	r2, [r7, #16]
10001a62:	f3bf 8f5f 	dmb	sy
10001a66:	2100      	movs	r1, #0
10001a68:	6011      	str	r1, [r2, #0]
10001a6a:	f383 8810 	msr	PRIMASK, r3
10001a6e:	e085      	b.n	10001b7c <alarm_pool_irq_handler+0x290>
10001a70:	6939      	ldr	r1, [r7, #16]
10001a72:	f3ef 8310 	mrs	r3, PRIMASK
10001a76:	b672      	cpsid	i
10001a78:	680a      	ldr	r2, [r1, #0]
10001a7a:	2a00      	cmp	r2, #0
10001a7c:	d0fc      	beq.n	10001a78 <alarm_pool_irq_handler+0x18c>
10001a7e:	f3bf 8f5f 	dmb	sy
10001a82:	88b8      	ldrh	r0, [r7, #4]
10001a84:	b200      	sxth	r0, r0
10001a86:	2201      	movs	r2, #1
10001a88:	4252      	negs	r2, r2
10001a8a:	80ba      	strh	r2, [r7, #4]
10001a8c:	693a      	ldr	r2, [r7, #16]
10001a8e:	f3bf 8f5f 	dmb	sy
10001a92:	2100      	movs	r1, #0
10001a94:	6011      	str	r1, [r2, #0]
10001a96:	f383 8810 	msr	PRIMASK, r3
10001a9a:	0005      	movs	r5, r0
10001a9c:	46bc      	mov	ip, r7
10001a9e:	e01c      	b.n	10001ada <alarm_pool_irq_handler+0x1ee>
10001aa0:	9304      	str	r3, [sp, #16]
10001aa2:	2200      	movs	r2, #0
10001aa4:	5e9a      	ldrsh	r2, [r3, r2]
10001aa6:	2a00      	cmp	r2, #0
10001aa8:	db0e      	blt.n	10001ac8 <alarm_pool_irq_handler+0x1dc>
10001aaa:	9b04      	ldr	r3, [sp, #16]
10001aac:	2100      	movs	r1, #0
10001aae:	5e59      	ldrsh	r1, [r3, r1]
10001ab0:	004b      	lsls	r3, r1, #1
10001ab2:	185b      	adds	r3, r3, r1
10001ab4:	00db      	lsls	r3, r3, #3
10001ab6:	4463      	add	r3, ip
10001ab8:	6898      	ldr	r0, [r3, #8]
10001aba:	68d9      	ldr	r1, [r3, #12]
10001abc:	0034      	movs	r4, r6
10001abe:	003d      	movs	r5, r7
10001ac0:	1a24      	subs	r4, r4, r0
10001ac2:	418d      	sbcs	r5, r1
10001ac4:	2d00      	cmp	r5, #0
10001ac6:	daeb      	bge.n	10001aa0 <alarm_pool_irq_handler+0x1b4>
10001ac8:	9904      	ldr	r1, [sp, #16]
10001aca:	465d      	mov	r5, fp
10001acc:	9b00      	ldr	r3, [sp, #0]
10001ace:	469c      	mov	ip, r3
10001ad0:	4644      	mov	r4, r8
10001ad2:	800d      	strh	r5, [r1, #0]
10001ad4:	2300      	movs	r3, #0
10001ad6:	5ee5      	ldrsh	r5, [r4, r3]
10001ad8:	8022      	strh	r2, [r4, #0]
10001ada:	2d00      	cmp	r5, #0
10001adc:	db12      	blt.n	10001b04 <alarm_pool_irq_handler+0x218>
10001ade:	4663      	mov	r3, ip
10001ae0:	6958      	ldr	r0, [r3, #20]
10001ae2:	006c      	lsls	r4, r5, #1
10001ae4:	1964      	adds	r4, r4, r5
10001ae6:	00e4      	lsls	r4, r4, #3
10001ae8:	1904      	adds	r4, r0, r4
10001aea:	68a6      	ldr	r6, [r4, #8]
10001aec:	68e7      	ldr	r7, [r4, #12]
10001aee:	4661      	mov	r1, ip
10001af0:	3108      	adds	r1, #8
10001af2:	2208      	movs	r2, #8
10001af4:	5e9a      	ldrsh	r2, [r3, r2]
10001af6:	46ab      	mov	fp, r5
10001af8:	9104      	str	r1, [sp, #16]
10001afa:	4663      	mov	r3, ip
10001afc:	9300      	str	r3, [sp, #0]
10001afe:	46a0      	mov	r8, r4
10001b00:	4684      	mov	ip, r0
10001b02:	e7d0      	b.n	10001aa6 <alarm_pool_irq_handler+0x1ba>
10001b04:	4667      	mov	r7, ip
10001b06:	e03e      	b.n	10001b86 <alarm_pool_irq_handler+0x29a>
10001b08:	2300      	movs	r3, #0
10001b0a:	71bb      	strb	r3, [r7, #6]
10001b0c:	0039      	movs	r1, r7
10001b0e:	3108      	adds	r1, #8
10001b10:	2308      	movs	r3, #8
10001b12:	5ef8      	ldrsh	r0, [r7, r3]
10001b14:	e00e      	b.n	10001b34 <alarm_pool_irq_handler+0x248>
10001b16:	2401      	movs	r4, #1
10001b18:	4264      	negs	r4, r4
10001b1a:	17e5      	asrs	r5, r4, #31
10001b1c:	6094      	str	r4, [r2, #8]
10001b1e:	60d5      	str	r5, [r2, #12]
10001b20:	2408      	movs	r4, #8
10001b22:	5f3b      	ldrsh	r3, [r7, r4]
10001b24:	4283      	cmp	r3, r0
10001b26:	d004      	beq.n	10001b32 <alarm_pool_irq_handler+0x246>
10001b28:	800e      	strh	r6, [r1, #0]
10001b2a:	2408      	movs	r4, #8
10001b2c:	5f3b      	ldrsh	r3, [r7, r4]
10001b2e:	8013      	strh	r3, [r2, #0]
10001b30:	8138      	strh	r0, [r7, #8]
10001b32:	0030      	movs	r0, r6
10001b34:	1c43      	adds	r3, r0, #1
10001b36:	d029      	beq.n	10001b8c <alarm_pool_irq_handler+0x2a0>
10001b38:	697c      	ldr	r4, [r7, #20]
10001b3a:	0043      	lsls	r3, r0, #1
10001b3c:	181b      	adds	r3, r3, r0
10001b3e:	00db      	lsls	r3, r3, #3
10001b40:	18e2      	adds	r2, r4, r3
10001b42:	5ee6      	ldrsh	r6, [r4, r3]
10001b44:	8853      	ldrh	r3, [r2, #2]
10001b46:	b21b      	sxth	r3, r3
10001b48:	2b00      	cmp	r3, #0
10001b4a:	dbe4      	blt.n	10001b16 <alarm_pool_irq_handler+0x22a>
10001b4c:	0011      	movs	r1, r2
10001b4e:	e7f0      	b.n	10001b32 <alarm_pool_irq_handler+0x246>
10001b50:	0022      	movs	r2, r4
10001b52:	002b      	movs	r3, r5
10001b54:	4651      	mov	r1, sl
10001b56:	481f      	ldr	r0, [pc, #124]	@ (10001bd4 <alarm_pool_irq_handler+0x2e8>)
10001b58:	f7ff fe9a 	bl	10001890 <ta_set_timeout>
10001b5c:	481d      	ldr	r0, [pc, #116]	@ (10001bd4 <alarm_pool_irq_handler+0x2e8>)
10001b5e:	f000 fad5 	bl	1000210c <timer_time_us_64>
10001b62:	1a24      	subs	r4, r4, r0
10001b64:	418d      	sbcs	r5, r1
10001b66:	2d00      	cmp	r5, #0
10001b68:	dc22      	bgt.n	10001bb0 <alarm_pool_irq_handler+0x2c4>
10001b6a:	d01f      	beq.n	10001bac <alarm_pool_irq_handler+0x2c0>
10001b6c:	4b19      	ldr	r3, [pc, #100]	@ (10001bd4 <alarm_pool_irq_handler+0x2e8>)
10001b6e:	464a      	mov	r2, r9
10001b70:	635a      	str	r2, [r3, #52]	@ 0x34
10001b72:	2308      	movs	r3, #8
10001b74:	5efe      	ldrsh	r6, [r7, r3]
10001b76:	2e00      	cmp	r6, #0
10001b78:	db00      	blt.n	10001b7c <alarm_pool_irq_handler+0x290>
10001b7a:	e6d7      	b.n	1000192c <alarm_pool_irq_handler+0x40>
10001b7c:	88bb      	ldrh	r3, [r7, #4]
10001b7e:	b21b      	sxth	r3, r3
10001b80:	2b00      	cmp	r3, #0
10001b82:	db00      	blt.n	10001b86 <alarm_pool_irq_handler+0x29a>
10001b84:	e774      	b.n	10001a70 <alarm_pool_irq_handler+0x184>
10001b86:	79bb      	ldrb	r3, [r7, #6]
10001b88:	2b00      	cmp	r3, #0
10001b8a:	d1bd      	bne.n	10001b08 <alarm_pool_irq_handler+0x21c>
10001b8c:	2308      	movs	r3, #8
10001b8e:	5efa      	ldrsh	r2, [r7, r3]
10001b90:	2a00      	cmp	r2, #0
10001b92:	db0d      	blt.n	10001bb0 <alarm_pool_irq_handler+0x2c4>
10001b94:	6979      	ldr	r1, [r7, #20]
10001b96:	0053      	lsls	r3, r2, #1
10001b98:	189b      	adds	r3, r3, r2
10001b9a:	00db      	lsls	r3, r3, #3
10001b9c:	18cb      	adds	r3, r1, r3
10001b9e:	689c      	ldr	r4, [r3, #8]
10001ba0:	68dd      	ldr	r5, [r3, #12]
10001ba2:	1c63      	adds	r3, r4, #1
10001ba4:	d1d4      	bne.n	10001b50 <alarm_pool_irq_handler+0x264>
10001ba6:	1c6b      	adds	r3, r5, #1
10001ba8:	d0d8      	beq.n	10001b5c <alarm_pool_irq_handler+0x270>
10001baa:	e7d1      	b.n	10001b50 <alarm_pool_irq_handler+0x264>
10001bac:	2c00      	cmp	r4, #0
10001bae:	d0dd      	beq.n	10001b6c <alarm_pool_irq_handler+0x280>
10001bb0:	bf40      	sev
10001bb2:	b007      	add	sp, #28
10001bb4:	bcf0      	pop	{r4, r5, r6, r7}
10001bb6:	46bb      	mov	fp, r7
10001bb8:	46b2      	mov	sl, r6
10001bba:	46a9      	mov	r9, r5
10001bbc:	46a0      	mov	r8, r4
10001bbe:	bdf0      	pop	{r4, r5, r6, r7, pc}
10001bc0:	2000ff18 	.word	0x2000ff18
10001bc4:	4005703c 	.word	0x4005703c
10001bc8:	10007f60 	.word	0x10007f60
10001bcc:	1000898c 	.word	0x1000898c
10001bd0:	10007f8c 	.word	0x10007f8c
10001bd4:	40054000 	.word	0x40054000
10001bd8:	100018ed 	.word	0x100018ed

10001bdc <ta_enable_irq_handler>:
10001bdc:	b570      	push	{r4, r5, r6, lr}
10001bde:	0004      	movs	r4, r0
10001be0:	000d      	movs	r5, r1
10001be2:	0011      	movs	r1, r2
10001be4:	2601      	movs	r6, #1
10001be6:	40ae      	lsls	r6, r5
10001be8:	6206      	str	r6, [r0, #32]
10001bea:	0028      	movs	r0, r5
10001bec:	f7ff fc2c 	bl	10001448 <irq_set_exclusive_handler>
10001bf0:	2101      	movs	r1, #1
10001bf2:	0028      	movs	r0, r5
10001bf4:	f7ff fc00 	bl	100013f8 <irq_set_enabled>
10001bf8:	4b02      	ldr	r3, [pc, #8]	@ (10001c04 <ta_enable_irq_handler+0x28>)
10001bfa:	469c      	mov	ip, r3
10001bfc:	4464      	add	r4, ip
10001bfe:	6026      	str	r6, [r4, #0]
10001c00:	bd70      	pop	{r4, r5, r6, pc}
10001c02:	46c0      	nop			@ (mov r8, r8)
10001c04:	00002038 	.word	0x00002038

10001c08 <alarm_pool_post_alloc_init>:
10001c08:	b5f8      	push	{r3, r4, r5, r6, r7, lr}
10001c0a:	46ce      	mov	lr, r9
10001c0c:	4647      	mov	r7, r8
10001c0e:	b580      	push	{r7, lr}
10001c10:	0006      	movs	r6, r0
10001c12:	4689      	mov	r9, r1
10001c14:	4690      	mov	r8, r2
10001c16:	001f      	movs	r7, r3
10001c18:	60c1      	str	r1, [r0, #12]
10001c1a:	f7ff fb41 	bl	100012a0 <next_striped_spin_lock_num>
10001c1e:	4b15      	ldr	r3, [pc, #84]	@ (10001c74 <alarm_pool_post_alloc_init+0x6c>)
10001c20:	469c      	mov	ip, r3
10001c22:	4460      	add	r0, ip
10001c24:	0080      	lsls	r0, r0, #2
10001c26:	6130      	str	r0, [r6, #16]
10001c28:	4643      	mov	r3, r8
10001c2a:	7033      	strb	r3, [r6, #0]
10001c2c:	b2bb      	uxth	r3, r7
10001c2e:	8173      	strh	r3, [r6, #10]
10001c30:	22d0      	movs	r2, #208	@ 0xd0
10001c32:	0612      	lsls	r2, r2, #24
10001c34:	7812      	ldrb	r2, [r2, #0]
10001c36:	7072      	strb	r2, [r6, #1]
10001c38:	2201      	movs	r2, #1
10001c3a:	4252      	negs	r2, r2
10001c3c:	8132      	strh	r2, [r6, #8]
10001c3e:	80b2      	strh	r2, [r6, #4]
10001c40:	189b      	adds	r3, r3, r2
10001c42:	8073      	strh	r3, [r6, #2]
10001c44:	2400      	movs	r4, #0
10001c46:	e006      	b.n	10001c56 <alarm_pool_post_alloc_init+0x4e>
10001c48:	1e62      	subs	r2, r4, #1
10001c4a:	6973      	ldr	r3, [r6, #20]
10001c4c:	0065      	lsls	r5, r4, #1
10001c4e:	192d      	adds	r5, r5, r4
10001c50:	00ed      	lsls	r5, r5, #3
10001c52:	535a      	strh	r2, [r3, r5]
10001c54:	3401      	adds	r4, #1
10001c56:	42bc      	cmp	r4, r7
10001c58:	d3f6      	bcc.n	10001c48 <alarm_pool_post_alloc_init+0x40>
10001c5a:	4b07      	ldr	r3, [pc, #28]	@ (10001c78 <alarm_pool_post_alloc_init+0x70>)
10001c5c:	4642      	mov	r2, r8
10001c5e:	0092      	lsls	r2, r2, #2
10001c60:	50d6      	str	r6, [r2, r3]
10001c62:	4a06      	ldr	r2, [pc, #24]	@ (10001c7c <alarm_pool_post_alloc_init+0x74>)
10001c64:	4641      	mov	r1, r8
10001c66:	4648      	mov	r0, r9
10001c68:	f7ff ffb8 	bl	10001bdc <ta_enable_irq_handler>
10001c6c:	bcc0      	pop	{r6, r7}
10001c6e:	46b9      	mov	r9, r7
10001c70:	46b0      	mov	r8, r6
10001c72:	bdf8      	pop	{r3, r4, r5, r6, r7, pc}
10001c74:	34000040 	.word	0x34000040
10001c78:	2000ff18 	.word	0x2000ff18
10001c7c:	100018ed 	.word	0x100018ed

10001c80 <alarm_pool_get_default>:
10001c80:	b510      	push	{r4, lr}
10001c82:	4b06      	ldr	r3, [pc, #24]	@ (10001c9c <alarm_pool_get_default+0x1c>)
10001c84:	691b      	ldr	r3, [r3, #16]
10001c86:	2b00      	cmp	r3, #0
10001c88:	d001      	beq.n	10001c8e <alarm_pool_get_default+0xe>
10001c8a:	4804      	ldr	r0, [pc, #16]	@ (10001c9c <alarm_pool_get_default+0x1c>)
10001c8c:	bd10      	pop	{r4, pc}
10001c8e:	4b04      	ldr	r3, [pc, #16]	@ (10001ca0 <alarm_pool_get_default+0x20>)
10001c90:	4a04      	ldr	r2, [pc, #16]	@ (10001ca4 <alarm_pool_get_default+0x24>)
10001c92:	4805      	ldr	r0, [pc, #20]	@ (10001ca8 <alarm_pool_get_default+0x28>)
10001c94:	2165      	movs	r1, #101	@ 0x65
10001c96:	f002 fdf3 	bl	10004880 <__assert_func>
10001c9a:	46c0      	nop			@ (mov r8, r8)
10001c9c:	20000c4c 	.word	0x20000c4c
10001ca0:	10007fd0 	.word	0x10007fd0
10001ca4:	10008974 	.word	0x10008974
10001ca8:	10007f8c 	.word	0x10007f8c

10001cac <alarm_pool_add_alarm_at_force_in_context>:
10001cac:	b5f8      	push	{r3, r4, r5, r6, r7, lr}
10001cae:	0004      	movs	r4, r0
10001cb0:	6905      	ldr	r5, [r0, #16]
10001cb2:	f3ef 8010 	mrs	r0, PRIMASK
10001cb6:	b672      	cpsid	i
10001cb8:	6829      	ldr	r1, [r5, #0]
10001cba:	2900      	cmp	r1, #0
10001cbc:	d0fc      	beq.n	10001cb8 <alarm_pool_add_alarm_at_force_in_context+0xc>
10001cbe:	f3bf 8f5f 	dmb	sy
10001cc2:	2102      	movs	r1, #2
10001cc4:	5e66      	ldrsh	r6, [r4, r1]
10001cc6:	6965      	ldr	r5, [r4, #20]
10001cc8:	0071      	lsls	r1, r6, #1
10001cca:	1989      	adds	r1, r1, r6
10001ccc:	00c9      	lsls	r1, r1, #3
10001cce:	186d      	adds	r5, r5, r1
10001cd0:	2e00      	cmp	r6, #0
10001cd2:	db02      	blt.n	10001cda <alarm_pool_add_alarm_at_force_in_context+0x2e>
10001cd4:	2700      	movs	r7, #0
10001cd6:	5fe9      	ldrsh	r1, [r5, r7]
10001cd8:	8061      	strh	r1, [r4, #2]
10001cda:	6921      	ldr	r1, [r4, #16]
10001cdc:	f3bf 8f5f 	dmb	sy
10001ce0:	2700      	movs	r7, #0
10001ce2:	600f      	str	r7, [r1, #0]
10001ce4:	f380 8810 	msr	PRIMASK, r0
10001ce8:	2e00      	cmp	r6, #0
10001cea:	db2c      	blt.n	10001d46 <alarm_pool_add_alarm_at_force_in_context+0x9a>
10001cec:	9906      	ldr	r1, [sp, #24]
10001cee:	6129      	str	r1, [r5, #16]
10001cf0:	9907      	ldr	r1, [sp, #28]
10001cf2:	6169      	str	r1, [r5, #20]
10001cf4:	60aa      	str	r2, [r5, #8]
10001cf6:	60eb      	str	r3, [r5, #12]
10001cf8:	886b      	ldrh	r3, [r5, #2]
10001cfa:	3301      	adds	r3, #1
10001cfc:	045b      	lsls	r3, r3, #17
10001cfe:	0c59      	lsrs	r1, r3, #17
10001d00:	2b00      	cmp	r3, #0
10001d02:	d100      	bne.n	10001d06 <alarm_pool_add_alarm_at_force_in_context+0x5a>
10001d04:	2101      	movs	r1, #1
10001d06:	8069      	strh	r1, [r5, #2]
10001d08:	0030      	movs	r0, r6
10001d0a:	f7ff fdd3 	bl	100018b4 <make_alarm_id>
10001d0e:	6921      	ldr	r1, [r4, #16]
10001d10:	f3ef 8310 	mrs	r3, PRIMASK
10001d14:	b672      	cpsid	i
10001d16:	680a      	ldr	r2, [r1, #0]
10001d18:	2a00      	cmp	r2, #0
10001d1a:	d0fc      	beq.n	10001d16 <alarm_pool_add_alarm_at_force_in_context+0x6a>
10001d1c:	f3bf 8f5f 	dmb	sy
10001d20:	88a2      	ldrh	r2, [r4, #4]
10001d22:	802a      	strh	r2, [r5, #0]
10001d24:	80a6      	strh	r6, [r4, #4]
10001d26:	6922      	ldr	r2, [r4, #16]
10001d28:	f3bf 8f5f 	dmb	sy
10001d2c:	2100      	movs	r1, #0
10001d2e:	6011      	str	r1, [r2, #0]
10001d30:	f383 8810 	msr	PRIMASK, r3
10001d34:	68e3      	ldr	r3, [r4, #12]
10001d36:	7821      	ldrb	r1, [r4, #0]
10001d38:	2201      	movs	r2, #1
10001d3a:	408a      	lsls	r2, r1
10001d3c:	4903      	ldr	r1, [pc, #12]	@ (10001d4c <alarm_pool_add_alarm_at_force_in_context+0xa0>)
10001d3e:	468c      	mov	ip, r1
10001d40:	4463      	add	r3, ip
10001d42:	601a      	str	r2, [r3, #0]
10001d44:	bdf8      	pop	{r3, r4, r5, r6, r7, pc}
10001d46:	2001      	movs	r0, #1
10001d48:	4240      	negs	r0, r0
10001d4a:	e7fb      	b.n	10001d44 <alarm_pool_add_alarm_at_force_in_context+0x98>
10001d4c:	0000203c 	.word	0x0000203c

10001d50 <alarm_pool_add_alarm_at>:
10001d50:	b570      	push	{r4, r5, r6, lr}
10001d52:	b082      	sub	sp, #8
10001d54:	0006      	movs	r6, r0
10001d56:	0014      	movs	r4, r2
10001d58:	001d      	movs	r5, r3
10001d5a:	ab08      	add	r3, sp, #32
10001d5c:	781b      	ldrb	r3, [r3, #0]
10001d5e:	2b00      	cmp	r3, #0
10001d60:	d107      	bne.n	10001d72 <alarm_pool_add_alarm_at+0x22>
10001d62:	f000 fa05 	bl	10002170 <time_us_64>
10001d66:	0022      	movs	r2, r4
10001d68:	002b      	movs	r3, r5
10001d6a:	1a12      	subs	r2, r2, r0
10001d6c:	418b      	sbcs	r3, r1
10001d6e:	2b00      	cmp	r3, #0
10001d70:	db0a      	blt.n	10001d88 <alarm_pool_add_alarm_at+0x38>
10001d72:	9b07      	ldr	r3, [sp, #28]
10001d74:	9301      	str	r3, [sp, #4]
10001d76:	9b06      	ldr	r3, [sp, #24]
10001d78:	9300      	str	r3, [sp, #0]
10001d7a:	0022      	movs	r2, r4
10001d7c:	002b      	movs	r3, r5
10001d7e:	0030      	movs	r0, r6
10001d80:	f7ff ff94 	bl	10001cac <alarm_pool_add_alarm_at_force_in_context>
10001d84:	b002      	add	sp, #8
10001d86:	bd70      	pop	{r4, r5, r6, pc}
10001d88:	2000      	movs	r0, #0
10001d8a:	e7fb      	b.n	10001d84 <alarm_pool_add_alarm_at+0x34>

10001d8c <add_alarm_at>:
10001d8c:	b5f0      	push	{r4, r5, r6, r7, lr}
10001d8e:	46c6      	mov	lr, r8
10001d90:	b500      	push	{lr}
10001d92:	b084      	sub	sp, #16
10001d94:	0005      	movs	r5, r0
10001d96:	4688      	mov	r8, r1
10001d98:	0016      	movs	r6, r2
10001d9a:	001f      	movs	r7, r3
10001d9c:	ab0a      	add	r3, sp, #40	@ 0x28
10001d9e:	781c      	ldrb	r4, [r3, #0]
10001da0:	f7ff ff6e 	bl	10001c80 <alarm_pool_get_default>
10001da4:	9402      	str	r4, [sp, #8]
10001da6:	9701      	str	r7, [sp, #4]
10001da8:	9600      	str	r6, [sp, #0]
10001daa:	002a      	movs	r2, r5
10001dac:	4643      	mov	r3, r8
10001dae:	f7ff ffcf 	bl	10001d50 <alarm_pool_add_alarm_at>
10001db2:	b004      	add	sp, #16
10001db4:	bc80      	pop	{r7}
10001db6:	46b8      	mov	r8, r7
10001db8:	bdf0      	pop	{r4, r5, r6, r7, pc}
	...

10001dbc <alarm_pool_cancel_alarm>:
10001dbc:	b530      	push	{r4, r5, lr}
10001dbe:	0004      	movs	r4, r0
10001dc0:	140a      	asrs	r2, r1, #16
10001dc2:	8943      	ldrh	r3, [r0, #10]
10001dc4:	429a      	cmp	r2, r3
10001dc6:	da2e      	bge.n	10001e26 <alarm_pool_cancel_alarm+0x6a>
10001dc8:	6940      	ldr	r0, [r0, #20]
10001dca:	0053      	lsls	r3, r2, #1
10001dcc:	189b      	adds	r3, r3, r2
10001dce:	00db      	lsls	r3, r3, #3
10001dd0:	18c3      	adds	r3, r0, r3
10001dd2:	6925      	ldr	r5, [r4, #16]
10001dd4:	f3ef 8210 	mrs	r2, PRIMASK
10001dd8:	b672      	cpsid	i
10001dda:	6828      	ldr	r0, [r5, #0]
10001ddc:	2800      	cmp	r0, #0
10001dde:	d0fc      	beq.n	10001dda <alarm_pool_cancel_alarm+0x1e>
10001de0:	f3bf 8f5f 	dmb	sy
10001de4:	8858      	ldrh	r0, [r3, #2]
10001de6:	b285      	uxth	r5, r0
10001de8:	0409      	lsls	r1, r1, #16
10001dea:	0c09      	lsrs	r1, r1, #16
10001dec:	4288      	cmp	r0, r1
10001dee:	d012      	beq.n	10001e16 <alarm_pool_cancel_alarm+0x5a>
10001df0:	2000      	movs	r0, #0
10001df2:	6923      	ldr	r3, [r4, #16]
10001df4:	f3bf 8f5f 	dmb	sy
10001df8:	2100      	movs	r1, #0
10001dfa:	6019      	str	r1, [r3, #0]
10001dfc:	f382 8810 	msr	PRIMASK, r2
10001e00:	2800      	cmp	r0, #0
10001e02:	d011      	beq.n	10001e28 <alarm_pool_cancel_alarm+0x6c>
10001e04:	68e3      	ldr	r3, [r4, #12]
10001e06:	7821      	ldrb	r1, [r4, #0]
10001e08:	2201      	movs	r2, #1
10001e0a:	408a      	lsls	r2, r1
10001e0c:	4907      	ldr	r1, [pc, #28]	@ (10001e2c <alarm_pool_cancel_alarm+0x70>)
10001e0e:	468c      	mov	ip, r1
10001e10:	4463      	add	r3, ip
10001e12:	601a      	str	r2, [r3, #0]
10001e14:	e008      	b.n	10001e28 <alarm_pool_cancel_alarm+0x6c>
10001e16:	4906      	ldr	r1, [pc, #24]	@ (10001e30 <alarm_pool_cancel_alarm+0x74>)
10001e18:	4329      	orrs	r1, r5
10001e1a:	b289      	uxth	r1, r1
10001e1c:	8059      	strh	r1, [r3, #2]
10001e1e:	2301      	movs	r3, #1
10001e20:	71a3      	strb	r3, [r4, #6]
10001e22:	2001      	movs	r0, #1
10001e24:	e7e5      	b.n	10001df2 <alarm_pool_cancel_alarm+0x36>
10001e26:	2000      	movs	r0, #0
10001e28:	bd30      	pop	{r4, r5, pc}
10001e2a:	46c0      	nop			@ (mov r8, r8)
10001e2c:	0000203c 	.word	0x0000203c
10001e30:	ffff8000 	.word	0xffff8000

10001e34 <cancel_alarm>:
10001e34:	b510      	push	{r4, lr}
10001e36:	0004      	movs	r4, r0
10001e38:	f7ff ff22 	bl	10001c80 <alarm_pool_get_default>
10001e3c:	0021      	movs	r1, r4
10001e3e:	f7ff ffbd 	bl	10001dbc <alarm_pool_cancel_alarm>
10001e42:	bd10      	pop	{r4, pc}

10001e44 <alarm_pool_core_num>:
10001e44:	7840      	ldrb	r0, [r0, #1]
10001e46:	4770      	bx	lr

10001e48 <sleep_until>:
10001e48:	b5f0      	push	{r4, r5, r6, r7, lr}
10001e4a:	b083      	sub	sp, #12
10001e4c:	0006      	movs	r6, r0
10001e4e:	000f      	movs	r7, r1
10001e50:	f3ef 8305 	mrs	r3, IPSR
10001e54:	2b00      	cmp	r3, #0
10001e56:	d11a      	bne.n	10001e8e <sleep_until+0x46>
10001e58:	2406      	movs	r4, #6
10001e5a:	4264      	negs	r4, r4
10001e5c:	17e5      	asrs	r5, r4, #31
10001e5e:	19a4      	adds	r4, r4, r6
10001e60:	417d      	adcs	r5, r7
10001e62:	428d      	cmp	r5, r1
10001e64:	d802      	bhi.n	10001e6c <sleep_until+0x24>
10001e66:	d103      	bne.n	10001e70 <sleep_until+0x28>
10001e68:	4284      	cmp	r4, r0
10001e6a:	d901      	bls.n	10001e70 <sleep_until+0x28>
10001e6c:	2400      	movs	r4, #0
10001e6e:	2500      	movs	r5, #0
10001e70:	f000 f97e 	bl	10002170 <time_us_64>
10001e74:	0022      	movs	r2, r4
10001e76:	002b      	movs	r3, r5
10001e78:	1a12      	subs	r2, r2, r0
10001e7a:	418b      	sbcs	r3, r1
10001e7c:	2b00      	cmp	r3, #0
10001e7e:	dc0b      	bgt.n	10001e98 <sleep_until+0x50>
10001e80:	d008      	beq.n	10001e94 <sleep_until+0x4c>
10001e82:	0030      	movs	r0, r6
10001e84:	0039      	movs	r1, r7
10001e86:	f000 f985 	bl	10002194 <busy_wait_until>
10001e8a:	b003      	add	sp, #12
10001e8c:	bdf0      	pop	{r4, r5, r6, r7, pc}
10001e8e:	4816      	ldr	r0, [pc, #88]	@ (10001ee8 <sleep_until+0xa0>)
10001e90:	f7ff f996 	bl	100011c0 <panic>
10001e94:	2a00      	cmp	r2, #0
10001e96:	d0f4      	beq.n	10001e82 <sleep_until+0x3a>
10001e98:	4a14      	ldr	r2, [pc, #80]	@ (10001eec <sleep_until+0xa4>)
10001e9a:	2300      	movs	r3, #0
10001e9c:	9300      	str	r3, [sp, #0]
10001e9e:	0020      	movs	r0, r4
10001ea0:	0029      	movs	r1, r5
10001ea2:	f7ff ff73 	bl	10001d8c <add_alarm_at>
10001ea6:	2800      	cmp	r0, #0
10001ea8:	da13      	bge.n	10001ed2 <sleep_until+0x8a>
10001eaa:	e7ea      	b.n	10001e82 <sleep_until+0x3a>
10001eac:	4b10      	ldr	r3, [pc, #64]	@ (10001ef0 <sleep_until+0xa8>)
10001eae:	6819      	ldr	r1, [r3, #0]
10001eb0:	f3ef 8310 	mrs	r3, PRIMASK
10001eb4:	b672      	cpsid	i
10001eb6:	680a      	ldr	r2, [r1, #0]
10001eb8:	2a00      	cmp	r2, #0
10001eba:	d0fc      	beq.n	10001eb6 <sleep_until+0x6e>
10001ebc:	f3bf 8f5f 	dmb	sy
10001ec0:	4a0b      	ldr	r2, [pc, #44]	@ (10001ef0 <sleep_until+0xa8>)
10001ec2:	6812      	ldr	r2, [r2, #0]
10001ec4:	f3bf 8f5f 	dmb	sy
10001ec8:	2100      	movs	r1, #0
10001eca:	6011      	str	r1, [r2, #0]
10001ecc:	f383 8810 	msr	PRIMASK, r3
10001ed0:	bf20      	wfe
10001ed2:	4b08      	ldr	r3, [pc, #32]	@ (10001ef4 <sleep_until+0xac>)
10001ed4:	6a5b      	ldr	r3, [r3, #36]	@ 0x24
10001ed6:	429d      	cmp	r5, r3
10001ed8:	d8e8      	bhi.n	10001eac <sleep_until+0x64>
10001eda:	4906      	ldr	r1, [pc, #24]	@ (10001ef4 <sleep_until+0xac>)
10001edc:	6a89      	ldr	r1, [r1, #40]	@ 0x28
10001ede:	42a1      	cmp	r1, r4
10001ee0:	d2cf      	bcs.n	10001e82 <sleep_until+0x3a>
10001ee2:	429d      	cmp	r5, r3
10001ee4:	d1cd      	bne.n	10001e82 <sleep_until+0x3a>
10001ee6:	e7e1      	b.n	10001eac <sleep_until+0x64>
10001ee8:	10007ff4 	.word	0x10007ff4
10001eec:	100018bd 	.word	0x100018bd
10001ef0:	20014134 	.word	0x20014134
10001ef4:	40054000 	.word	0x40054000

10001ef8 <sleep_us>:
10001ef8:	b570      	push	{r4, r5, r6, lr}
10001efa:	0004      	movs	r4, r0
10001efc:	000d      	movs	r5, r1
10001efe:	f000 f937 	bl	10002170 <time_us_64>
10001f02:	1900      	adds	r0, r0, r4
10001f04:	4169      	adcs	r1, r5
10001f06:	2900      	cmp	r1, #0
10001f08:	db02      	blt.n	10001f10 <sleep_us+0x18>
10001f0a:	f7ff ff9d 	bl	10001e48 <sleep_until>
10001f0e:	bd70      	pop	{r4, r5, r6, pc}
10001f10:	2001      	movs	r0, #1
10001f12:	4240      	negs	r0, r0
10001f14:	4900      	ldr	r1, [pc, #0]	@ (10001f18 <sleep_us+0x20>)
10001f16:	e7f8      	b.n	10001f0a <sleep_us+0x12>
10001f18:	7fffffff 	.word	0x7fffffff

10001f1c <sleep_ms>:
10001f1c:	b510      	push	{r4, lr}
10001f1e:	22fa      	movs	r2, #250	@ 0xfa
10001f20:	0092      	lsls	r2, r2, #2
10001f22:	2300      	movs	r3, #0
10001f24:	2100      	movs	r1, #0
10001f26:	f000 fff1 	bl	10002f0c <__wrap___aeabi_lmul>
10001f2a:	f7ff ffe5 	bl	10001ef8 <sleep_us>
10001f2e:	bd10      	pop	{r4, pc}

10001f30 <best_effort_wfe_or_timeout>:
10001f30:	b5f0      	push	{r4, r5, r6, r7, lr}
10001f32:	46ce      	mov	lr, r9
10001f34:	4647      	mov	r7, r8
10001f36:	b580      	push	{r7, lr}
10001f38:	b083      	sub	sp, #12
10001f3a:	0005      	movs	r5, r0
10001f3c:	000c      	movs	r4, r1
10001f3e:	f3ef 8305 	mrs	r3, IPSR
10001f42:	2b00      	cmp	r3, #0
10001f44:	d015      	beq.n	10001f72 <best_effort_wfe_or_timeout+0x42>
10001f46:	4b3f      	ldr	r3, [pc, #252]	@ (10002044 <best_effort_wfe_or_timeout+0x114>)
10001f48:	6a5b      	ldr	r3, [r3, #36]	@ 0x24
10001f4a:	428b      	cmp	r3, r1
10001f4c:	d309      	bcc.n	10001f62 <best_effort_wfe_or_timeout+0x32>
10001f4e:	4a3d      	ldr	r2, [pc, #244]	@ (10002044 <best_effort_wfe_or_timeout+0x114>)
10001f50:	6a92      	ldr	r2, [r2, #40]	@ 0x28
10001f52:	4282      	cmp	r2, r0
10001f54:	d20b      	bcs.n	10001f6e <best_effort_wfe_or_timeout+0x3e>
10001f56:	428b      	cmp	r3, r1
10001f58:	d001      	beq.n	10001f5e <best_effort_wfe_or_timeout+0x2e>
10001f5a:	2001      	movs	r0, #1
10001f5c:	e002      	b.n	10001f64 <best_effort_wfe_or_timeout+0x34>
10001f5e:	2000      	movs	r0, #0
10001f60:	e000      	b.n	10001f64 <best_effort_wfe_or_timeout+0x34>
10001f62:	2000      	movs	r0, #0
10001f64:	b003      	add	sp, #12
10001f66:	bcc0      	pop	{r6, r7}
10001f68:	46b9      	mov	r9, r7
10001f6a:	46b0      	mov	r8, r6
10001f6c:	bdf0      	pop	{r4, r5, r6, r7, pc}
10001f6e:	2001      	movs	r0, #1
10001f70:	e7f8      	b.n	10001f64 <best_effort_wfe_or_timeout+0x34>
10001f72:	f7ff fe85 	bl	10001c80 <alarm_pool_get_default>
10001f76:	68c3      	ldr	r3, [r0, #12]
10001f78:	4699      	mov	r9, r3
10001f7a:	7803      	ldrb	r3, [r0, #0]
10001f7c:	4698      	mov	r8, r3
10001f7e:	002e      	movs	r6, r5
10001f80:	0027      	movs	r7, r4
10001f82:	4648      	mov	r0, r9
10001f84:	f000 f8c2 	bl	1000210c <timer_time_us_64>
10001f88:	0002      	movs	r2, r0
10001f8a:	000b      	movs	r3, r1
10001f8c:	1ab6      	subs	r6, r6, r2
10001f8e:	419f      	sbcs	r7, r3
10001f90:	4643      	mov	r3, r8
10001f92:	3304      	adds	r3, #4
10001f94:	009b      	lsls	r3, r3, #2
10001f96:	464a      	mov	r2, r9
10001f98:	589b      	ldr	r3, [r3, r2]
10001f9a:	1a1b      	subs	r3, r3, r0
10001f9c:	2200      	movs	r2, #0
10001f9e:	42ba      	cmp	r2, r7
10001fa0:	dc0f      	bgt.n	10001fc2 <best_effort_wfe_or_timeout+0x92>
10001fa2:	d00c      	beq.n	10001fbe <best_effort_wfe_or_timeout+0x8e>
10001fa4:	bf20      	wfe
10001fa6:	4b27      	ldr	r3, [pc, #156]	@ (10002044 <best_effort_wfe_or_timeout+0x114>)
10001fa8:	6a5b      	ldr	r3, [r3, #36]	@ 0x24
10001faa:	429c      	cmp	r4, r3
10001fac:	d82d      	bhi.n	1000200a <best_effort_wfe_or_timeout+0xda>
10001fae:	4a25      	ldr	r2, [pc, #148]	@ (10002044 <best_effort_wfe_or_timeout+0x114>)
10001fb0:	6a92      	ldr	r2, [r2, #40]	@ 0x28
10001fb2:	42aa      	cmp	r2, r5
10001fb4:	d22b      	bcs.n	1000200e <best_effort_wfe_or_timeout+0xde>
10001fb6:	429c      	cmp	r4, r3
10001fb8:	d025      	beq.n	10002006 <best_effort_wfe_or_timeout+0xd6>
10001fba:	2001      	movs	r0, #1
10001fbc:	e7d2      	b.n	10001f64 <best_effort_wfe_or_timeout+0x34>
10001fbe:	42b3      	cmp	r3, r6
10001fc0:	d9f0      	bls.n	10001fa4 <best_effort_wfe_or_timeout+0x74>
10001fc2:	4a21      	ldr	r2, [pc, #132]	@ (10002048 <best_effort_wfe_or_timeout+0x118>)
10001fc4:	2300      	movs	r3, #0
10001fc6:	9300      	str	r3, [sp, #0]
10001fc8:	0028      	movs	r0, r5
10001fca:	0021      	movs	r1, r4
10001fcc:	f7ff fede 	bl	10001d8c <add_alarm_at>
10001fd0:	2800      	cmp	r0, #0
10001fd2:	dd1e      	ble.n	10002012 <best_effort_wfe_or_timeout+0xe2>
10001fd4:	4b1b      	ldr	r3, [pc, #108]	@ (10002044 <best_effort_wfe_or_timeout+0x114>)
10001fd6:	6a5b      	ldr	r3, [r3, #36]	@ 0x24
10001fd8:	429c      	cmp	r4, r3
10001fda:	d805      	bhi.n	10001fe8 <best_effort_wfe_or_timeout+0xb8>
10001fdc:	4a19      	ldr	r2, [pc, #100]	@ (10002044 <best_effort_wfe_or_timeout+0x114>)
10001fde:	6a92      	ldr	r2, [r2, #40]	@ 0x28
10001fe0:	42aa      	cmp	r2, r5
10001fe2:	d202      	bcs.n	10001fea <best_effort_wfe_or_timeout+0xba>
10001fe4:	429c      	cmp	r4, r3
10001fe6:	d100      	bne.n	10001fea <best_effort_wfe_or_timeout+0xba>
10001fe8:	bf20      	wfe
10001fea:	f7ff ff23 	bl	10001e34 <cancel_alarm>
10001fee:	4b15      	ldr	r3, [pc, #84]	@ (10002044 <best_effort_wfe_or_timeout+0x114>)
10001ff0:	6a5b      	ldr	r3, [r3, #36]	@ 0x24
10001ff2:	429c      	cmp	r4, r3
10001ff4:	d821      	bhi.n	1000203a <best_effort_wfe_or_timeout+0x10a>
10001ff6:	4a13      	ldr	r2, [pc, #76]	@ (10002044 <best_effort_wfe_or_timeout+0x114>)
10001ff8:	6a92      	ldr	r2, [r2, #40]	@ 0x28
10001ffa:	42aa      	cmp	r2, r5
10001ffc:	d21f      	bcs.n	1000203e <best_effort_wfe_or_timeout+0x10e>
10001ffe:	429c      	cmp	r4, r3
10002000:	d019      	beq.n	10002036 <best_effort_wfe_or_timeout+0x106>
10002002:	2001      	movs	r0, #1
10002004:	e7ae      	b.n	10001f64 <best_effort_wfe_or_timeout+0x34>
10002006:	2000      	movs	r0, #0
10002008:	e7ac      	b.n	10001f64 <best_effort_wfe_or_timeout+0x34>
1000200a:	2000      	movs	r0, #0
1000200c:	e7aa      	b.n	10001f64 <best_effort_wfe_or_timeout+0x34>
1000200e:	2001      	movs	r0, #1
10002010:	e7a8      	b.n	10001f64 <best_effort_wfe_or_timeout+0x34>
10002012:	4b0c      	ldr	r3, [pc, #48]	@ (10002044 <best_effort_wfe_or_timeout+0x114>)
10002014:	6a5b      	ldr	r3, [r3, #36]	@ 0x24
10002016:	429c      	cmp	r4, r3
10002018:	d809      	bhi.n	1000202e <best_effort_wfe_or_timeout+0xfe>
1000201a:	4a0a      	ldr	r2, [pc, #40]	@ (10002044 <best_effort_wfe_or_timeout+0x114>)
1000201c:	6a92      	ldr	r2, [r2, #40]	@ 0x28
1000201e:	42aa      	cmp	r2, r5
10002020:	d207      	bcs.n	10002032 <best_effort_wfe_or_timeout+0x102>
10002022:	429c      	cmp	r4, r3
10002024:	d001      	beq.n	1000202a <best_effort_wfe_or_timeout+0xfa>
10002026:	2001      	movs	r0, #1
10002028:	e79c      	b.n	10001f64 <best_effort_wfe_or_timeout+0x34>
1000202a:	2000      	movs	r0, #0
1000202c:	e79a      	b.n	10001f64 <best_effort_wfe_or_timeout+0x34>
1000202e:	2000      	movs	r0, #0
10002030:	e798      	b.n	10001f64 <best_effort_wfe_or_timeout+0x34>
10002032:	2001      	movs	r0, #1
10002034:	e796      	b.n	10001f64 <best_effort_wfe_or_timeout+0x34>
10002036:	2000      	movs	r0, #0
10002038:	e794      	b.n	10001f64 <best_effort_wfe_or_timeout+0x34>
1000203a:	2000      	movs	r0, #0
1000203c:	e792      	b.n	10001f64 <best_effort_wfe_or_timeout+0x34>
1000203e:	2001      	movs	r0, #1
10002040:	e790      	b.n	10001f64 <best_effort_wfe_or_timeout+0x34>
10002042:	46c0      	nop			@ (mov r8, r8)
10002044:	40054000 	.word	0x40054000
10002048:	100018bd 	.word	0x100018bd

1000204c <alarm_pool_add_repeating_timer_us>:
1000204c:	b5f0      	push	{r4, r5, r6, r7, lr}
1000204e:	b085      	sub	sp, #20
10002050:	0005      	movs	r5, r0
10002052:	9c0c      	ldr	r4, [sp, #48]	@ 0x30
10002054:	0011      	movs	r1, r2
10002056:	4319      	orrs	r1, r3
10002058:	d101      	bne.n	1000205e <alarm_pool_add_repeating_timer_us+0x12>
1000205a:	2201      	movs	r2, #1
1000205c:	2300      	movs	r3, #0
1000205e:	60a5      	str	r5, [r4, #8]
10002060:	990a      	ldr	r1, [sp, #40]	@ 0x28
10002062:	6121      	str	r1, [r4, #16]
10002064:	6022      	str	r2, [r4, #0]
10002066:	6063      	str	r3, [r4, #4]
10002068:	990b      	ldr	r1, [sp, #44]	@ 0x2c
1000206a:	6161      	str	r1, [r4, #20]
1000206c:	17d8      	asrs	r0, r3, #31
1000206e:	0001      	movs	r1, r0
10002070:	4042      	eors	r2, r0
10002072:	0016      	movs	r6, r2
10002074:	4043      	eors	r3, r0
10002076:	001f      	movs	r7, r3
10002078:	1a36      	subs	r6, r6, r0
1000207a:	418f      	sbcs	r7, r1
1000207c:	f000 f878 	bl	10002170 <time_us_64>
10002080:	0032      	movs	r2, r6
10002082:	003b      	movs	r3, r7
10002084:	1812      	adds	r2, r2, r0
10002086:	414b      	adcs	r3, r1
10002088:	2b00      	cmp	r3, #0
1000208a:	db0d      	blt.n	100020a8 <alarm_pool_add_repeating_timer_us+0x5c>
1000208c:	2101      	movs	r1, #1
1000208e:	9102      	str	r1, [sp, #8]
10002090:	9401      	str	r4, [sp, #4]
10002092:	4907      	ldr	r1, [pc, #28]	@ (100020b0 <alarm_pool_add_repeating_timer_us+0x64>)
10002094:	9100      	str	r1, [sp, #0]
10002096:	0028      	movs	r0, r5
10002098:	f7ff fe5a 	bl	10001d50 <alarm_pool_add_alarm_at>
1000209c:	60e0      	str	r0, [r4, #12]
1000209e:	17c3      	asrs	r3, r0, #31
100020a0:	1a18      	subs	r0, r3, r0
100020a2:	0fc0      	lsrs	r0, r0, #31
100020a4:	b005      	add	sp, #20
100020a6:	bdf0      	pop	{r4, r5, r6, r7, pc}
100020a8:	2201      	movs	r2, #1
100020aa:	4252      	negs	r2, r2
100020ac:	4b01      	ldr	r3, [pc, #4]	@ (100020b4 <alarm_pool_add_repeating_timer_us+0x68>)
100020ae:	e7ed      	b.n	1000208c <alarm_pool_add_repeating_timer_us+0x40>
100020b0:	100018ed 	.word	0x100018ed
100020b4:	7fffffff 	.word	0x7fffffff

100020b8 <alarm_pool_get_default_timer>:
100020b8:	4800      	ldr	r0, [pc, #0]	@ (100020bc <alarm_pool_get_default_timer+0x4>)
100020ba:	4770      	bx	lr
100020bc:	40054000 	.word	0x40054000

100020c0 <runtime_init_default_alarm_pool>:
100020c0:	b510      	push	{r4, lr}
100020c2:	4b0b      	ldr	r3, [pc, #44]	@ (100020f0 <runtime_init_default_alarm_pool+0x30>)
100020c4:	691b      	ldr	r3, [r3, #16]
100020c6:	2b00      	cmp	r3, #0
100020c8:	d004      	beq.n	100020d4 <runtime_init_default_alarm_pool+0x14>
100020ca:	480a      	ldr	r0, [pc, #40]	@ (100020f4 <runtime_init_default_alarm_pool+0x34>)
100020cc:	210a      	movs	r1, #10
100020ce:	f7ff fb81 	bl	100017d4 <lock_init>
100020d2:	bd10      	pop	{r4, pc}
100020d4:	f7ff fff0 	bl	100020b8 <alarm_pool_get_default_timer>
100020d8:	0004      	movs	r4, r0
100020da:	2103      	movs	r1, #3
100020dc:	f000 f80c 	bl	100020f8 <timer_hardware_alarm_claim>
100020e0:	4803      	ldr	r0, [pc, #12]	@ (100020f0 <runtime_init_default_alarm_pool+0x30>)
100020e2:	2310      	movs	r3, #16
100020e4:	2203      	movs	r2, #3
100020e6:	0021      	movs	r1, r4
100020e8:	f7ff fd8e 	bl	10001c08 <alarm_pool_post_alloc_init>
100020ec:	e7ed      	b.n	100020ca <runtime_init_default_alarm_pool+0xa>
100020ee:	46c0      	nop			@ (mov r8, r8)
100020f0:	20000c4c 	.word	0x20000c4c
100020f4:	20014134 	.word	0x20014134

100020f8 <timer_hardware_alarm_claim>:
100020f8:	b510      	push	{r4, lr}
100020fa:	4a02      	ldr	r2, [pc, #8]	@ (10002104 <timer_hardware_alarm_claim+0xc>)
100020fc:	4802      	ldr	r0, [pc, #8]	@ (10002108 <timer_hardware_alarm_claim+0x10>)
100020fe:	f7ff f88d 	bl	1000121c <hw_claim_or_assert>
10002102:	bd10      	pop	{r4, pc}
10002104:	10008044 	.word	0x10008044
10002108:	200029b8 	.word	0x200029b8

1000210c <timer_time_us_64>:
1000210c:	0002      	movs	r2, r0
1000210e:	6a43      	ldr	r3, [r0, #36]	@ 0x24
10002110:	6a90      	ldr	r0, [r2, #40]	@ 0x28
10002112:	0019      	movs	r1, r3
10002114:	6a53      	ldr	r3, [r2, #36]	@ 0x24
10002116:	4299      	cmp	r1, r3
10002118:	d1fa      	bne.n	10002110 <timer_time_us_64+0x4>
1000211a:	4770      	bx	lr

1000211c <timer_busy_wait_until>:
1000211c:	6a41      	ldr	r1, [r0, #36]	@ 0x24
1000211e:	e000      	b.n	10002122 <timer_busy_wait_until+0x6>
10002120:	6a41      	ldr	r1, [r0, #36]	@ 0x24
10002122:	4299      	cmp	r1, r3
10002124:	d3fc      	bcc.n	10002120 <timer_busy_wait_until+0x4>
10002126:	e000      	b.n	1000212a <timer_busy_wait_until+0xe>
10002128:	6a41      	ldr	r1, [r0, #36]	@ 0x24
1000212a:	4299      	cmp	r1, r3
1000212c:	d102      	bne.n	10002134 <timer_busy_wait_until+0x18>
1000212e:	6a81      	ldr	r1, [r0, #40]	@ 0x28
10002130:	4291      	cmp	r1, r2
10002132:	d3f9      	bcc.n	10002128 <timer_busy_wait_until+0xc>
10002134:	4770      	bx	lr

10002136 <timer_busy_wait_us>:
10002136:	b5f0      	push	{r4, r5, r6, r7, lr}
10002138:	46c6      	mov	lr, r8
1000213a:	b500      	push	{lr}
1000213c:	4680      	mov	r8, r0
1000213e:	0014      	movs	r4, r2
10002140:	001d      	movs	r5, r3
10002142:	f7ff ffe3 	bl	1000210c <timer_time_us_64>
10002146:	0006      	movs	r6, r0
10002148:	000f      	movs	r7, r1
1000214a:	0022      	movs	r2, r4
1000214c:	002b      	movs	r3, r5
1000214e:	1992      	adds	r2, r2, r6
10002150:	417b      	adcs	r3, r7
10002152:	4299      	cmp	r1, r3
10002154:	d802      	bhi.n	1000215c <timer_busy_wait_us+0x26>
10002156:	d104      	bne.n	10002162 <timer_busy_wait_us+0x2c>
10002158:	4290      	cmp	r0, r2
1000215a:	d902      	bls.n	10002162 <timer_busy_wait_us+0x2c>
1000215c:	2201      	movs	r2, #1
1000215e:	4252      	negs	r2, r2
10002160:	17d3      	asrs	r3, r2, #31
10002162:	4640      	mov	r0, r8
10002164:	f7ff ffda 	bl	1000211c <timer_busy_wait_until>
10002168:	bc80      	pop	{r7}
1000216a:	46b8      	mov	r8, r7
1000216c:	bdf0      	pop	{r4, r5, r6, r7, pc}
	...

10002170 <time_us_64>:
10002170:	b510      	push	{r4, lr}
10002172:	4802      	ldr	r0, [pc, #8]	@ (1000217c <time_us_64+0xc>)
10002174:	f7ff ffca 	bl	1000210c <timer_time_us_64>
10002178:	bd10      	pop	{r4, pc}
1000217a:	46c0      	nop			@ (mov r8, r8)
1000217c:	40054000 	.word	0x40054000

10002180 <busy_wait_us>:
10002180:	b510      	push	{r4, lr}
10002182:	0002      	movs	r2, r0
10002184:	000b      	movs	r3, r1
10002186:	4802      	ldr	r0, [pc, #8]	@ (10002190 <busy_wait_us+0x10>)
10002188:	f7ff ffd5 	bl	10002136 <timer_busy_wait_us>
1000218c:	bd10      	pop	{r4, pc}
1000218e:	46c0      	nop			@ (mov r8, r8)
10002190:	40054000 	.word	0x40054000

10002194 <busy_wait_until>:
10002194:	b510      	push	{r4, lr}
10002196:	0002      	movs	r2, r0
10002198:	000b      	movs	r3, r1
1000219a:	4802      	ldr	r0, [pc, #8]	@ (100021a4 <busy_wait_until+0x10>)
1000219c:	f7ff ffbe 	bl	1000211c <timer_busy_wait_until>
100021a0:	bd10      	pop	{r4, pc}
100021a2:	46c0      	nop			@ (mov r8, r8)
100021a4:	40054000 	.word	0x40054000

100021a8 <clock_configure_internal>:
100021a8:	b5f8      	push	{r3, r4, r5, r6, r7, lr}
100021aa:	46d6      	mov	lr, sl
100021ac:	4647      	mov	r7, r8
100021ae:	b580      	push	{r7, lr}
100021b0:	0006      	movs	r6, r0
100021b2:	000d      	movs	r5, r1
100021b4:	0017      	movs	r7, r2
100021b6:	4698      	mov	r8, r3
100021b8:	0044      	lsls	r4, r0, #1
100021ba:	1824      	adds	r4, r4, r0
100021bc:	00a4      	lsls	r4, r4, #2
100021be:	4b29      	ldr	r3, [pc, #164]	@ (10002264 <clock_configure_internal+0xbc>)
100021c0:	469c      	mov	ip, r3
100021c2:	4464      	add	r4, ip
100021c4:	6863      	ldr	r3, [r4, #4]
100021c6:	9a08      	ldr	r2, [sp, #32]
100021c8:	4293      	cmp	r3, r2
100021ca:	d200      	bcs.n	100021ce <clock_configure_internal+0x26>
100021cc:	6062      	str	r2, [r4, #4]
100021ce:	1f33      	subs	r3, r6, #4
100021d0:	b2db      	uxtb	r3, r3
100021d2:	469a      	mov	sl, r3
100021d4:	2b01      	cmp	r3, #1
100021d6:	d92e      	bls.n	10002236 <clock_configure_internal+0x8e>
100021d8:	2280      	movs	r2, #128	@ 0x80
100021da:	0112      	lsls	r2, r2, #4
100021dc:	23c0      	movs	r3, #192	@ 0xc0
100021de:	019b      	lsls	r3, r3, #6
100021e0:	18e3      	adds	r3, r4, r3
100021e2:	601a      	str	r2, [r3, #0]
100021e4:	4b20      	ldr	r3, [pc, #128]	@ (10002268 <clock_configure_internal+0xc0>)
100021e6:	00b2      	lsls	r2, r6, #2
100021e8:	58d1      	ldr	r1, [r2, r3]
100021ea:	2900      	cmp	r1, #0
100021ec:	d007      	beq.n	100021fe <clock_configure_internal+0x56>
100021ee:	6958      	ldr	r0, [r3, #20]
100021f0:	f000 fade 	bl	100027b0 <__wrap___aeabi_uidiv>
100021f4:	3001      	adds	r0, #1
100021f6:	0043      	lsls	r3, r0, #1
100021f8:	181b      	adds	r3, r3, r0
100021fa:	3b03      	subs	r3, #3
100021fc:	d2fd      	bcs.n	100021fa <clock_configure_internal+0x52>
100021fe:	017f      	lsls	r7, r7, #5
10002200:	6823      	ldr	r3, [r4, #0]
10002202:	405f      	eors	r7, r3
10002204:	23e0      	movs	r3, #224	@ 0xe0
10002206:	403b      	ands	r3, r7
10002208:	2280      	movs	r2, #128	@ 0x80
1000220a:	0152      	lsls	r2, r2, #5
1000220c:	18a2      	adds	r2, r4, r2
1000220e:	6013      	str	r3, [r2, #0]
10002210:	4653      	mov	r3, sl
10002212:	2b01      	cmp	r3, #1
10002214:	d91a      	bls.n	1000224c <clock_configure_internal+0xa4>
10002216:	2380      	movs	r3, #128	@ 0x80
10002218:	019b      	lsls	r3, r3, #6
1000221a:	18e3      	adds	r3, r4, r3
1000221c:	2280      	movs	r2, #128	@ 0x80
1000221e:	0112      	lsls	r2, r2, #4
10002220:	601a      	str	r2, [r3, #0]
10002222:	9b08      	ldr	r3, [sp, #32]
10002224:	6063      	str	r3, [r4, #4]
10002226:	4b10      	ldr	r3, [pc, #64]	@ (10002268 <clock_configure_internal+0xc0>)
10002228:	00b6      	lsls	r6, r6, #2
1000222a:	4642      	mov	r2, r8
1000222c:	50f2      	str	r2, [r6, r3]
1000222e:	bcc0      	pop	{r6, r7}
10002230:	46ba      	mov	sl, r7
10002232:	46b0      	mov	r8, r6
10002234:	bdf8      	pop	{r3, r4, r5, r6, r7, pc}
10002236:	2d01      	cmp	r5, #1
10002238:	d1ce      	bne.n	100021d8 <clock_configure_internal+0x30>
1000223a:	2203      	movs	r2, #3
1000223c:	23c0      	movs	r3, #192	@ 0xc0
1000223e:	019b      	lsls	r3, r3, #6
10002240:	18e3      	adds	r3, r4, r3
10002242:	601a      	str	r2, [r3, #0]
10002244:	68a3      	ldr	r3, [r4, #8]
10002246:	07db      	lsls	r3, r3, #31
10002248:	d5fc      	bpl.n	10002244 <clock_configure_internal+0x9c>
1000224a:	e7d8      	b.n	100021fe <clock_configure_internal+0x56>
1000224c:	6821      	ldr	r1, [r4, #0]
1000224e:	4069      	eors	r1, r5
10002250:	2303      	movs	r3, #3
10002252:	400b      	ands	r3, r1
10002254:	6013      	str	r3, [r2, #0]
10002256:	68a3      	ldr	r3, [r4, #8]
10002258:	2201      	movs	r2, #1
1000225a:	40aa      	lsls	r2, r5
1000225c:	421a      	tst	r2, r3
1000225e:	d0fa      	beq.n	10002256 <clock_configure_internal+0xae>
10002260:	e7d9      	b.n	10002216 <clock_configure_internal+0x6e>
10002262:	46c0      	nop			@ (mov r8, r8)
10002264:	40008000 	.word	0x40008000
10002268:	200029bc 	.word	0x200029bc

1000226c <clock_configure_int_divider>:
1000226c:	b5f0      	push	{r4, r5, r6, r7, lr}
1000226e:	b083      	sub	sp, #12
10002270:	0005      	movs	r5, r0
10002272:	000e      	movs	r6, r1
10002274:	0017      	movs	r7, r2
10002276:	0018      	movs	r0, r3
10002278:	9908      	ldr	r1, [sp, #32]
1000227a:	f000 fa99 	bl	100027b0 <__wrap___aeabi_uidiv>
1000227e:	0003      	movs	r3, r0
10002280:	9a08      	ldr	r2, [sp, #32]
10002282:	0214      	lsls	r4, r2, #8
10002284:	9400      	str	r4, [sp, #0]
10002286:	003a      	movs	r2, r7
10002288:	0031      	movs	r1, r6
1000228a:	0028      	movs	r0, r5
1000228c:	f7ff ff8c 	bl	100021a8 <clock_configure_internal>
10002290:	b003      	add	sp, #12
10002292:	bdf0      	pop	{r4, r5, r6, r7, pc}

10002294 <clock_configure_undivided>:
10002294:	b510      	push	{r4, lr}
10002296:	b082      	sub	sp, #8
10002298:	2480      	movs	r4, #128	@ 0x80
1000229a:	0064      	lsls	r4, r4, #1
1000229c:	9400      	str	r4, [sp, #0]
1000229e:	f7ff ff83 	bl	100021a8 <clock_configure_internal>
100022a2:	b002      	add	sp, #8
100022a4:	bd10      	pop	{r4, pc}
	...

100022a8 <clock_get_hz>:
100022a8:	4b01      	ldr	r3, [pc, #4]	@ (100022b0 <clock_get_hz+0x8>)
100022aa:	0080      	lsls	r0, r0, #2
100022ac:	58c0      	ldr	r0, [r0, r3]
100022ae:	4770      	bx	lr
100022b0:	200029bc 	.word	0x200029bc

100022b4 <pll_init>:
100022b4:	b5f0      	push	{r4, r5, r6, r7, lr}
100022b6:	46c6      	mov	lr, r8
100022b8:	b500      	push	{lr}
100022ba:	0004      	movs	r4, r0
100022bc:	000e      	movs	r6, r1
100022be:	0017      	movs	r7, r2
100022c0:	001d      	movs	r5, r3
100022c2:	4837      	ldr	r0, [pc, #220]	@ (100023a0 <pll_init+0xec>)
100022c4:	f000 fa74 	bl	100027b0 <__wrap___aeabi_uidiv>
100022c8:	4680      	mov	r8, r0
100022ca:	4b36      	ldr	r3, [pc, #216]	@ (100023a4 <pll_init+0xf0>)
100022cc:	18fa      	adds	r2, r7, r3
100022ce:	4b36      	ldr	r3, [pc, #216]	@ (100023a8 <pll_init+0xf4>)
100022d0:	429a      	cmp	r2, r3
100022d2:	d839      	bhi.n	10002348 <pll_init+0x94>
100022d4:	0001      	movs	r1, r0
100022d6:	0038      	movs	r0, r7
100022d8:	f000 fa6a 	bl	100027b0 <__wrap___aeabi_uidiv>
100022dc:	0002      	movs	r2, r0
100022de:	3a10      	subs	r2, #16
100022e0:	2398      	movs	r3, #152	@ 0x98
100022e2:	005b      	lsls	r3, r3, #1
100022e4:	429a      	cmp	r2, r3
100022e6:	d835      	bhi.n	10002354 <pll_init+0xa0>
100022e8:	1e6b      	subs	r3, r5, #1
100022ea:	2b06      	cmp	r3, #6
100022ec:	d838      	bhi.n	10002360 <pll_init+0xac>
100022ee:	9b06      	ldr	r3, [sp, #24]
100022f0:	3b01      	subs	r3, #1
100022f2:	2b06      	cmp	r3, #6
100022f4:	d834      	bhi.n	10002360 <pll_init+0xac>
100022f6:	093f      	lsrs	r7, r7, #4
100022f8:	4547      	cmp	r7, r8
100022fa:	d337      	bcc.n	1000236c <pll_init+0xb8>
100022fc:	042d      	lsls	r5, r5, #16
100022fe:	9b06      	ldr	r3, [sp, #24]
10002300:	031b      	lsls	r3, r3, #12
10002302:	431d      	orrs	r5, r3
10002304:	6823      	ldr	r3, [r4, #0]
10002306:	2b00      	cmp	r3, #0
10002308:	db36      	blt.n	10002378 <pll_init+0xc4>
1000230a:	4b28      	ldr	r3, [pc, #160]	@ (100023ac <pll_init+0xf8>)
1000230c:	429c      	cmp	r4, r3
1000230e:	d044      	beq.n	1000239a <pll_init+0xe6>
10002310:	220c      	movs	r2, #12
10002312:	2301      	movs	r3, #1
10002314:	4093      	lsls	r3, r2
10002316:	4a26      	ldr	r2, [pc, #152]	@ (100023b0 <pll_init+0xfc>)
10002318:	6013      	str	r3, [r2, #0]
1000231a:	4a26      	ldr	r2, [pc, #152]	@ (100023b4 <pll_init+0x100>)
1000231c:	6013      	str	r3, [r2, #0]
1000231e:	4a26      	ldr	r2, [pc, #152]	@ (100023b8 <pll_init+0x104>)
10002320:	6812      	ldr	r2, [r2, #0]
10002322:	0019      	movs	r1, r3
10002324:	4391      	bics	r1, r2
10002326:	1e0a      	subs	r2, r1, #0
10002328:	d1f9      	bne.n	1000231e <pll_init+0x6a>
1000232a:	6026      	str	r6, [r4, #0]
1000232c:	60a0      	str	r0, [r4, #8]
1000232e:	4b23      	ldr	r3, [pc, #140]	@ (100023bc <pll_init+0x108>)
10002330:	18e3      	adds	r3, r4, r3
10002332:	3221      	adds	r2, #33	@ 0x21
10002334:	601a      	str	r2, [r3, #0]
10002336:	6822      	ldr	r2, [r4, #0]
10002338:	2a00      	cmp	r2, #0
1000233a:	dafc      	bge.n	10002336 <pll_init+0x82>
1000233c:	60e5      	str	r5, [r4, #12]
1000233e:	2208      	movs	r2, #8
10002340:	601a      	str	r2, [r3, #0]
10002342:	bc80      	pop	{r7}
10002344:	46b8      	mov	r8, r7
10002346:	bdf0      	pop	{r4, r5, r6, r7, pc}
10002348:	4b1d      	ldr	r3, [pc, #116]	@ (100023c0 <pll_init+0x10c>)
1000234a:	4a1e      	ldr	r2, [pc, #120]	@ (100023c4 <pll_init+0x110>)
1000234c:	481e      	ldr	r0, [pc, #120]	@ (100023c8 <pll_init+0x114>)
1000234e:	2111      	movs	r1, #17
10002350:	f002 fa96 	bl	10004880 <__assert_func>
10002354:	4b1d      	ldr	r3, [pc, #116]	@ (100023cc <pll_init+0x118>)
10002356:	4a1b      	ldr	r2, [pc, #108]	@ (100023c4 <pll_init+0x110>)
10002358:	481b      	ldr	r0, [pc, #108]	@ (100023c8 <pll_init+0x114>)
1000235a:	2119      	movs	r1, #25
1000235c:	f002 fa90 	bl	10004880 <__assert_func>
10002360:	4b1b      	ldr	r3, [pc, #108]	@ (100023d0 <pll_init+0x11c>)
10002362:	4a18      	ldr	r2, [pc, #96]	@ (100023c4 <pll_init+0x110>)
10002364:	4818      	ldr	r0, [pc, #96]	@ (100023c8 <pll_init+0x114>)
10002366:	211c      	movs	r1, #28
10002368:	f002 fa8a 	bl	10004880 <__assert_func>
1000236c:	4b19      	ldr	r3, [pc, #100]	@ (100023d4 <pll_init+0x120>)
1000236e:	4a15      	ldr	r2, [pc, #84]	@ (100023c4 <pll_init+0x110>)
10002370:	4815      	ldr	r0, [pc, #84]	@ (100023c8 <pll_init+0x114>)
10002372:	2123      	movs	r1, #35	@ 0x23
10002374:	f002 fa84 	bl	10004880 <__assert_func>
10002378:	6822      	ldr	r2, [r4, #0]
1000237a:	233f      	movs	r3, #63	@ 0x3f
1000237c:	4013      	ands	r3, r2
1000237e:	42b3      	cmp	r3, r6
10002380:	d1c3      	bne.n	1000230a <pll_init+0x56>
10002382:	68a3      	ldr	r3, [r4, #8]
10002384:	051b      	lsls	r3, r3, #20
10002386:	0d1b      	lsrs	r3, r3, #20
10002388:	4283      	cmp	r3, r0
1000238a:	d1be      	bne.n	1000230a <pll_init+0x56>
1000238c:	68e3      	ldr	r3, [r4, #12]
1000238e:	22ee      	movs	r2, #238	@ 0xee
10002390:	02d2      	lsls	r2, r2, #11
10002392:	4013      	ands	r3, r2
10002394:	42ab      	cmp	r3, r5
10002396:	d1b8      	bne.n	1000230a <pll_init+0x56>
10002398:	e7d3      	b.n	10002342 <pll_init+0x8e>
1000239a:	220d      	movs	r2, #13
1000239c:	e7b9      	b.n	10002312 <pll_init+0x5e>
1000239e:	46c0      	nop			@ (mov r8, r8)
100023a0:	00b71b00 	.word	0x00b71b00
100023a4:	d34be880 	.word	0xd34be880
100023a8:	32a9f880 	.word	0x32a9f880
100023ac:	4002c000 	.word	0x4002c000
100023b0:	4000e000 	.word	0x4000e000
100023b4:	4000f000 	.word	0x4000f000
100023b8:	4000c008 	.word	0x4000c008
100023bc:	00003004 	.word	0x00003004
100023c0:	10008068 	.word	0x10008068
100023c4:	100089a4 	.word	0x100089a4
100023c8:	100080b8 	.word	0x100080b8
100023cc:	10008104 	.word	0x10008104
100023d0:	10008120 	.word	0x10008120
100023d4:	1000816c 	.word	0x1000816c

100023d8 <watchdog_update>:
100023d8:	4b02      	ldr	r3, [pc, #8]	@ (100023e4 <watchdog_update+0xc>)
100023da:	681a      	ldr	r2, [r3, #0]
100023dc:	4b02      	ldr	r3, [pc, #8]	@ (100023e8 <watchdog_update+0x10>)
100023de:	605a      	str	r2, [r3, #4]
100023e0:	4770      	bx	lr
100023e2:	46c0      	nop			@ (mov r8, r8)
100023e4:	2000fef0 	.word	0x2000fef0
100023e8:	40058000 	.word	0x40058000

100023ec <_watchdog_enable>:
100023ec:	b510      	push	{r4, lr}
100023ee:	4b17      	ldr	r3, [pc, #92]	@ (1000244c <_watchdog_enable+0x60>)
100023f0:	2280      	movs	r2, #128	@ 0x80
100023f2:	05d2      	lsls	r2, r2, #23
100023f4:	601a      	str	r2, [r3, #0]
100023f6:	4b16      	ldr	r3, [pc, #88]	@ (10002450 <_watchdog_enable+0x64>)
100023f8:	4a16      	ldr	r2, [pc, #88]	@ (10002454 <_watchdog_enable+0x68>)
100023fa:	601a      	str	r2, [r3, #0]
100023fc:	2900      	cmp	r1, #0
100023fe:	d00a      	beq.n	10002416 <_watchdog_enable+0x2a>
10002400:	4b15      	ldr	r3, [pc, #84]	@ (10002458 <_watchdog_enable+0x6c>)
10002402:	22e0      	movs	r2, #224	@ 0xe0
10002404:	04d2      	lsls	r2, r2, #19
10002406:	601a      	str	r2, [r3, #0]
10002408:	2800      	cmp	r0, #0
1000240a:	d109      	bne.n	10002420 <_watchdog_enable+0x34>
1000240c:	4b12      	ldr	r3, [pc, #72]	@ (10002458 <_watchdog_enable+0x6c>)
1000240e:	2280      	movs	r2, #128	@ 0x80
10002410:	0612      	lsls	r2, r2, #24
10002412:	601a      	str	r2, [r3, #0]
10002414:	bd10      	pop	{r4, pc}
10002416:	4b0d      	ldr	r3, [pc, #52]	@ (1000244c <_watchdog_enable+0x60>)
10002418:	22e0      	movs	r2, #224	@ 0xe0
1000241a:	04d2      	lsls	r2, r2, #19
1000241c:	601a      	str	r2, [r3, #0]
1000241e:	e7f3      	b.n	10002408 <_watchdog_enable+0x1c>
10002420:	0143      	lsls	r3, r0, #5
10002422:	1a1b      	subs	r3, r3, r0
10002424:	009b      	lsls	r3, r3, #2
10002426:	1818      	adds	r0, r3, r0
10002428:	0100      	lsls	r0, r0, #4
1000242a:	4b0c      	ldr	r3, [pc, #48]	@ (1000245c <_watchdog_enable+0x70>)
1000242c:	6018      	str	r0, [r3, #0]
1000242e:	2380      	movs	r3, #128	@ 0x80
10002430:	045b      	lsls	r3, r3, #17
10002432:	4298      	cmp	r0, r3
10002434:	d302      	bcc.n	1000243c <_watchdog_enable+0x50>
10002436:	4b09      	ldr	r3, [pc, #36]	@ (1000245c <_watchdog_enable+0x70>)
10002438:	4a09      	ldr	r2, [pc, #36]	@ (10002460 <_watchdog_enable+0x74>)
1000243a:	601a      	str	r2, [r3, #0]
1000243c:	f7ff ffcc 	bl	100023d8 <watchdog_update>
10002440:	4b05      	ldr	r3, [pc, #20]	@ (10002458 <_watchdog_enable+0x6c>)
10002442:	2280      	movs	r2, #128	@ 0x80
10002444:	05d2      	lsls	r2, r2, #23
10002446:	601a      	str	r2, [r3, #0]
10002448:	e7e4      	b.n	10002414 <_watchdog_enable+0x28>
1000244a:	46c0      	nop			@ (mov r8, r8)
1000244c:	4005b000 	.word	0x4005b000
10002450:	40012008 	.word	0x40012008
10002454:	0001fffc 	.word	0x0001fffc
10002458:	4005a000 	.word	0x4005a000
1000245c:	2000fef0 	.word	0x2000fef0
10002460:	00ffffff 	.word	0x00ffffff

10002464 <watchdog_reboot>:
10002464:	b510      	push	{r4, lr}
10002466:	0003      	movs	r3, r0
10002468:	0010      	movs	r0, r2
1000246a:	4a0c      	ldr	r2, [pc, #48]	@ (1000249c <watchdog_reboot+0x38>)
1000246c:	2480      	movs	r4, #128	@ 0x80
1000246e:	05e4      	lsls	r4, r4, #23
10002470:	6014      	str	r4, [r2, #0]
10002472:	2b00      	cmp	r3, #0
10002474:	d00d      	beq.n	10002492 <watchdog_reboot+0x2e>
10002476:	2201      	movs	r2, #1
10002478:	4313      	orrs	r3, r2
1000247a:	4a09      	ldr	r2, [pc, #36]	@ (100024a0 <watchdog_reboot+0x3c>)
1000247c:	4c09      	ldr	r4, [pc, #36]	@ (100024a4 <watchdog_reboot+0x40>)
1000247e:	61d4      	str	r4, [r2, #28]
10002480:	4c09      	ldr	r4, [pc, #36]	@ (100024a8 <watchdog_reboot+0x44>)
10002482:	405c      	eors	r4, r3
10002484:	6214      	str	r4, [r2, #32]
10002486:	6251      	str	r1, [r2, #36]	@ 0x24
10002488:	6293      	str	r3, [r2, #40]	@ 0x28
1000248a:	2100      	movs	r1, #0
1000248c:	f7ff ffae 	bl	100023ec <_watchdog_enable>
10002490:	bd10      	pop	{r4, pc}
10002492:	4b03      	ldr	r3, [pc, #12]	@ (100024a0 <watchdog_reboot+0x3c>)
10002494:	2200      	movs	r2, #0
10002496:	61da      	str	r2, [r3, #28]
10002498:	e7f7      	b.n	1000248a <watchdog_reboot+0x26>
1000249a:	46c0      	nop			@ (mov r8, r8)
1000249c:	4005b000 	.word	0x4005b000
100024a0:	40058000 	.word	0x40058000
100024a4:	b007c0d3 	.word	0xb007c0d3
100024a8:	4ff83f2d 	.word	0x4ff83f2d

100024ac <tick_start>:
100024ac:	2380      	movs	r3, #128	@ 0x80
100024ae:	009b      	lsls	r3, r3, #2
100024b0:	430b      	orrs	r3, r1
100024b2:	4a01      	ldr	r2, [pc, #4]	@ (100024b8 <tick_start+0xc>)
100024b4:	62d3      	str	r3, [r2, #44]	@ 0x2c
100024b6:	4770      	bx	lr
100024b8:	40058000 	.word	0x40058000

100024bc <rom_func_lookup>:
100024bc:	b510      	push	{r4, lr}
100024be:	0001      	movs	r1, r0
100024c0:	2318      	movs	r3, #24
100024c2:	881b      	ldrh	r3, [r3, #0]
100024c4:	2214      	movs	r2, #20
100024c6:	8810      	ldrh	r0, [r2, #0]
100024c8:	4798      	blx	r3
100024ca:	bd10      	pop	{r4, pc}

100024cc <rom_data_lookup>:
100024cc:	b510      	push	{r4, lr}
100024ce:	0001      	movs	r1, r0
100024d0:	2318      	movs	r3, #24
100024d2:	881b      	ldrh	r3, [r3, #0]
100024d4:	2216      	movs	r2, #22
100024d6:	8810      	ldrh	r0, [r2, #0]
100024d8:	4798      	blx	r3
100024da:	bd10      	pop	{r4, pc}

100024dc <rom_funcs_lookup>:
100024dc:	b5f0      	push	{r4, r5, r6, r7, lr}
100024de:	46c6      	mov	lr, r8
100024e0:	b500      	push	{lr}
100024e2:	0007      	movs	r7, r0
100024e4:	000e      	movs	r6, r1
100024e6:	2500      	movs	r5, #0
100024e8:	2301      	movs	r3, #1
100024ea:	4698      	mov	r8, r3
100024ec:	e000      	b.n	100024f0 <rom_funcs_lookup+0x14>
100024ee:	3501      	adds	r5, #1
100024f0:	42b5      	cmp	r5, r6
100024f2:	d20a      	bcs.n	1000250a <rom_funcs_lookup+0x2e>
100024f4:	00ac      	lsls	r4, r5, #2
100024f6:	193c      	adds	r4, r7, r4
100024f8:	6820      	ldr	r0, [r4, #0]
100024fa:	f7ff ffdf 	bl	100024bc <rom_func_lookup>
100024fe:	6020      	str	r0, [r4, #0]
10002500:	2800      	cmp	r0, #0
10002502:	d1f4      	bne.n	100024ee <rom_funcs_lookup+0x12>
10002504:	2300      	movs	r3, #0
10002506:	4698      	mov	r8, r3
10002508:	e7f1      	b.n	100024ee <rom_funcs_lookup+0x12>
1000250a:	4640      	mov	r0, r8
1000250c:	bc80      	pop	{r7}
1000250e:	46b8      	mov	r8, r7
10002510:	bdf0      	pop	{r4, r5, r6, r7, pc}
	...

10002514 <rom_reset_usb_boot_extra>:
10002514:	b570      	push	{r4, r5, r6, lr}
10002516:	0004      	movs	r4, r0
10002518:	000d      	movs	r5, r1
1000251a:	4806      	ldr	r0, [pc, #24]	@ (10002534 <rom_reset_usb_boot_extra+0x20>)
1000251c:	f7ff ffce 	bl	100024bc <rom_func_lookup>
10002520:	0003      	movs	r3, r0
10002522:	2c00      	cmp	r4, #0
10002524:	db03      	blt.n	1000252e <rom_reset_usb_boot_extra+0x1a>
10002526:	2001      	movs	r0, #1
10002528:	40a0      	lsls	r0, r4
1000252a:	0029      	movs	r1, r5
1000252c:	4798      	blx	r3
1000252e:	2000      	movs	r0, #0
10002530:	e7fb      	b.n	1000252a <rom_reset_usb_boot_extra+0x16>
10002532:	46c0      	nop			@ (mov r8, r8)
10002534:	00004255 	.word	0x00004255

10002538 <xosc_init>:
10002538:	4b07      	ldr	r3, [pc, #28]	@ (10002558 <xosc_init+0x20>)
1000253a:	22aa      	movs	r2, #170	@ 0xaa
1000253c:	0112      	lsls	r2, r2, #4
1000253e:	601a      	str	r2, [r3, #0]
10002540:	228d      	movs	r2, #141	@ 0x8d
10002542:	0052      	lsls	r2, r2, #1
10002544:	60da      	str	r2, [r3, #12]
10002546:	4b05      	ldr	r3, [pc, #20]	@ (1000255c <xosc_init+0x24>)
10002548:	4a05      	ldr	r2, [pc, #20]	@ (10002560 <xosc_init+0x28>)
1000254a:	601a      	str	r2, [r3, #0]
1000254c:	4b02      	ldr	r3, [pc, #8]	@ (10002558 <xosc_init+0x20>)
1000254e:	685b      	ldr	r3, [r3, #4]
10002550:	2b00      	cmp	r3, #0
10002552:	dafb      	bge.n	1000254c <xosc_init+0x14>
10002554:	4770      	bx	lr
10002556:	46c0      	nop			@ (mov r8, r8)
10002558:	40024000 	.word	0x40024000
1000255c:	40026000 	.word	0x40026000
10002560:	00fab000 	.word	0x00fab000

10002564 <runtime_run_initializers_from>:
10002564:	b510      	push	{r4, lr}
10002566:	0004      	movs	r4, r0
10002568:	e001      	b.n	1000256e <runtime_run_initializers_from+0xa>
1000256a:	cc08      	ldmia	r4!, {r3}
1000256c:	4798      	blx	r3
1000256e:	4b02      	ldr	r3, [pc, #8]	@ (10002578 <runtime_run_initializers_from+0x14>)
10002570:	429c      	cmp	r4, r3
10002572:	d3fa      	bcc.n	1000256a <runtime_run_initializers_from+0x6>
10002574:	bd10      	pop	{r4, pc}
10002576:	46c0      	nop			@ (mov r8, r8)
10002578:	10007b1c 	.word	0x10007b1c

1000257c <first_per_core_initializer>:
1000257c:	4770      	bx	lr
	...

10002580 <runtime_run_initializers>:
10002580:	b510      	push	{r4, lr}
10002582:	4802      	ldr	r0, [pc, #8]	@ (1000258c <runtime_run_initializers+0xc>)
10002584:	f7ff ffee 	bl	10002564 <runtime_run_initializers_from>
10002588:	bd10      	pop	{r4, pc}
1000258a:	46c0      	nop			@ (mov r8, r8)
1000258c:	10007ae0 	.word	0x10007ae0

10002590 <runtime_init_early_resets>:
10002590:	4b05      	ldr	r3, [pc, #20]	@ (100025a8 <runtime_init_early_resets+0x18>)
10002592:	4a06      	ldr	r2, [pc, #24]	@ (100025ac <runtime_init_early_resets+0x1c>)
10002594:	601a      	str	r2, [r3, #0]
10002596:	4b06      	ldr	r3, [pc, #24]	@ (100025b0 <runtime_init_early_resets+0x20>)
10002598:	4a06      	ldr	r2, [pc, #24]	@ (100025b4 <runtime_init_early_resets+0x24>)
1000259a:	601a      	str	r2, [r3, #0]
1000259c:	4b06      	ldr	r3, [pc, #24]	@ (100025b8 <runtime_init_early_resets+0x28>)
1000259e:	681a      	ldr	r2, [r3, #0]
100025a0:	4b04      	ldr	r3, [pc, #16]	@ (100025b4 <runtime_init_early_resets+0x24>)
100025a2:	4393      	bics	r3, r2
100025a4:	d1fa      	bne.n	1000259c <runtime_init_early_resets+0xc>
100025a6:	4770      	bx	lr
100025a8:	4000e000 	.word	0x4000e000
100025ac:	fefbcdbf 	.word	0xfefbcdbf
100025b0:	4000f000 	.word	0x4000f000
100025b4:	003c7ffe 	.word	0x003c7ffe
100025b8:	4000c008 	.word	0x4000c008

100025bc <runtime_init_usb_power_down>:
100025bc:	4b04      	ldr	r3, [pc, #16]	@ (100025d0 <runtime_init_usb_power_down+0x14>)
100025be:	6cdb      	ldr	r3, [r3, #76]	@ 0x4c
100025c0:	2b00      	cmp	r3, #0
100025c2:	d103      	bne.n	100025cc <runtime_init_usb_power_down+0x10>
100025c4:	4b03      	ldr	r3, [pc, #12]	@ (100025d4 <runtime_init_usb_power_down+0x18>)
100025c6:	2280      	movs	r2, #128	@ 0x80
100025c8:	02d2      	lsls	r2, r2, #11
100025ca:	601a      	str	r2, [r3, #0]
100025cc:	4770      	bx	lr
100025ce:	46c0      	nop			@ (mov r8, r8)
100025d0:	50110000 	.word	0x50110000
100025d4:	5011204c 	.word	0x5011204c

100025d8 <runtime_init_post_clock_resets>:
100025d8:	4b04      	ldr	r3, [pc, #16]	@ (100025ec <runtime_init_post_clock_resets+0x14>)
100025da:	4a05      	ldr	r2, [pc, #20]	@ (100025f0 <runtime_init_post_clock_resets+0x18>)
100025dc:	601a      	str	r2, [r3, #0]
100025de:	4b05      	ldr	r3, [pc, #20]	@ (100025f4 <runtime_init_post_clock_resets+0x1c>)
100025e0:	681b      	ldr	r3, [r3, #0]
100025e2:	43db      	mvns	r3, r3
100025e4:	01db      	lsls	r3, r3, #7
100025e6:	d1fa      	bne.n	100025de <runtime_init_post_clock_resets+0x6>
100025e8:	4770      	bx	lr
100025ea:	46c0      	nop			@ (mov r8, r8)
100025ec:	4000f000 	.word	0x4000f000
100025f0:	01ffffff 	.word	0x01ffffff
100025f4:	4000c008 	.word	0x4000c008

100025f8 <runtime_init_rp2040_gpio_ie_disable>:
100025f8:	4b03      	ldr	r3, [pc, #12]	@ (10002608 <runtime_init_rp2040_gpio_ie_disable+0x10>)
100025fa:	2240      	movs	r2, #64	@ 0x40
100025fc:	679a      	str	r2, [r3, #120]	@ 0x78
100025fe:	675a      	str	r2, [r3, #116]	@ 0x74
10002600:	671a      	str	r2, [r3, #112]	@ 0x70
10002602:	66da      	str	r2, [r3, #108]	@ 0x6c
10002604:	4770      	bx	lr
10002606:	46c0      	nop			@ (mov r8, r8)
10002608:	4001f000 	.word	0x4001f000

1000260c <runtime_init_spin_locks_reset>:
1000260c:	b510      	push	{r4, lr}
1000260e:	f7fe fe67 	bl	100012e0 <spin_locks_reset>
10002612:	bd10      	pop	{r4, pc}

10002614 <runtime_init_install_ram_vector_table>:
10002614:	b510      	push	{r4, lr}
10002616:	4a0c      	ldr	r2, [pc, #48]	@ (10002648 <runtime_init_install_ram_vector_table+0x34>)
10002618:	4b0c      	ldr	r3, [pc, #48]	@ (1000264c <runtime_init_install_ram_vector_table+0x38>)
1000261a:	1ad2      	subs	r2, r2, r3
1000261c:	1092      	asrs	r2, r2, #2
1000261e:	0014      	movs	r4, r2
10002620:	2a30      	cmp	r2, #48	@ 0x30
10002622:	d900      	bls.n	10002626 <runtime_init_install_ram_vector_table+0x12>
10002624:	2230      	movs	r2, #48	@ 0x30
10002626:	0092      	lsls	r2, r2, #2
10002628:	4809      	ldr	r0, [pc, #36]	@ (10002650 <runtime_init_install_ram_vector_table+0x3c>)
1000262a:	4908      	ldr	r1, [pc, #32]	@ (1000264c <runtime_init_install_ram_vector_table+0x38>)
1000262c:	f001 f824 	bl	10003678 <__wrap___aeabi_memcpy>
10002630:	e004      	b.n	1000263c <runtime_init_install_ram_vector_table+0x28>
10002632:	4a08      	ldr	r2, [pc, #32]	@ (10002654 <runtime_init_install_ram_vector_table+0x40>)
10002634:	4b06      	ldr	r3, [pc, #24]	@ (10002650 <runtime_init_install_ram_vector_table+0x3c>)
10002636:	00a1      	lsls	r1, r4, #2
10002638:	50ca      	str	r2, [r1, r3]
1000263a:	3401      	adds	r4, #1
1000263c:	2c2f      	cmp	r4, #47	@ 0x2f
1000263e:	d9f8      	bls.n	10002632 <runtime_init_install_ram_vector_table+0x1e>
10002640:	4b03      	ldr	r3, [pc, #12]	@ (10002650 <runtime_init_install_ram_vector_table+0x3c>)
10002642:	4a05      	ldr	r2, [pc, #20]	@ (10002658 <runtime_init_install_ram_vector_table+0x44>)
10002644:	6093      	str	r3, [r2, #8]
10002646:	bd10      	pop	{r4, pc}
10002648:	100001c0 	.word	0x100001c0
1000264c:	10000100 	.word	0x10000100
10002650:	20000000 	.word	0x20000000
10002654:	100001c1 	.word	0x100001c1
10002658:	e000ed00 	.word	0xe000ed00

1000265c <start_all_ticks>:
1000265c:	b570      	push	{r4, r5, r6, lr}
1000265e:	2004      	movs	r0, #4
10002660:	f7ff fe22 	bl	100022a8 <clock_get_hz>
10002664:	4906      	ldr	r1, [pc, #24]	@ (10002680 <start_all_ticks+0x24>)
10002666:	f000 f8a3 	bl	100027b0 <__wrap___aeabi_uidiv>
1000266a:	0005      	movs	r5, r0
1000266c:	2400      	movs	r4, #0
1000266e:	2c00      	cmp	r4, #0
10002670:	dd00      	ble.n	10002674 <start_all_ticks+0x18>
10002672:	bd70      	pop	{r4, r5, r6, pc}
10002674:	b2e0      	uxtb	r0, r4
10002676:	0029      	movs	r1, r5
10002678:	f7ff ff18 	bl	100024ac <tick_start>
1000267c:	3401      	adds	r4, #1
1000267e:	e7f6      	b.n	1000266e <start_all_ticks+0x12>
10002680:	000f4240 	.word	0x000f4240

10002684 <runtime_init_clocks>:
10002684:	b530      	push	{r4, r5, lr}
10002686:	b083      	sub	sp, #12
10002688:	4b27      	ldr	r3, [pc, #156]	@ (10002728 <runtime_init_clocks+0xa4>)
1000268a:	2200      	movs	r2, #0
1000268c:	679a      	str	r2, [r3, #120]	@ 0x78
1000268e:	f7ff ff53 	bl	10002538 <xosc_init>
10002692:	4b26      	ldr	r3, [pc, #152]	@ (1000272c <runtime_init_clocks+0xa8>)
10002694:	2201      	movs	r2, #1
10002696:	601a      	str	r2, [r3, #0]
10002698:	4b23      	ldr	r3, [pc, #140]	@ (10002728 <runtime_init_clocks+0xa4>)
1000269a:	6c5b      	ldr	r3, [r3, #68]	@ 0x44
1000269c:	2b01      	cmp	r3, #1
1000269e:	d1fb      	bne.n	10002698 <runtime_init_clocks+0x14>
100026a0:	4b23      	ldr	r3, [pc, #140]	@ (10002730 <runtime_init_clocks+0xac>)
100026a2:	2203      	movs	r2, #3
100026a4:	601a      	str	r2, [r3, #0]
100026a6:	4b20      	ldr	r3, [pc, #128]	@ (10002728 <runtime_init_clocks+0xa4>)
100026a8:	6b9b      	ldr	r3, [r3, #56]	@ 0x38
100026aa:	2b01      	cmp	r3, #1
100026ac:	d1fb      	bne.n	100026a6 <runtime_init_clocks+0x22>
100026ae:	3301      	adds	r3, #1
100026b0:	9300      	str	r3, [sp, #0]
100026b2:	3304      	adds	r3, #4
100026b4:	4a1f      	ldr	r2, [pc, #124]	@ (10002734 <runtime_init_clocks+0xb0>)
100026b6:	2101      	movs	r1, #1
100026b8:	481f      	ldr	r0, [pc, #124]	@ (10002738 <runtime_init_clocks+0xb4>)
100026ba:	f7ff fdfb 	bl	100022b4 <pll_init>
100026be:	2305      	movs	r3, #5
100026c0:	9300      	str	r3, [sp, #0]
100026c2:	4a1e      	ldr	r2, [pc, #120]	@ (1000273c <runtime_init_clocks+0xb8>)
100026c4:	2101      	movs	r1, #1
100026c6:	481e      	ldr	r0, [pc, #120]	@ (10002740 <runtime_init_clocks+0xbc>)
100026c8:	f7ff fdf4 	bl	100022b4 <pll_init>
100026cc:	4b1d      	ldr	r3, [pc, #116]	@ (10002744 <runtime_init_clocks+0xc0>)
100026ce:	2200      	movs	r2, #0
100026d0:	2102      	movs	r1, #2
100026d2:	2004      	movs	r0, #4
100026d4:	f7ff fdde 	bl	10002294 <clock_configure_undivided>
100026d8:	4d1b      	ldr	r5, [pc, #108]	@ (10002748 <runtime_init_clocks+0xc4>)
100026da:	002b      	movs	r3, r5
100026dc:	2200      	movs	r2, #0
100026de:	2101      	movs	r1, #1
100026e0:	2005      	movs	r0, #5
100026e2:	f7ff fdd7 	bl	10002294 <clock_configure_undivided>
100026e6:	4c19      	ldr	r4, [pc, #100]	@ (1000274c <runtime_init_clocks+0xc8>)
100026e8:	0023      	movs	r3, r4
100026ea:	2200      	movs	r2, #0
100026ec:	2100      	movs	r1, #0
100026ee:	2007      	movs	r0, #7
100026f0:	f7ff fdd0 	bl	10002294 <clock_configure_undivided>
100026f4:	0023      	movs	r3, r4
100026f6:	2200      	movs	r2, #0
100026f8:	2100      	movs	r1, #0
100026fa:	2008      	movs	r0, #8
100026fc:	f7ff fdca 	bl	10002294 <clock_configure_undivided>
10002700:	2380      	movs	r3, #128	@ 0x80
10002702:	00db      	lsls	r3, r3, #3
10002704:	9300      	str	r3, [sp, #0]
10002706:	0023      	movs	r3, r4
10002708:	2200      	movs	r2, #0
1000270a:	2100      	movs	r1, #0
1000270c:	2009      	movs	r0, #9
1000270e:	f7ff fdad 	bl	1000226c <clock_configure_int_divider>
10002712:	002b      	movs	r3, r5
10002714:	2200      	movs	r2, #0
10002716:	2100      	movs	r1, #0
10002718:	2006      	movs	r0, #6
1000271a:	f7ff fdbb 	bl	10002294 <clock_configure_undivided>
1000271e:	f7ff ff9d 	bl	1000265c <start_all_ticks>
10002722:	b003      	add	sp, #12
10002724:	bd30      	pop	{r4, r5, pc}
10002726:	46c0      	nop			@ (mov r8, r8)
10002728:	40008000 	.word	0x40008000
1000272c:	4000b03c 	.word	0x4000b03c
10002730:	4000b030 	.word	0x4000b030
10002734:	59682f00 	.word	0x59682f00
10002738:	40028000 	.word	0x40028000
1000273c:	47868c00 	.word	0x47868c00
10002740:	4002c000 	.word	0x4002c000
10002744:	00b71b00 	.word	0x00b71b00
10002748:	07735940 	.word	0x07735940
1000274c:	02dc6c00 	.word	0x02dc6c00

10002750 <__aeabi_bits_init>:
10002750:	4801      	ldr	r0, [pc, #4]	@ (10002758 <__aeabi_bits_init+0x8>)
10002752:	2104      	movs	r1, #4
10002754:	4b01      	ldr	r3, [pc, #4]	@ (1000275c <__aeabi_bits_init+0xc>)
10002756:	4718      	bx	r3
10002758:	20000c70 	.word	0x20000c70
1000275c:	100024dd 	.word	0x100024dd

10002760 <__wrap___aeabi_idiv>:
10002760:	4a12      	ldr	r2, [pc, #72]	@ (100027ac <divmod_s32s32_savestate+0x18>)
10002762:	6f93      	ldr	r3, [r2, #120]	@ 0x78
10002764:	089b      	lsrs	r3, r3, #2
10002766:	d215      	bcs.n	10002794 <divmod_s32s32_savestate>

10002768 <divmod_s32s32_unsafe>:
10002768:	6690      	str	r0, [r2, #104]	@ 0x68
1000276a:	66d1      	str	r1, [r2, #108]	@ 0x6c
1000276c:	2900      	cmp	r1, #0
1000276e:	d005      	beq.n	1000277c <divmod_s32s32_unsafe+0x14>
10002770:	e7ff      	b.n	10002772 <divmod_s32s32_unsafe+0xa>
10002772:	e7ff      	b.n	10002774 <divmod_s32s32_unsafe+0xc>
10002774:	e7ff      	b.n	10002776 <divmod_s32s32_unsafe+0xe>
10002776:	6f51      	ldr	r1, [r2, #116]	@ 0x74
10002778:	6f10      	ldr	r0, [r2, #112]	@ 0x70
1000277a:	4770      	bx	lr
1000277c:	b504      	push	{r2, lr}
1000277e:	2180      	movs	r1, #128	@ 0x80
10002780:	0609      	lsls	r1, r1, #24
10002782:	17c2      	asrs	r2, r0, #31
10002784:	4051      	eors	r1, r2
10002786:	2800      	cmp	r0, #0
10002788:	d000      	beq.n	1000278c <divmod_s32s32_unsafe+0x24>
1000278a:	43c8      	mvns	r0, r1
1000278c:	f005 f960 	bl	10007a50 <____aeabi_idiv0_veneer>
10002790:	2100      	movs	r1, #0
10002792:	bd04      	pop	{r2, pc}

10002794 <divmod_s32s32_savestate>:
10002794:	b5f0      	push	{r4, r5, r6, r7, lr}
10002796:	6e14      	ldr	r4, [r2, #96]	@ 0x60
10002798:	6e55      	ldr	r5, [r2, #100]	@ 0x64
1000279a:	6f57      	ldr	r7, [r2, #116]	@ 0x74
1000279c:	6f16      	ldr	r6, [r2, #112]	@ 0x70
1000279e:	f7ff ffe3 	bl	10002768 <divmod_s32s32_unsafe>
100027a2:	6614      	str	r4, [r2, #96]	@ 0x60
100027a4:	6655      	str	r5, [r2, #100]	@ 0x64
100027a6:	6757      	str	r7, [r2, #116]	@ 0x74
100027a8:	6716      	str	r6, [r2, #112]	@ 0x70
100027aa:	bdf0      	pop	{r4, r5, r6, r7, pc}
100027ac:	d0000000 	.word	0xd0000000

100027b0 <__wrap___aeabi_uidiv>:
100027b0:	4a11      	ldr	r2, [pc, #68]	@ (100027f8 <divmod_u32u32_savestate+0x18>)
100027b2:	6f93      	ldr	r3, [r2, #120]	@ 0x78
100027b4:	089b      	lsrs	r3, r3, #2
100027b6:	d213      	bcs.n	100027e0 <divmod_u32u32_savestate>

100027b8 <divmod_u32u32_unsafe>:
100027b8:	6610      	str	r0, [r2, #96]	@ 0x60
100027ba:	6651      	str	r1, [r2, #100]	@ 0x64
100027bc:	2900      	cmp	r1, #0
100027be:	d005      	beq.n	100027cc <divmod_u32u32_unsafe+0x14>
100027c0:	e7ff      	b.n	100027c2 <divmod_u32u32_unsafe+0xa>
100027c2:	e7ff      	b.n	100027c4 <divmod_u32u32_unsafe+0xc>
100027c4:	e7ff      	b.n	100027c6 <divmod_u32u32_unsafe+0xe>
100027c6:	6f51      	ldr	r1, [r2, #116]	@ 0x74
100027c8:	6f10      	ldr	r0, [r2, #112]	@ 0x70
100027ca:	4770      	bx	lr
100027cc:	b504      	push	{r2, lr}
100027ce:	2800      	cmp	r0, #0
100027d0:	d001      	beq.n	100027d6 <divmod_u32u32_unsafe+0x1e>
100027d2:	2000      	movs	r0, #0
100027d4:	43c0      	mvns	r0, r0
100027d6:	f005 f93b 	bl	10007a50 <____aeabi_idiv0_veneer>
100027da:	2100      	movs	r1, #0
100027dc:	bd04      	pop	{r2, pc}
100027de:	46c0      	nop			@ (mov r8, r8)

100027e0 <divmod_u32u32_savestate>:
100027e0:	b5f0      	push	{r4, r5, r6, r7, lr}
100027e2:	6e14      	ldr	r4, [r2, #96]	@ 0x60
100027e4:	6e55      	ldr	r5, [r2, #100]	@ 0x64
100027e6:	6f57      	ldr	r7, [r2, #116]	@ 0x74
100027e8:	6f16      	ldr	r6, [r2, #112]	@ 0x70
100027ea:	f7ff ffe5 	bl	100027b8 <divmod_u32u32_unsafe>
100027ee:	6614      	str	r4, [r2, #96]	@ 0x60
100027f0:	6655      	str	r5, [r2, #100]	@ 0x64
100027f2:	6757      	str	r7, [r2, #116]	@ 0x74
100027f4:	6716      	str	r6, [r2, #112]	@ 0x70
100027f6:	bdf0      	pop	{r4, r5, r6, r7, pc}
100027f8:	d0000000 	.word	0xd0000000

100027fc <__wrap___aeabi_ldivmod>:
100027fc:	4694      	mov	ip, r2
100027fe:	4a4a      	ldr	r2, [pc, #296]	@ (10002928 <udiv0+0x1a>)
10002800:	6f92      	ldr	r2, [r2, #120]	@ 0x78
10002802:	0892      	lsrs	r2, r2, #2
10002804:	4662      	mov	r2, ip
10002806:	d201      	bcs.n	1000280c <divmod_s64s64_savestate>
10002808:	e028      	b.n	1000285c <divmod_s64s64_unsafe>
1000280a:	46c0      	nop			@ (mov r8, r8)

1000280c <divmod_s64s64_savestate>:
1000280c:	b5f0      	push	{r4, r5, r6, r7, lr}
1000280e:	4e46      	ldr	r6, [pc, #280]	@ (10002928 <udiv0+0x1a>)
10002810:	6e34      	ldr	r4, [r6, #96]	@ 0x60
10002812:	6e75      	ldr	r5, [r6, #100]	@ 0x64
10002814:	6f77      	ldr	r7, [r6, #116]	@ 0x74
10002816:	6f36      	ldr	r6, [r6, #112]	@ 0x70
10002818:	f000 f820 	bl	1000285c <divmod_s64s64_unsafe>
1000281c:	4694      	mov	ip, r2
1000281e:	4a42      	ldr	r2, [pc, #264]	@ (10002928 <udiv0+0x1a>)
10002820:	6614      	str	r4, [r2, #96]	@ 0x60
10002822:	6655      	str	r5, [r2, #100]	@ 0x64
10002824:	6757      	str	r7, [r2, #116]	@ 0x74
10002826:	6716      	str	r6, [r2, #112]	@ 0x70
10002828:	4662      	mov	r2, ip
1000282a:	bdf0      	pop	{r4, r5, r6, r7, pc}

1000282c <__wrap___aeabi_uldivmod>:
1000282c:	4694      	mov	ip, r2
1000282e:	4a3e      	ldr	r2, [pc, #248]	@ (10002928 <udiv0+0x1a>)
10002830:	6f92      	ldr	r2, [r2, #120]	@ 0x78
10002832:	0892      	lsrs	r2, r2, #2
10002834:	4662      	mov	r2, ip
10002836:	d201      	bcs.n	1000283c <divmod_u64u64_savestate>
10002838:	e054      	b.n	100028e4 <divmod_u64u64_unsafe>
1000283a:	46c0      	nop			@ (mov r8, r8)

1000283c <divmod_u64u64_savestate>:
1000283c:	b5f0      	push	{r4, r5, r6, r7, lr}
1000283e:	4e3a      	ldr	r6, [pc, #232]	@ (10002928 <udiv0+0x1a>)
10002840:	6e34      	ldr	r4, [r6, #96]	@ 0x60
10002842:	6e75      	ldr	r5, [r6, #100]	@ 0x64
10002844:	6f77      	ldr	r7, [r6, #116]	@ 0x74
10002846:	6f36      	ldr	r6, [r6, #112]	@ 0x70
10002848:	f000 f84c 	bl	100028e4 <divmod_u64u64_unsafe>
1000284c:	4694      	mov	ip, r2
1000284e:	4a36      	ldr	r2, [pc, #216]	@ (10002928 <udiv0+0x1a>)
10002850:	6614      	str	r4, [r2, #96]	@ 0x60
10002852:	6655      	str	r5, [r2, #100]	@ 0x64
10002854:	6757      	str	r7, [r2, #116]	@ 0x74
10002856:	6716      	str	r6, [r2, #112]	@ 0x70
10002858:	4662      	mov	r2, ip
1000285a:	bdf0      	pop	{r4, r5, r6, r7, pc}

1000285c <divmod_s64s64_unsafe>:
1000285c:	2b00      	cmp	r3, #0
1000285e:	db24      	blt.n	100028aa <l42_1+0x26>
10002860:	d011      	beq.n	10002886 <l42_1+0x2>
10002862:	2900      	cmp	r1, #0
10002864:	da3e      	bge.n	100028e4 <divmod_u64u64_unsafe>
10002866:	b500      	push	{lr}
10002868:	43c9      	mvns	r1, r1
1000286a:	4240      	negs	r0, r0
1000286c:	d100      	bne.n	10002870 <l40_1>
1000286e:	3101      	adds	r1, #1

10002870 <l40_1>:
10002870:	f000 f838 	bl	100028e4 <divmod_u64u64_unsafe>
10002874:	43c9      	mvns	r1, r1
10002876:	4240      	negs	r0, r0
10002878:	d100      	bne.n	1000287c <l41_1>
1000287a:	3101      	adds	r1, #1

1000287c <l41_1>:
1000287c:	43db      	mvns	r3, r3
1000287e:	4252      	negs	r2, r2
10002880:	d100      	bne.n	10002884 <l42_1>
10002882:	3301      	adds	r3, #1

10002884 <l42_1>:
10002884:	bd00      	pop	{pc}
10002886:	2a00      	cmp	r2, #0
10002888:	d1eb      	bne.n	10002862 <divmod_s64s64_unsafe+0x6>
1000288a:	2800      	cmp	r0, #0
1000288c:	d101      	bne.n	10002892 <l42_1+0xe>
1000288e:	2900      	cmp	r1, #0
10002890:	d005      	beq.n	1000289e <l42_1+0x1a>
10002892:	2000      	movs	r0, #0
10002894:	0fc9      	lsrs	r1, r1, #31
10002896:	07c9      	lsls	r1, r1, #31
10002898:	d101      	bne.n	1000289e <l42_1+0x1a>
1000289a:	43c0      	mvns	r0, r0
1000289c:	0841      	lsrs	r1, r0, #1
1000289e:	b500      	push	{lr}
100028a0:	f005 f8ce 	bl	10007a40 <____aeabi_ldiv0_veneer>
100028a4:	2200      	movs	r2, #0
100028a6:	2300      	movs	r3, #0
100028a8:	bd00      	pop	{pc}
100028aa:	b500      	push	{lr}
100028ac:	2900      	cmp	r1, #0
100028ae:	db0a      	blt.n	100028c6 <l44_1+0x2>
100028b0:	43db      	mvns	r3, r3
100028b2:	4252      	negs	r2, r2
100028b4:	d100      	bne.n	100028b8 <l43_1>
100028b6:	3301      	adds	r3, #1

100028b8 <l43_1>:
100028b8:	f000 f814 	bl	100028e4 <divmod_u64u64_unsafe>
100028bc:	43c9      	mvns	r1, r1
100028be:	4240      	negs	r0, r0
100028c0:	d100      	bne.n	100028c4 <l44_1>
100028c2:	3101      	adds	r1, #1

100028c4 <l44_1>:
100028c4:	bd00      	pop	{pc}
100028c6:	43c9      	mvns	r1, r1
100028c8:	4240      	negs	r0, r0
100028ca:	d100      	bne.n	100028ce <l45_1>
100028cc:	3101      	adds	r1, #1

100028ce <l45_1>:
100028ce:	43db      	mvns	r3, r3
100028d0:	4252      	negs	r2, r2
100028d2:	d100      	bne.n	100028d6 <l46_1>
100028d4:	3301      	adds	r3, #1

100028d6 <l46_1>:
100028d6:	f000 f805 	bl	100028e4 <divmod_u64u64_unsafe>
100028da:	43db      	mvns	r3, r3
100028dc:	4252      	negs	r2, r2
100028de:	d100      	bne.n	100028e2 <l47_1>
100028e0:	3301      	adds	r3, #1

100028e2 <l47_1>:
100028e2:	bd00      	pop	{pc}

100028e4 <divmod_u64u64_unsafe>:
100028e4:	2900      	cmp	r1, #0
100028e6:	d123      	bne.n	10002930 <y64>
100028e8:	2b00      	cmp	r3, #0
100028ea:	d118      	bne.n	1000291e <udiv0+0x10>
100028ec:	2a00      	cmp	r2, #0
100028ee:	d00c      	beq.n	1000290a <divmod_u64u64_unsafe+0x26>
100028f0:	46bc      	mov	ip, r7
100028f2:	4f0d      	ldr	r7, [pc, #52]	@ (10002928 <udiv0+0x1a>)
100028f4:	6638      	str	r0, [r7, #96]	@ 0x60
100028f6:	667a      	str	r2, [r7, #100]	@ 0x64
100028f8:	2100      	movs	r1, #0
100028fa:	2300      	movs	r3, #0
100028fc:	e7ff      	b.n	100028fe <divmod_u64u64_unsafe+0x1a>
100028fe:	e7ff      	b.n	10002900 <divmod_u64u64_unsafe+0x1c>
10002900:	e7ff      	b.n	10002902 <divmod_u64u64_unsafe+0x1e>
10002902:	6f7a      	ldr	r2, [r7, #116]	@ 0x74
10002904:	6f38      	ldr	r0, [r7, #112]	@ 0x70
10002906:	4667      	mov	r7, ip
10002908:	4770      	bx	lr
1000290a:	2800      	cmp	r0, #0
1000290c:	d001      	beq.n	10002912 <udiv0+0x4>

1000290e <udiv0>:
1000290e:	4807      	ldr	r0, [pc, #28]	@ (1000292c <udiv0+0x1e>)
10002910:	0001      	movs	r1, r0
10002912:	b500      	push	{lr}
10002914:	f005 f894 	bl	10007a40 <____aeabi_ldiv0_veneer>
10002918:	2200      	movs	r2, #0
1000291a:	2300      	movs	r3, #0
1000291c:	bd00      	pop	{pc}
1000291e:	0002      	movs	r2, r0
10002920:	000b      	movs	r3, r1
10002922:	2000      	movs	r0, #0
10002924:	2100      	movs	r1, #0
10002926:	4770      	bx	lr
10002928:	d0000000 	.word	0xd0000000
1000292c:	ffffffff 	.word	0xffffffff

10002930 <y64>:
10002930:	2b00      	cmp	r3, #0
10002932:	d000      	beq.n	10002936 <y64+0x6>
10002934:	e0bf      	b.n	10002ab6 <y64_x48>
10002936:	0c13      	lsrs	r3, r2, #16
10002938:	d128      	bne.n	1000298c <y64_x32>
1000293a:	2a00      	cmp	r2, #0
1000293c:	d0e7      	beq.n	1000290e <udiv0>
1000293e:	b480      	push	{r7}
10002940:	4f11      	ldr	r7, [pc, #68]	@ (10002988 <y64+0x58>)
10002942:	6639      	str	r1, [r7, #96]	@ 0x60
10002944:	667a      	str	r2, [r7, #100]	@ 0x64
10002946:	e7ff      	b.n	10002948 <y64+0x18>
10002948:	e7ff      	b.n	1000294a <y64+0x1a>
1000294a:	b430      	push	{r4, r5}
1000294c:	0c04      	lsrs	r4, r0, #16
1000294e:	6f7b      	ldr	r3, [r7, #116]	@ 0x74
10002950:	6f39      	ldr	r1, [r7, #112]	@ 0x70
10002952:	041b      	lsls	r3, r3, #16
10002954:	4323      	orrs	r3, r4
10002956:	663b      	str	r3, [r7, #96]	@ 0x60
10002958:	667a      	str	r2, [r7, #100]	@ 0x64
1000295a:	e7ff      	b.n	1000295c <y64+0x2c>
1000295c:	e7ff      	b.n	1000295e <y64+0x2e>
1000295e:	e7ff      	b.n	10002960 <y64+0x30>
10002960:	46c0      	nop			@ (mov r8, r8)
10002962:	b284      	uxth	r4, r0
10002964:	6f7b      	ldr	r3, [r7, #116]	@ 0x74
10002966:	6f3d      	ldr	r5, [r7, #112]	@ 0x70
10002968:	041b      	lsls	r3, r3, #16
1000296a:	4323      	orrs	r3, r4
1000296c:	663b      	str	r3, [r7, #96]	@ 0x60
1000296e:	667a      	str	r2, [r7, #100]	@ 0x64
10002970:	e7ff      	b.n	10002972 <y64+0x42>
10002972:	e7ff      	b.n	10002974 <y64+0x44>
10002974:	46c0      	nop			@ (mov r8, r8)
10002976:	2300      	movs	r3, #0
10002978:	042c      	lsls	r4, r5, #16
1000297a:	0c2d      	lsrs	r5, r5, #16
1000297c:	6f7a      	ldr	r2, [r7, #116]	@ 0x74
1000297e:	6f38      	ldr	r0, [r7, #112]	@ 0x70
10002980:	1900      	adds	r0, r0, r4
10002982:	4169      	adcs	r1, r5
10002984:	bcb0      	pop	{r4, r5, r7}
10002986:	4770      	bx	lr
10002988:	d0000000 	.word	0xd0000000

1000298c <y64_x32>:
1000298c:	b5f0      	push	{r4, r5, r6, r7, lr}
1000298e:	4694      	mov	ip, r2
10002990:	2500      	movs	r5, #0
10002992:	0e14      	lsrs	r4, r2, #24
10002994:	d101      	bne.n	1000299a <y64_x32+0xe>
10002996:	0212      	lsls	r2, r2, #8
10002998:	3508      	adds	r5, #8
1000299a:	0f14      	lsrs	r4, r2, #28
1000299c:	d101      	bne.n	100029a2 <y64_x32+0x16>
1000299e:	0112      	lsls	r2, r2, #4
100029a0:	3504      	adds	r5, #4
100029a2:	0f94      	lsrs	r4, r2, #30
100029a4:	d101      	bne.n	100029aa <y64_x32+0x1e>
100029a6:	0092      	lsls	r2, r2, #2
100029a8:	3502      	adds	r5, #2
100029aa:	0fd4      	lsrs	r4, r2, #31
100029ac:	d101      	bne.n	100029b2 <y64_x32+0x26>
100029ae:	0052      	lsls	r2, r2, #1
100029b0:	3501      	adds	r5, #1
100029b2:	0bd4      	lsrs	r4, r2, #15
100029b4:	3401      	adds	r4, #1
100029b6:	4f25      	ldr	r7, [pc, #148]	@ (10002a4c <y64_x32+0xc0>)
100029b8:	667c      	str	r4, [r7, #100]	@ 0x64
100029ba:	4c25      	ldr	r4, [pc, #148]	@ (10002a50 <y64_x32+0xc4>)
100029bc:	663c      	str	r4, [r7, #96]	@ 0x60
100029be:	0c0e      	lsrs	r6, r1, #16
100029c0:	b293      	uxth	r3, r2
100029c2:	e7ff      	b.n	100029c4 <y64_x32+0x38>
100029c4:	e7ff      	b.n	100029c6 <y64_x32+0x3a>
100029c6:	e7ff      	b.n	100029c8 <y64_x32+0x3c>
100029c8:	6f3c      	ldr	r4, [r7, #112]	@ 0x70
100029ca:	4366      	muls	r6, r4
100029cc:	0c36      	lsrs	r6, r6, #16
100029ce:	0377      	lsls	r7, r6, #13
100029d0:	46be      	mov	lr, r7
100029d2:	4373      	muls	r3, r6
100029d4:	0bdf      	lsrs	r7, r3, #15
100029d6:	045b      	lsls	r3, r3, #17
100029d8:	1ac0      	subs	r0, r0, r3
100029da:	41b9      	sbcs	r1, r7
100029dc:	0c13      	lsrs	r3, r2, #16
100029de:	4373      	muls	r3, r6
100029e0:	18db      	adds	r3, r3, r3
100029e2:	1ac9      	subs	r1, r1, r3
100029e4:	08ce      	lsrs	r6, r1, #3
100029e6:	4366      	muls	r6, r4
100029e8:	0c36      	lsrs	r6, r6, #16
100029ea:	44b6      	add	lr, r6
100029ec:	b293      	uxth	r3, r2
100029ee:	4373      	muls	r3, r6
100029f0:	0f1f      	lsrs	r7, r3, #28
100029f2:	011b      	lsls	r3, r3, #4
100029f4:	1ac0      	subs	r0, r0, r3
100029f6:	41b9      	sbcs	r1, r7
100029f8:	0c13      	lsrs	r3, r2, #16
100029fa:	4373      	muls	r3, r6
100029fc:	0b1f      	lsrs	r7, r3, #12
100029fe:	051b      	lsls	r3, r3, #20
10002a00:	1ac0      	subs	r0, r0, r3
10002a02:	41b9      	sbcs	r1, r7
10002a04:	0d86      	lsrs	r6, r0, #22
10002a06:	028f      	lsls	r7, r1, #10
10002a08:	433e      	orrs	r6, r7
10002a0a:	4366      	muls	r6, r4
10002a0c:	0c36      	lsrs	r6, r6, #16
10002a0e:	2d09      	cmp	r5, #9
10002a10:	db24      	blt.n	10002a5c <last0>
10002a12:	0a52      	lsrs	r2, r2, #9
10002a14:	4372      	muls	r2, r6
10002a16:	1a80      	subs	r0, r0, r2
10002a18:	0377      	lsls	r7, r6, #13
10002a1a:	0a46      	lsrs	r6, r0, #9
10002a1c:	4366      	muls	r6, r4
10002a1e:	0c36      	lsrs	r6, r6, #16
10002a20:	2316      	movs	r3, #22
10002a22:	1b5b      	subs	r3, r3, r5
10002a24:	40de      	lsrs	r6, r3
10002a26:	40df      	lsrs	r7, r3
10002a28:	19bf      	adds	r7, r7, r6
10002a2a:	4664      	mov	r4, ip
10002a2c:	4366      	muls	r6, r4
10002a2e:	1b82      	subs	r2, r0, r6
10002a30:	4670      	mov	r0, lr
10002a32:	3504      	adds	r5, #4
10002a34:	3306      	adds	r3, #6
10002a36:	0001      	movs	r1, r0
10002a38:	40d9      	lsrs	r1, r3
10002a3a:	40a8      	lsls	r0, r5
10002a3c:	19c0      	adds	r0, r0, r7
10002a3e:	d300      	bcc.n	10002a42 <y64_x32+0xb6>
10002a40:	3101      	adds	r1, #1
10002a42:	42a2      	cmp	r2, r4
10002a44:	d206      	bcs.n	10002a54 <y64_x32+0xc8>
10002a46:	2300      	movs	r3, #0
10002a48:	bdf0      	pop	{r4, r5, r6, r7, pc}
10002a4a:	0000      	.short	0x0000
10002a4c:	d0000000 	.word	0xd0000000
10002a50:	ffffffff 	.word	0xffffffff
10002a54:	1b12      	subs	r2, r2, r4
10002a56:	3001      	adds	r0, #1
10002a58:	d3f3      	bcc.n	10002a42 <y64_x32+0xb6>
10002a5a:	e7f1      	b.n	10002a40 <y64_x32+0xb4>

10002a5c <last0>:
10002a5c:	2709      	movs	r7, #9
10002a5e:	1b7f      	subs	r7, r7, r5
10002a60:	40fe      	lsrs	r6, r7
10002a62:	4664      	mov	r4, ip
10002a64:	b2a2      	uxth	r2, r4
10002a66:	4372      	muls	r2, r6
10002a68:	1a80      	subs	r0, r0, r2
10002a6a:	d200      	bcs.n	10002a6e <last0+0x12>
10002a6c:	3901      	subs	r1, #1
10002a6e:	0c22      	lsrs	r2, r4, #16
10002a70:	4372      	muls	r2, r6
10002a72:	0c13      	lsrs	r3, r2, #16
10002a74:	0412      	lsls	r2, r2, #16
10002a76:	1a82      	subs	r2, r0, r2
10002a78:	4199      	sbcs	r1, r3
10002a7a:	000b      	movs	r3, r1
10002a7c:	4670      	mov	r0, lr
10002a7e:	3504      	adds	r5, #4
10002a80:	3713      	adds	r7, #19
10002a82:	0001      	movs	r1, r0
10002a84:	40f9      	lsrs	r1, r7
10002a86:	40a8      	lsls	r0, r5
10002a88:	1980      	adds	r0, r0, r6
10002a8a:	d300      	bcc.n	10002a8e <last0+0x32>
10002a8c:	3101      	adds	r1, #1
10002a8e:	2b00      	cmp	r3, #0
10002a90:	d102      	bne.n	10002a98 <last0+0x3c>
10002a92:	42a2      	cmp	r2, r4
10002a94:	d20a      	bcs.n	10002aac <last0+0x50>
10002a96:	bdf0      	pop	{r4, r5, r6, r7, pc}
10002a98:	3001      	adds	r0, #1
10002a9a:	d300      	bcc.n	10002a9e <last0+0x42>
10002a9c:	3101      	adds	r1, #1
10002a9e:	1b12      	subs	r2, r2, r4
10002aa0:	d2fa      	bcs.n	10002a98 <last0+0x3c>
10002aa2:	3b01      	subs	r3, #1
10002aa4:	d1f8      	bne.n	10002a98 <last0+0x3c>
10002aa6:	42a2      	cmp	r2, r4
10002aa8:	d200      	bcs.n	10002aac <last0+0x50>
10002aaa:	bdf0      	pop	{r4, r5, r6, r7, pc}
10002aac:	3001      	adds	r0, #1
10002aae:	d300      	bcc.n	10002ab2 <last0+0x56>
10002ab0:	3101      	adds	r1, #1
10002ab2:	1b12      	subs	r2, r2, r4
10002ab4:	e7f7      	b.n	10002aa6 <last0+0x4a>

10002ab6 <y64_x48>:
10002ab6:	b5f0      	push	{r4, r5, r6, r7, lr}
10002ab8:	0c1c      	lsrs	r4, r3, #16
10002aba:	d000      	beq.n	10002abe <y64_x48+0x8>
10002abc:	e080      	b.n	10002bc0 <y64_x64>
10002abe:	b40c      	push	{r2, r3}
10002ac0:	2500      	movs	r5, #0
10002ac2:	0a1c      	lsrs	r4, r3, #8
10002ac4:	d104      	bne.n	10002ad0 <y64_x48+0x1a>
10002ac6:	021b      	lsls	r3, r3, #8
10002ac8:	0e16      	lsrs	r6, r2, #24
10002aca:	4333      	orrs	r3, r6
10002acc:	0212      	lsls	r2, r2, #8
10002ace:	3508      	adds	r5, #8
10002ad0:	0b1c      	lsrs	r4, r3, #12
10002ad2:	d104      	bne.n	10002ade <y64_x48+0x28>
10002ad4:	011b      	lsls	r3, r3, #4
10002ad6:	0f16      	lsrs	r6, r2, #28
10002ad8:	4333      	orrs	r3, r6
10002ada:	0112      	lsls	r2, r2, #4
10002adc:	3504      	adds	r5, #4
10002ade:	0b9c      	lsrs	r4, r3, #14
10002ae0:	d104      	bne.n	10002aec <y64_x48+0x36>
10002ae2:	009b      	lsls	r3, r3, #2
10002ae4:	0f96      	lsrs	r6, r2, #30
10002ae6:	4333      	orrs	r3, r6
10002ae8:	0092      	lsls	r2, r2, #2
10002aea:	3502      	adds	r5, #2
10002aec:	0bdc      	lsrs	r4, r3, #15
10002aee:	d102      	bne.n	10002af6 <y64_x48+0x40>
10002af0:	1892      	adds	r2, r2, r2
10002af2:	415b      	adcs	r3, r3
10002af4:	3501      	adds	r5, #1
10002af6:	001c      	movs	r4, r3
10002af8:	1897      	adds	r7, r2, r2
10002afa:	4164      	adcs	r4, r4
10002afc:	3401      	adds	r4, #1
10002afe:	4f46      	ldr	r7, [pc, #280]	@ (10002c18 <y64_x64+0x58>)
10002b00:	667c      	str	r4, [r7, #100]	@ 0x64
10002b02:	4c46      	ldr	r4, [pc, #280]	@ (10002c1c <y64_x64+0x5c>)
10002b04:	663c      	str	r4, [r7, #96]	@ 0x60
10002b06:	0c0e      	lsrs	r6, r1, #16
10002b08:	e7ff      	b.n	10002b0a <y64_x48+0x54>
10002b0a:	e7ff      	b.n	10002b0c <y64_x48+0x56>
10002b0c:	e7ff      	b.n	10002b0e <y64_x48+0x58>
10002b0e:	46c0      	nop			@ (mov r8, r8)
10002b10:	6f3c      	ldr	r4, [r7, #112]	@ 0x70
10002b12:	4366      	muls	r6, r4
10002b14:	0c36      	lsrs	r6, r6, #16
10002b16:	0377      	lsls	r7, r6, #13
10002b18:	46be      	mov	lr, r7
10002b1a:	b297      	uxth	r7, r2
10002b1c:	4377      	muls	r7, r6
10002b1e:	1bc0      	subs	r0, r0, r7
10002b20:	d200      	bcs.n	10002b24 <y64_x48+0x6e>
10002b22:	3901      	subs	r1, #1
10002b24:	1bc0      	subs	r0, r0, r7
10002b26:	d200      	bcs.n	10002b2a <y64_x48+0x74>
10002b28:	3901      	subs	r1, #1
10002b2a:	b29f      	uxth	r7, r3
10002b2c:	4377      	muls	r7, r6
10002b2e:	1bc9      	subs	r1, r1, r7
10002b30:	1bc9      	subs	r1, r1, r7
10002b32:	0c17      	lsrs	r7, r2, #16
10002b34:	4377      	muls	r7, r6
10002b36:	047e      	lsls	r6, r7, #17
10002b38:	0bff      	lsrs	r7, r7, #15
10002b3a:	1b80      	subs	r0, r0, r6
10002b3c:	41b9      	sbcs	r1, r7
10002b3e:	08ce      	lsrs	r6, r1, #3
10002b40:	4366      	muls	r6, r4
10002b42:	0c36      	lsrs	r6, r6, #16
10002b44:	2d0c      	cmp	r5, #12
10002b46:	db33      	blt.n	10002bb0 <last1>
10002b48:	44b6      	add	lr, r6
10002b4a:	0b12      	lsrs	r2, r2, #12
10002b4c:	051f      	lsls	r7, r3, #20
10002b4e:	433a      	orrs	r2, r7
10002b50:	0b1b      	lsrs	r3, r3, #12
10002b52:	b297      	uxth	r7, r2
10002b54:	4377      	muls	r7, r6
10002b56:	1bc0      	subs	r0, r0, r7
10002b58:	d200      	bcs.n	10002b5c <y64_x48+0xa6>
10002b5a:	3901      	subs	r1, #1
10002b5c:	b29f      	uxth	r7, r3
10002b5e:	4377      	muls	r7, r6
10002b60:	1bc9      	subs	r1, r1, r7
10002b62:	0c17      	lsrs	r7, r2, #16
10002b64:	4377      	muls	r7, r6
10002b66:	043e      	lsls	r6, r7, #16
10002b68:	0c3f      	lsrs	r7, r7, #16
10002b6a:	1b80      	subs	r0, r0, r6
10002b6c:	41b9      	sbcs	r1, r7
10002b6e:	0d86      	lsrs	r6, r0, #22
10002b70:	028f      	lsls	r7, r1, #10
10002b72:	433e      	orrs	r6, r7
10002b74:	4366      	muls	r6, r4
10002b76:	2729      	movs	r7, #41	@ 0x29
10002b78:	1b7f      	subs	r7, r7, r5
10002b7a:	40fe      	lsrs	r6, r7
10002b7c:	3d0c      	subs	r5, #12
10002b7e:	4677      	mov	r7, lr
10002b80:	40af      	lsls	r7, r5
10002b82:	19bf      	adds	r7, r7, r6
10002b84:	bc30      	pop	{r4, r5}
10002b86:	b2a2      	uxth	r2, r4
10002b88:	b2ab      	uxth	r3, r5
10002b8a:	4372      	muls	r2, r6
10002b8c:	4373      	muls	r3, r6
10002b8e:	1a80      	subs	r0, r0, r2
10002b90:	4199      	sbcs	r1, r3
10002b92:	0c22      	lsrs	r2, r4, #16
10002b94:	4372      	muls	r2, r6
10002b96:	0c13      	lsrs	r3, r2, #16
10002b98:	0412      	lsls	r2, r2, #16
10002b9a:	1a80      	subs	r0, r0, r2
10002b9c:	4199      	sbcs	r1, r3
10002b9e:	0002      	movs	r2, r0
10002ba0:	000b      	movs	r3, r1
10002ba2:	3701      	adds	r7, #1
10002ba4:	1b00      	subs	r0, r0, r4
10002ba6:	41a9      	sbcs	r1, r5
10002ba8:	d2f9      	bcs.n	10002b9e <y64_x48+0xe8>
10002baa:	1e78      	subs	r0, r7, #1
10002bac:	2100      	movs	r1, #0
10002bae:	bdf0      	pop	{r4, r5, r6, r7, pc}

10002bb0 <last1>:
10002bb0:	270c      	movs	r7, #12
10002bb2:	1b7f      	subs	r7, r7, r5
10002bb4:	40fe      	lsrs	r6, r7
10002bb6:	4677      	mov	r7, lr
10002bb8:	0b7f      	lsrs	r7, r7, #13
10002bba:	40af      	lsls	r7, r5
10002bbc:	19ff      	adds	r7, r7, r7
10002bbe:	e7e0      	b.n	10002b82 <y64_x48+0xcc>

10002bc0 <y64_x64>:
10002bc0:	2400      	movs	r4, #0
10002bc2:	1c5d      	adds	r5, r3, #1
10002bc4:	d007      	beq.n	10002bd6 <y64_x64+0x16>
10002bc6:	4f14      	ldr	r7, [pc, #80]	@ (10002c18 <y64_x64+0x58>)
10002bc8:	667d      	str	r5, [r7, #100]	@ 0x64
10002bca:	6639      	str	r1, [r7, #96]	@ 0x60
10002bcc:	e7ff      	b.n	10002bce <y64_x64+0xe>
10002bce:	e7ff      	b.n	10002bd0 <y64_x64+0x10>
10002bd0:	e7ff      	b.n	10002bd2 <y64_x64+0x12>
10002bd2:	e7ff      	b.n	10002bd4 <y64_x64+0x14>
10002bd4:	6f3c      	ldr	r4, [r7, #112]	@ 0x70
10002bd6:	b295      	uxth	r5, r2
10002bd8:	b29e      	uxth	r6, r3
10002bda:	4365      	muls	r5, r4
10002bdc:	4366      	muls	r6, r4
10002bde:	1b40      	subs	r0, r0, r5
10002be0:	41b1      	sbcs	r1, r6
10002be2:	0c15      	lsrs	r5, r2, #16
10002be4:	0c1e      	lsrs	r6, r3, #16
10002be6:	4365      	muls	r5, r4
10002be8:	4366      	muls	r6, r4
10002bea:	0436      	lsls	r6, r6, #16
10002bec:	0c2f      	lsrs	r7, r5, #16
10002bee:	433e      	orrs	r6, r7
10002bf0:	042d      	lsls	r5, r5, #16
10002bf2:	1b40      	subs	r0, r0, r5
10002bf4:	41b1      	sbcs	r1, r6
10002bf6:	4299      	cmp	r1, r3
10002bf8:	d204      	bcs.n	10002c04 <y64_x64+0x44>
10002bfa:	0002      	movs	r2, r0
10002bfc:	000b      	movs	r3, r1
10002bfe:	0020      	movs	r0, r4
10002c00:	2100      	movs	r1, #0
10002c02:	bdf0      	pop	{r4, r5, r6, r7, pc}
10002c04:	d101      	bne.n	10002c0a <y64_x64+0x4a>
10002c06:	4290      	cmp	r0, r2
10002c08:	d3f7      	bcc.n	10002bfa <y64_x64+0x3a>
10002c0a:	1a80      	subs	r0, r0, r2
10002c0c:	4199      	sbcs	r1, r3
10002c0e:	3401      	adds	r4, #1
10002c10:	4299      	cmp	r1, r3
10002c12:	d3f2      	bcc.n	10002bfa <y64_x64+0x3a>
10002c14:	e7f6      	b.n	10002c04 <y64_x64+0x44>
10002c16:	0000      	.short	0x0000
10002c18:	d0000000 	.word	0xd0000000
10002c1c:	ffffffff 	.word	0xffffffff

10002c20 <__wrap___aeabi_drsub>:
10002c20:	4048      	eors	r0, r1
10002c22:	4041      	eors	r1, r0
10002c24:	4048      	eors	r0, r1

10002c26 <__wrap___aeabi_dsub>:
10002c26:	b418      	push	{r3, r4}
10002c28:	4b13      	ldr	r3, [pc, #76]	@ (10002c78 <__wrap___aeabi_dmul+0xa>)
10002c2a:	685b      	ldr	r3, [r3, #4]
10002c2c:	9301      	str	r3, [sp, #4]
10002c2e:	bd08      	pop	{r3, pc}

10002c30 <__wrap___aeabi_dadd>:
10002c30:	b418      	push	{r3, r4}
10002c32:	4b11      	ldr	r3, [pc, #68]	@ (10002c78 <__wrap___aeabi_dmul+0xa>)
10002c34:	681b      	ldr	r3, [r3, #0]
10002c36:	9301      	str	r3, [sp, #4]
10002c38:	bd08      	pop	{r3, pc}

10002c3a <__wrap___aeabi_ddiv>:
10002c3a:	4694      	mov	ip, r2
10002c3c:	4a0f      	ldr	r2, [pc, #60]	@ (10002c7c <__wrap___aeabi_dmul+0xe>)
10002c3e:	6f92      	ldr	r2, [r2, #120]	@ 0x78
10002c40:	0892      	lsrs	r2, r2, #2
10002c42:	d205      	bcs.n	10002c50 <ddiv_save_state>
10002c44:	4662      	mov	r2, ip

10002c46 <ddiv_shim_call>:
10002c46:	b418      	push	{r3, r4}
10002c48:	4b0b      	ldr	r3, [pc, #44]	@ (10002c78 <__wrap___aeabi_dmul+0xa>)
10002c4a:	68db      	ldr	r3, [r3, #12]
10002c4c:	9301      	str	r3, [sp, #4]
10002c4e:	bd08      	pop	{r3, pc}

10002c50 <ddiv_save_state>:
10002c50:	4a0a      	ldr	r2, [pc, #40]	@ (10002c7c <__wrap___aeabi_dmul+0xe>)
10002c52:	b5f0      	push	{r4, r5, r6, r7, lr}
10002c54:	6e14      	ldr	r4, [r2, #96]	@ 0x60
10002c56:	6e55      	ldr	r5, [r2, #100]	@ 0x64
10002c58:	6f57      	ldr	r7, [r2, #116]	@ 0x74
10002c5a:	6f16      	ldr	r6, [r2, #112]	@ 0x70
10002c5c:	4662      	mov	r2, ip
10002c5e:	f7ff fff2 	bl	10002c46 <ddiv_shim_call>
10002c62:	4a06      	ldr	r2, [pc, #24]	@ (10002c7c <__wrap___aeabi_dmul+0xe>)
10002c64:	6614      	str	r4, [r2, #96]	@ 0x60
10002c66:	6655      	str	r5, [r2, #100]	@ 0x64
10002c68:	6757      	str	r7, [r2, #116]	@ 0x74
10002c6a:	6716      	str	r6, [r2, #112]	@ 0x70
10002c6c:	bdf0      	pop	{r4, r5, r6, r7, pc}

10002c6e <__wrap___aeabi_dmul>:
10002c6e:	b418      	push	{r3, r4}
10002c70:	4b01      	ldr	r3, [pc, #4]	@ (10002c78 <__wrap___aeabi_dmul+0xa>)
10002c72:	689b      	ldr	r3, [r3, #8]
10002c74:	9301      	str	r3, [sp, #4]
10002c76:	bd08      	pop	{r3, pc}
10002c78:	20013f30 	.word	0x20013f30
10002c7c:	d0000000 	.word	0xd0000000

10002c80 <__wrap___aeabi_cdrcmple>:
10002c80:	b5ff      	push	{r0, r1, r2, r3, r4, r5, r6, r7, lr}
10002c82:	4050      	eors	r0, r2
10002c84:	4042      	eors	r2, r0
10002c86:	4050      	eors	r0, r2
10002c88:	4059      	eors	r1, r3
10002c8a:	404b      	eors	r3, r1
10002c8c:	4059      	eors	r1, r3
10002c8e:	e000      	b.n	10002c92 <__aeabi_dfcmple_guts>

10002c90 <__wrap___aeabi_cdcmpeq>:
10002c90:	b5ff      	push	{r0, r1, r2, r3, r4, r5, r6, r7, lr}

10002c92 <__aeabi_dfcmple_guts>:
10002c92:	4f15      	ldr	r7, [pc, #84]	@ (10002ce8 <__aeabi_dfcmple_guts+0x56>)
10002c94:	004c      	lsls	r4, r1, #1
10002c96:	0d64      	lsrs	r4, r4, #21
10002c98:	d003      	beq.n	10002ca2 <__aeabi_dfcmple_guts+0x10>
10002c9a:	42bc      	cmp	r4, r7
10002c9c:	d104      	bne.n	10002ca8 <__aeabi_dfcmple_guts+0x16>
10002c9e:	030c      	lsls	r4, r1, #12
10002ca0:	d814      	bhi.n	10002ccc <__aeabi_dfcmple_guts+0x3a>
10002ca2:	2000      	movs	r0, #0
10002ca4:	0d09      	lsrs	r1, r1, #20
10002ca6:	0509      	lsls	r1, r1, #20
10002ca8:	005c      	lsls	r4, r3, #1
10002caa:	0d64      	lsrs	r4, r4, #21
10002cac:	d003      	beq.n	10002cb6 <__aeabi_dfcmple_guts+0x24>
10002cae:	42bc      	cmp	r4, r7
10002cb0:	d104      	bne.n	10002cbc <__aeabi_dfcmple_guts+0x2a>
10002cb2:	031c      	lsls	r4, r3, #12
10002cb4:	d80a      	bhi.n	10002ccc <__aeabi_dfcmple_guts+0x3a>
10002cb6:	2200      	movs	r2, #0
10002cb8:	0d1b      	lsrs	r3, r3, #20
10002cba:	051b      	lsls	r3, r3, #20
10002cbc:	2601      	movs	r6, #1
10002cbe:	404b      	eors	r3, r1
10002cc0:	d409      	bmi.n	10002cd6 <__aeabi_dfcmple_guts+0x44>
10002cc2:	404b      	eors	r3, r1
10002cc4:	d503      	bpl.n	10002cce <__aeabi_dfcmple_guts+0x3c>
10002cc6:	428b      	cmp	r3, r1
10002cc8:	d100      	bne.n	10002ccc <__aeabi_dfcmple_guts+0x3a>
10002cca:	4282      	cmp	r2, r0
10002ccc:	bdff      	pop	{r0, r1, r2, r3, r4, r5, r6, r7, pc}
10002cce:	4299      	cmp	r1, r3
10002cd0:	d1fc      	bne.n	10002ccc <__aeabi_dfcmple_guts+0x3a>
10002cd2:	4290      	cmp	r0, r2
10002cd4:	bdff      	pop	{r0, r1, r2, r3, r4, r5, r6, r7, pc}
10002cd6:	430b      	orrs	r3, r1
10002cd8:	18db      	adds	r3, r3, r3
10002cda:	4303      	orrs	r3, r0
10002cdc:	4313      	orrs	r3, r2
10002cde:	d0f5      	beq.n	10002ccc <__aeabi_dfcmple_guts+0x3a>
10002ce0:	43c9      	mvns	r1, r1
10002ce2:	1849      	adds	r1, r1, r1
10002ce4:	bdff      	pop	{r0, r1, r2, r3, r4, r5, r6, r7, pc}
10002ce6:	0000      	.short	0x0000
10002ce8:	000007ff 	.word	0x000007ff

10002cec <__wrap___aeabi_dcmplt>:
10002cec:	b500      	push	{lr}
10002cee:	f7ff ffcf 	bl	10002c90 <__wrap___aeabi_cdcmpeq>
10002cf2:	4180      	sbcs	r0, r0
10002cf4:	bd00      	pop	{pc}
10002cf6:	46c0      	nop			@ (mov r8, r8)

10002cf8 <__wrap___aeabi_dcmple>:
10002cf8:	b500      	push	{lr}
10002cfa:	f7ff ffc9 	bl	10002c90 <__wrap___aeabi_cdcmpeq>
10002cfe:	d901      	bls.n	10002d04 <__wrap___aeabi_dcmple+0xc>
10002d00:	2000      	movs	r0, #0
10002d02:	bd00      	pop	{pc}
10002d04:	2001      	movs	r0, #1
10002d06:	bd00      	pop	{pc}

10002d08 <__wrap___aeabi_dcmpge>:
10002d08:	b500      	push	{lr}
10002d0a:	f7ff ffb9 	bl	10002c80 <__wrap___aeabi_cdrcmple>
10002d0e:	d901      	bls.n	10002d14 <__wrap___aeabi_dcmpge+0xc>
10002d10:	2000      	movs	r0, #0
10002d12:	bd00      	pop	{pc}
10002d14:	2001      	movs	r0, #1
10002d16:	bd00      	pop	{pc}

10002d18 <__wrap___aeabi_dcmpgt>:
10002d18:	b500      	push	{lr}
10002d1a:	f7ff ffb1 	bl	10002c80 <__wrap___aeabi_cdrcmple>
10002d1e:	4180      	sbcs	r0, r0
10002d20:	bd00      	pop	{pc}

10002d22 <__wrap___aeabi_dcmpun>:
10002d22:	2001      	movs	r0, #1
10002d24:	0540      	lsls	r0, r0, #21
10002d26:	004a      	lsls	r2, r1, #1
10002d28:	1812      	adds	r2, r2, r0
10002d2a:	d804      	bhi.n	10002d36 <__wrap___aeabi_dcmpun+0x14>
10002d2c:	005a      	lsls	r2, r3, #1
10002d2e:	1812      	adds	r2, r2, r0
10002d30:	d801      	bhi.n	10002d36 <__wrap___aeabi_dcmpun+0x14>
10002d32:	2000      	movs	r0, #0
10002d34:	4770      	bx	lr
10002d36:	2001      	movs	r0, #1
10002d38:	4770      	bx	lr
	...

10002d3c <__wrap___aeabi_ui2d>:
10002d3c:	2100      	movs	r1, #0
10002d3e:	2800      	cmp	r0, #0
10002d40:	d105      	bne.n	10002d4e <__wrap___aeabi_i2d+0xa>
10002d42:	4770      	bx	lr

10002d44 <__wrap___aeabi_i2d>:
10002d44:	17c1      	asrs	r1, r0, #31
10002d46:	4048      	eors	r0, r1
10002d48:	1a40      	subs	r0, r0, r1
10002d4a:	d0fa      	beq.n	10002d42 <__wrap___aeabi_ui2d+0x6>
10002d4c:	07c9      	lsls	r1, r1, #31
10002d4e:	b513      	push	{r0, r1, r4, lr}
10002d50:	4b06      	ldr	r3, [pc, #24]	@ (10002d6c <__wrap___aeabi_i2d+0x28>)
10002d52:	681b      	ldr	r3, [r3, #0]
10002d54:	4798      	blx	r3
10002d56:	bc0c      	pop	{r2, r3}
10002d58:	1c44      	adds	r4, r0, #1
10002d5a:	40a2      	lsls	r2, r4
10002d5c:	0510      	lsls	r0, r2, #20
10002d5e:	0b12      	lsrs	r2, r2, #12
10002d60:	4903      	ldr	r1, [pc, #12]	@ (10002d70 <__wrap___aeabi_i2d+0x2c>)
10002d62:	1b09      	subs	r1, r1, r4
10002d64:	0509      	lsls	r1, r1, #20
10002d66:	4319      	orrs	r1, r3
10002d68:	4311      	orrs	r1, r2
10002d6a:	bd10      	pop	{r4, pc}
10002d6c:	20014030 	.word	0x20014030
10002d70:	0000041f 	.word	0x0000041f

10002d74 <__wrap___aeabi_d2iz>:
10002d74:	b510      	push	{r4, lr}
10002d76:	004c      	lsls	r4, r1, #1
10002d78:	0d62      	lsrs	r2, r4, #21
10002d7a:	2380      	movs	r3, #128	@ 0x80
10002d7c:	18d2      	adds	r2, r2, r3
10002d7e:	00db      	lsls	r3, r3, #3
10002d80:	1ad2      	subs	r2, r2, r3
10002d82:	055b      	lsls	r3, r3, #21
10002d84:	2a7e      	cmp	r2, #126	@ 0x7e
10002d86:	dd10      	ble.n	10002daa <__wrap___aeabi_d2iz+0x36>
10002d88:	3a9e      	subs	r2, #158	@ 0x9e
10002d8a:	da13      	bge.n	10002db4 <__wrap___aeabi_d2iz+0x40>
10002d8c:	17cc      	asrs	r4, r1, #31
10002d8e:	0309      	lsls	r1, r1, #12
10002d90:	0849      	lsrs	r1, r1, #1
10002d92:	4319      	orrs	r1, r3
10002d94:	4252      	negs	r2, r2
10002d96:	40d1      	lsrs	r1, r2
10002d98:	0064      	lsls	r4, r4, #1
10002d9a:	3401      	adds	r4, #1
10002d9c:	3215      	adds	r2, #21
10002d9e:	2a20      	cmp	r2, #32
10002da0:	da05      	bge.n	10002dae <__wrap___aeabi_d2iz+0x3a>
10002da2:	40d0      	lsrs	r0, r2
10002da4:	4308      	orrs	r0, r1
10002da6:	4360      	muls	r0, r4
10002da8:	bd10      	pop	{r4, pc}
10002daa:	2000      	movs	r0, #0
10002dac:	bd10      	pop	{r4, pc}
10002dae:	4608      	mov	r0, r1
10002db0:	4360      	muls	r0, r4
10002db2:	bd10      	pop	{r4, pc}
10002db4:	0fc8      	lsrs	r0, r1, #31
10002db6:	18c0      	adds	r0, r0, r3
10002db8:	3801      	subs	r0, #1
10002dba:	bd10      	pop	{r4, pc}

10002dbc <__wrap___aeabi_d2uiz>:
10002dbc:	b418      	push	{r3, r4}
10002dbe:	4b02      	ldr	r3, [pc, #8]	@ (10002dc8 <__wrap___aeabi_d2uiz+0xc>)
10002dc0:	6a5b      	ldr	r3, [r3, #36]	@ 0x24
10002dc2:	9301      	str	r3, [sp, #4]
10002dc4:	bd08      	pop	{r3, pc}
10002dc6:	0000      	.short	0x0000
10002dc8:	20013f30 	.word	0x20013f30

10002dcc <__wrap___aeabi_d2f>:
10002dcc:	b418      	push	{r3, r4}
10002dce:	4b02      	ldr	r3, [pc, #8]	@ (10002dd8 <__wrap___aeabi_d2f+0xc>)
10002dd0:	6fdb      	ldr	r3, [r3, #124]	@ 0x7c
10002dd2:	9301      	str	r3, [sp, #4]
10002dd4:	bd08      	pop	{r3, pc}
10002dd6:	0000      	.short	0x0000
10002dd8:	20013f30 	.word	0x20013f30

10002ddc <__wrap_exp>:
10002ddc:	b418      	push	{r3, r4}
10002dde:	4b02      	ldr	r3, [pc, #8]	@ (10002de8 <__wrap_exp+0xc>)
10002de0:	6cdb      	ldr	r3, [r3, #76]	@ 0x4c
10002de2:	9301      	str	r3, [sp, #4]
10002de4:	bd08      	pop	{r3, pc}
10002de6:	0000      	.short	0x0000
10002de8:	20013f30 	.word	0x20013f30

10002dec <__wrap_log>:
10002dec:	b418      	push	{r3, r4}
10002dee:	4b02      	ldr	r3, [pc, #8]	@ (10002df8 <__wrap_log+0xc>)
10002df0:	6d1b      	ldr	r3, [r3, #80]	@ 0x50
10002df2:	9301      	str	r3, [sp, #4]
10002df4:	bd08      	pop	{r3, pc}
10002df6:	0000      	.short	0x0000
10002df8:	20013f30 	.word	0x20013f30

10002dfc <missing_double_func_shim>:
10002dfc:	b510      	push	{r4, lr}
10002dfe:	4801      	ldr	r0, [pc, #4]	@ (10002e04 <missing_double_func_shim+0x8>)
10002e00:	f7fe f9de 	bl	100011c0 <panic>
10002e04:	10008188 	.word	0x10008188

10002e08 <__aeabi_double_init>:
10002e08:	b570      	push	{r4, r5, r6, lr}
10002e0a:	2313      	movs	r3, #19
10002e0c:	781c      	ldrb	r4, [r3, #0]
10002e0e:	2c01      	cmp	r4, #1
10002e10:	d012      	beq.n	10002e38 <__aeabi_double_init+0x30>
10002e12:	2c01      	cmp	r4, #1
10002e14:	dc12      	bgt.n	10002e3c <__aeabi_double_init+0x34>
10002e16:	4b21      	ldr	r3, [pc, #132]	@ (10002e9c <__aeabi_double_init+0x94>)
10002e18:	4a21      	ldr	r2, [pc, #132]	@ (10002ea0 <__aeabi_double_init+0x98>)
10002e1a:	6493      	str	r3, [r2, #72]	@ 0x48
10002e1c:	4821      	ldr	r0, [pc, #132]	@ (10002ea4 <__aeabi_double_init+0x9c>)
10002e1e:	f7ff fb4d 	bl	100024bc <rom_func_lookup>
10002e22:	4b21      	ldr	r3, [pc, #132]	@ (10002ea8 <__aeabi_double_init+0xa0>)
10002e24:	6018      	str	r0, [r3, #0]
10002e26:	bd70      	pop	{r4, r5, r6, pc}
10002e28:	4920      	ldr	r1, [pc, #128]	@ (10002eac <__aeabi_double_init+0xa4>)
10002e2a:	4a1d      	ldr	r2, [pc, #116]	@ (10002ea0 <__aeabi_double_init+0x98>)
10002e2c:	0098      	lsls	r0, r3, #2
10002e2e:	5081      	str	r1, [r0, r2]
10002e30:	3301      	adds	r3, #1
10002e32:	2b1f      	cmp	r3, #31
10002e34:	d9f8      	bls.n	10002e28 <__aeabi_double_init+0x20>
10002e36:	e7ec      	b.n	10002e12 <__aeabi_double_init+0xa>
10002e38:	2300      	movs	r3, #0
10002e3a:	e7fa      	b.n	10002e32 <__aeabi_double_init+0x2a>
10002e3c:	481c      	ldr	r0, [pc, #112]	@ (10002eb0 <__aeabi_double_init+0xa8>)
10002e3e:	f7ff fb45 	bl	100024cc <rom_data_lookup>
10002e42:	0005      	movs	r5, r0
10002e44:	481b      	ldr	r0, [pc, #108]	@ (10002eb4 <__aeabi_double_init+0xac>)
10002e46:	f7ff fb41 	bl	100024cc <rom_data_lookup>
10002e4a:	3802      	subs	r0, #2
10002e4c:	7803      	ldrb	r3, [r0, #0]
10002e4e:	009b      	lsls	r3, r3, #2
10002e50:	2b7f      	cmp	r3, #127	@ 0x7f
10002e52:	dd09      	ble.n	10002e68 <__aeabi_double_init+0x60>
10002e54:	4812      	ldr	r0, [pc, #72]	@ (10002ea0 <__aeabi_double_init+0x98>)
10002e56:	2280      	movs	r2, #128	@ 0x80
10002e58:	0029      	movs	r1, r5
10002e5a:	f000 fc0d 	bl	10003678 <__wrap___aeabi_memcpy>
10002e5e:	2c02      	cmp	r4, #2
10002e60:	d008      	beq.n	10002e74 <__aeabi_double_init+0x6c>
10002e62:	2c02      	cmp	r4, #2
10002e64:	dcda      	bgt.n	10002e1c <__aeabi_double_init+0x14>
10002e66:	e7d6      	b.n	10002e16 <__aeabi_double_init+0xe>
10002e68:	4b13      	ldr	r3, [pc, #76]	@ (10002eb8 <__aeabi_double_init+0xb0>)
10002e6a:	4a14      	ldr	r2, [pc, #80]	@ (10002ebc <__aeabi_double_init+0xb4>)
10002e6c:	4814      	ldr	r0, [pc, #80]	@ (10002ec0 <__aeabi_double_init+0xb8>)
10002e6e:	2133      	movs	r1, #51	@ 0x33
10002e70:	f001 fd06 	bl	10004880 <__assert_func>
10002e74:	4b13      	ldr	r3, [pc, #76]	@ (10002ec4 <__aeabi_double_init+0xbc>)
10002e76:	881a      	ldrh	r2, [r3, #0]
10002e78:	23b5      	movs	r3, #181	@ 0xb5
10002e7a:	021b      	lsls	r3, r3, #8
10002e7c:	429a      	cmp	r2, r3
10002e7e:	d109      	bne.n	10002e94 <__aeabi_double_init+0x8c>
10002e80:	4b11      	ldr	r3, [pc, #68]	@ (10002ec8 <__aeabi_double_init+0xc0>)
10002e82:	881a      	ldrh	r2, [r3, #0]
10002e84:	4b11      	ldr	r3, [pc, #68]	@ (10002ecc <__aeabi_double_init+0xc4>)
10002e86:	429a      	cmp	r2, r3
10002e88:	d104      	bne.n	10002e94 <__aeabi_double_init+0x8c>
10002e8a:	4b11      	ldr	r3, [pc, #68]	@ (10002ed0 <__aeabi_double_init+0xc8>)
10002e8c:	881a      	ldrh	r2, [r3, #0]
10002e8e:	4b11      	ldr	r3, [pc, #68]	@ (10002ed4 <__aeabi_double_init+0xcc>)
10002e90:	429a      	cmp	r2, r3
10002e92:	d0e6      	beq.n	10002e62 <__aeabi_double_init+0x5a>
10002e94:	2000      	movs	r0, #0
10002e96:	f7fe f993 	bl	100011c0 <panic>
10002e9a:	46c0      	nop			@ (mov r8, r8)
10002e9c:	10002ed9 	.word	0x10002ed9
10002ea0:	20013f30 	.word	0x20013f30
10002ea4:	0000334c 	.word	0x0000334c
10002ea8:	20014030 	.word	0x20014030
10002eac:	10002dfd 	.word	0x10002dfd
10002eb0:	00004453 	.word	0x00004453
10002eb4:	00004653 	.word	0x00004653
10002eb8:	100081a0 	.word	0x100081a0
10002ebc:	100089b0 	.word	0x100089b0
10002ec0:	100081e4 	.word	0x100081e4
10002ec4:	00003854 	.word	0x00003854
10002ec8:	000038d8 	.word	0x000038d8
10002ecc:	00004649 	.word	0x00004649
10002ed0:	0000389c 	.word	0x0000389c
10002ed4:	00004659 	.word	0x00004659

10002ed8 <double_table_shim_on_use_helper>:
10002ed8:	b507      	push	{r0, r1, r2, lr}
10002eda:	4660      	mov	r0, ip
10002edc:	2800      	cmp	r0, #0
10002ede:	d100      	bne.n	10002ee2 <double_table_shim_on_use_helper+0xa>
10002ee0:	be00      	bkpt	0x0000
10002ee2:	8801      	ldrh	r1, [r0, #0]
10002ee4:	0a0a      	lsrs	r2, r1, #8
10002ee6:	3002      	adds	r0, #2
10002ee8:	2adf      	cmp	r2, #223	@ 0xdf
10002eea:	d1fa      	bne.n	10002ee2 <double_table_shim_on_use_helper+0xa>
10002eec:	b2c9      	uxtb	r1, r1
10002eee:	0882      	lsrs	r2, r0, #2
10002ef0:	d304      	bcc.n	10002efc <double_table_shim_on_use_helper+0x24>
10002ef2:	8802      	ldrh	r2, [r0, #0]
10002ef4:	8840      	ldrh	r0, [r0, #2]
10002ef6:	0400      	lsls	r0, r0, #16
10002ef8:	4310      	orrs	r0, r2
10002efa:	e000      	b.n	10002efe <double_table_shim_on_use_helper+0x26>
10002efc:	6800      	ldr	r0, [r0, #0]
10002efe:	4a02      	ldr	r2, [pc, #8]	@ (10002f08 <double_table_shim_on_use_helper+0x30>)
10002f00:	5050      	str	r0, [r2, r1]
10002f02:	9003      	str	r0, [sp, #12]
10002f04:	bd07      	pop	{r0, r1, r2, pc}
10002f06:	0000      	.short	0x0000
10002f08:	20013f30 	.word	0x20013f30

10002f0c <__wrap___aeabi_lmul>:
10002f0c:	4351      	muls	r1, r2
10002f0e:	4343      	muls	r3, r0
10002f10:	18c9      	adds	r1, r1, r3
10002f12:	468c      	mov	ip, r1
10002f14:	0c11      	lsrs	r1, r2, #16
10002f16:	b283      	uxth	r3, r0
10002f18:	434b      	muls	r3, r1
10002f1a:	b410      	push	{r4}
10002f1c:	0c04      	lsrs	r4, r0, #16
10002f1e:	4361      	muls	r1, r4
10002f20:	b292      	uxth	r2, r2
10002f22:	b280      	uxth	r0, r0
10002f24:	4350      	muls	r0, r2
10002f26:	4362      	muls	r2, r4
10002f28:	041c      	lsls	r4, r3, #16
10002f2a:	0c1b      	lsrs	r3, r3, #16
10002f2c:	1900      	adds	r0, r0, r4
10002f2e:	bc10      	pop	{r4}
10002f30:	4159      	adcs	r1, r3
10002f32:	0413      	lsls	r3, r2, #16
10002f34:	0c12      	lsrs	r2, r2, #16
10002f36:	18c0      	adds	r0, r0, r3
10002f38:	4151      	adcs	r1, r2
10002f3a:	4461      	add	r1, ip
10002f3c:	4770      	bx	lr
	...

10002f40 <__wrap___aeabi_frsub>:
10002f40:	4048      	eors	r0, r1
10002f42:	4041      	eors	r1, r0
10002f44:	4048      	eors	r0, r1

10002f46 <__wrap___aeabi_fsub>:
10002f46:	4b0e      	ldr	r3, [pc, #56]	@ (10002f80 <__wrap___aeabi_fmul+0x6>)
10002f48:	685b      	ldr	r3, [r3, #4]
10002f4a:	4718      	bx	r3

10002f4c <__wrap___aeabi_fadd>:
10002f4c:	4b0c      	ldr	r3, [pc, #48]	@ (10002f80 <__wrap___aeabi_fmul+0x6>)
10002f4e:	681b      	ldr	r3, [r3, #0]
10002f50:	4718      	bx	r3

10002f52 <__wrap___aeabi_fdiv>:
10002f52:	4a0c      	ldr	r2, [pc, #48]	@ (10002f84 <__wrap___aeabi_fmul+0xa>)
10002f54:	6f93      	ldr	r3, [r2, #120]	@ 0x78
10002f56:	089b      	lsrs	r3, r3, #2
10002f58:	d202      	bcs.n	10002f60 <fdiv_save_state>

10002f5a <fdiv_shim_call>:
10002f5a:	4b09      	ldr	r3, [pc, #36]	@ (10002f80 <__wrap___aeabi_fmul+0x6>)
10002f5c:	68db      	ldr	r3, [r3, #12]
10002f5e:	4718      	bx	r3

10002f60 <fdiv_save_state>:
10002f60:	b5f0      	push	{r4, r5, r6, r7, lr}
10002f62:	6e14      	ldr	r4, [r2, #96]	@ 0x60
10002f64:	6e55      	ldr	r5, [r2, #100]	@ 0x64
10002f66:	6f57      	ldr	r7, [r2, #116]	@ 0x74
10002f68:	6f16      	ldr	r6, [r2, #112]	@ 0x70
10002f6a:	f7ff fff6 	bl	10002f5a <fdiv_shim_call>
10002f6e:	4a05      	ldr	r2, [pc, #20]	@ (10002f84 <__wrap___aeabi_fmul+0xa>)
10002f70:	6614      	str	r4, [r2, #96]	@ 0x60
10002f72:	6655      	str	r5, [r2, #100]	@ 0x64
10002f74:	6757      	str	r7, [r2, #116]	@ 0x74
10002f76:	6716      	str	r6, [r2, #112]	@ 0x70
10002f78:	bdf0      	pop	{r4, r5, r6, r7, pc}

10002f7a <__wrap___aeabi_fmul>:
10002f7a:	4b01      	ldr	r3, [pc, #4]	@ (10002f80 <__wrap___aeabi_fmul+0x6>)
10002f7c:	689b      	ldr	r3, [r3, #8]
10002f7e:	4718      	bx	r3
10002f80:	20014034 	.word	0x20014034
10002f84:	d0000000 	.word	0xd0000000

10002f88 <__wrap___aeabi_cfrcmple>:
10002f88:	b507      	push	{r0, r1, r2, lr}
10002f8a:	4048      	eors	r0, r1
10002f8c:	4041      	eors	r1, r0
10002f8e:	4048      	eors	r0, r1
10002f90:	e001      	b.n	10002f96 <__aeabi_cfcmple_guts>
10002f92:	46c0      	nop			@ (mov r8, r8)

10002f94 <__wrap___aeabi_cfcmpeq>:
10002f94:	b507      	push	{r0, r1, r2, lr}

10002f96 <__aeabi_cfcmple_guts>:
10002f96:	0042      	lsls	r2, r0, #1
10002f98:	0e12      	lsrs	r2, r2, #24
10002f9a:	d003      	beq.n	10002fa4 <__aeabi_cfcmple_guts+0xe>
10002f9c:	2aff      	cmp	r2, #255	@ 0xff
10002f9e:	d103      	bne.n	10002fa8 <__aeabi_cfcmple_guts+0x12>
10002fa0:	0242      	lsls	r2, r0, #9
10002fa2:	d818      	bhi.n	10002fd6 <__aeabi_cfcmple_guts+0x40>
10002fa4:	0dc0      	lsrs	r0, r0, #23
10002fa6:	05c0      	lsls	r0, r0, #23
10002fa8:	004a      	lsls	r2, r1, #1
10002faa:	0e12      	lsrs	r2, r2, #24
10002fac:	d003      	beq.n	10002fb6 <__aeabi_cfcmple_guts+0x20>
10002fae:	2aff      	cmp	r2, #255	@ 0xff
10002fb0:	d103      	bne.n	10002fba <__aeabi_cfcmple_guts+0x24>
10002fb2:	024a      	lsls	r2, r1, #9
10002fb4:	d80f      	bhi.n	10002fd6 <__aeabi_cfcmple_guts+0x40>
10002fb6:	0dc9      	lsrs	r1, r1, #23
10002fb8:	05c9      	lsls	r1, r1, #23
10002fba:	2201      	movs	r2, #1
10002fbc:	4041      	eors	r1, r0
10002fbe:	d405      	bmi.n	10002fcc <__aeabi_cfcmple_guts+0x36>
10002fc0:	4041      	eors	r1, r0
10002fc2:	d501      	bpl.n	10002fc8 <__aeabi_cfcmple_guts+0x32>
10002fc4:	4281      	cmp	r1, r0
10002fc6:	bd07      	pop	{r0, r1, r2, pc}
10002fc8:	4288      	cmp	r0, r1
10002fca:	bd07      	pop	{r0, r1, r2, pc}
10002fcc:	4301      	orrs	r1, r0
10002fce:	1849      	adds	r1, r1, r1
10002fd0:	d001      	beq.n	10002fd6 <__aeabi_cfcmple_guts+0x40>
10002fd2:	43c0      	mvns	r0, r0
10002fd4:	1800      	adds	r0, r0, r0
10002fd6:	bd07      	pop	{r0, r1, r2, pc}

10002fd8 <__wrap___aeabi_fcmpeq>:
10002fd8:	b500      	push	{lr}
10002fda:	f7ff ffdb 	bl	10002f94 <__wrap___aeabi_cfcmpeq>
10002fde:	d001      	beq.n	10002fe4 <__wrap___aeabi_fcmpeq+0xc>
10002fe0:	2000      	movs	r0, #0
10002fe2:	bd00      	pop	{pc}
10002fe4:	2001      	movs	r0, #1
10002fe6:	bd00      	pop	{pc}

10002fe8 <__wrap___aeabi_fcmplt>:
10002fe8:	b500      	push	{lr}
10002fea:	f7ff ffd3 	bl	10002f94 <__wrap___aeabi_cfcmpeq>
10002fee:	4180      	sbcs	r0, r0
10002ff0:	bd00      	pop	{pc}
10002ff2:	46c0      	nop			@ (mov r8, r8)

10002ff4 <__wrap___aeabi_fcmple>:
10002ff4:	b500      	push	{lr}
10002ff6:	f7ff ffcd 	bl	10002f94 <__wrap___aeabi_cfcmpeq>
10002ffa:	d901      	bls.n	10003000 <__wrap___aeabi_fcmple+0xc>
10002ffc:	2000      	movs	r0, #0
10002ffe:	bd00      	pop	{pc}
10003000:	2001      	movs	r0, #1
10003002:	bd00      	pop	{pc}

10003004 <__wrap___aeabi_fcmpge>:
10003004:	b500      	push	{lr}
10003006:	f7ff ffbf 	bl	10002f88 <__wrap___aeabi_cfrcmple>
1000300a:	d901      	bls.n	10003010 <__wrap___aeabi_fcmpge+0xc>
1000300c:	2000      	movs	r0, #0
1000300e:	bd00      	pop	{pc}
10003010:	2001      	movs	r0, #1
10003012:	bd00      	pop	{pc}

10003014 <__wrap___aeabi_fcmpgt>:
10003014:	b500      	push	{lr}
10003016:	f7ff ffb7 	bl	10002f88 <__wrap___aeabi_cfrcmple>
1000301a:	4180      	sbcs	r0, r0
1000301c:	bd00      	pop	{pc}
	...

10003020 <__wrap___aeabi_i2f>:
10003020:	0fc1      	lsrs	r1, r0, #31
10003022:	07c9      	lsls	r1, r1, #31
10003024:	d500      	bpl.n	10003028 <__wrap___aeabi_i2f+0x8>
10003026:	4240      	negs	r0, r0
10003028:	2800      	cmp	r0, #0
1000302a:	d017      	beq.n	1000305c <__aeabi_i2f_main+0x30>

1000302c <__aeabi_i2f_main>:
1000302c:	46f4      	mov	ip, lr
1000302e:	b403      	push	{r0, r1}
10003030:	4b0b      	ldr	r3, [pc, #44]	@ (10003060 <__aeabi_i2f_main+0x34>)
10003032:	681b      	ldr	r3, [r3, #0]
10003034:	4798      	blx	r3
10003036:	bc06      	pop	{r1, r2}
10003038:	4081      	lsls	r1, r0
1000303a:	389e      	subs	r0, #158	@ 0x9e
1000303c:	4240      	negs	r0, r0
1000303e:	3180      	adds	r1, #128	@ 0x80
10003040:	d207      	bcs.n	10003052 <__aeabi_i2f_main+0x26>
10003042:	060b      	lsls	r3, r1, #24
10003044:	d007      	beq.n	10003056 <__aeabi_i2f_main+0x2a>
10003046:	0049      	lsls	r1, r1, #1
10003048:	0a49      	lsrs	r1, r1, #9
1000304a:	05c0      	lsls	r0, r0, #23
1000304c:	4310      	orrs	r0, r2
1000304e:	4308      	orrs	r0, r1
10003050:	4760      	bx	ip
10003052:	3001      	adds	r0, #1
10003054:	e7f8      	b.n	10003048 <__aeabi_i2f_main+0x1c>
10003056:	0a49      	lsrs	r1, r1, #9
10003058:	0289      	lsls	r1, r1, #10
1000305a:	e7f5      	b.n	10003048 <__aeabi_i2f_main+0x1c>
1000305c:	4770      	bx	lr
1000305e:	0000      	.short	0x0000
10003060:	20014030 	.word	0x20014030

10003064 <__wrap___aeabi_f2iz>:
10003064:	0041      	lsls	r1, r0, #1
10003066:	0e0a      	lsrs	r2, r1, #24
10003068:	2380      	movs	r3, #128	@ 0x80
1000306a:	061b      	lsls	r3, r3, #24
1000306c:	2a7e      	cmp	r2, #126	@ 0x7e
1000306e:	dd0b      	ble.n	10003088 <__wrap___aeabi_f2iz+0x24>
10003070:	3a9e      	subs	r2, #158	@ 0x9e
10003072:	da0b      	bge.n	1000308c <__wrap___aeabi_f2iz+0x28>
10003074:	17c1      	asrs	r1, r0, #31
10003076:	0240      	lsls	r0, r0, #9
10003078:	0840      	lsrs	r0, r0, #1
1000307a:	4318      	orrs	r0, r3
1000307c:	4252      	negs	r2, r2
1000307e:	40d0      	lsrs	r0, r2
10003080:	0049      	lsls	r1, r1, #1
10003082:	3101      	adds	r1, #1
10003084:	4348      	muls	r0, r1
10003086:	4770      	bx	lr
10003088:	2000      	movs	r0, #0
1000308a:	4770      	bx	lr
1000308c:	0fc0      	lsrs	r0, r0, #31
1000308e:	18c0      	adds	r0, r0, r3
10003090:	3801      	subs	r0, #1
10003092:	4770      	bx	lr
10003094:	42c0      	cmn	r0, r0
10003096:	d30d      	bcc.n	100030b4 <float2int>
10003098:	b500      	push	{lr}
1000309a:	0040      	lsls	r0, r0, #1
1000309c:	0840      	lsrs	r0, r0, #1
1000309e:	2100      	movs	r1, #0
100030a0:	f000 f80e 	bl	100030c0 <__wrap___aeabi_f2uiz>
100030a4:	2800      	cmp	r0, #0
100030a6:	d401      	bmi.n	100030ac <__wrap___aeabi_f2iz+0x48>
100030a8:	4240      	negs	r0, r0
100030aa:	bd00      	pop	{pc}
100030ac:	2080      	movs	r0, #128	@ 0x80
100030ae:	0600      	lsls	r0, r0, #24
100030b0:	bd00      	pop	{pc}
	...

100030b4 <float2int>:
100030b4:	4b01      	ldr	r3, [pc, #4]	@ (100030bc <float2int+0x8>)
100030b6:	69db      	ldr	r3, [r3, #28]
100030b8:	4718      	bx	r3
100030ba:	0000      	.short	0x0000
100030bc:	20014034 	.word	0x20014034

100030c0 <__wrap___aeabi_f2uiz>:
100030c0:	4b01      	ldr	r3, [pc, #4]	@ (100030c8 <__wrap___aeabi_f2uiz+0x8>)
100030c2:	6a5b      	ldr	r3, [r3, #36]	@ 0x24
100030c4:	4718      	bx	r3
100030c6:	0000      	.short	0x0000
100030c8:	20014034 	.word	0x20014034

100030cc <fix2float>:
100030cc:	4b01      	ldr	r3, [pc, #4]	@ (100030d4 <fix2float+0x8>)
100030ce:	6b1b      	ldr	r3, [r3, #48]	@ 0x30
100030d0:	4718      	bx	r3
100030d2:	0000      	.short	0x0000
100030d4:	20014034 	.word	0x20014034

100030d8 <__wrap___aeabi_f2d>:
100030d8:	4b01      	ldr	r3, [pc, #4]	@ (100030e0 <__wrap___aeabi_f2d+0x8>)
100030da:	6fdb      	ldr	r3, [r3, #124]	@ 0x7c
100030dc:	4718      	bx	r3
100030de:	0000      	.short	0x0000
100030e0:	20014034 	.word	0x20014034

100030e4 <__wrap_sqrtf>:
100030e4:	4b01      	ldr	r3, [pc, #4]	@ (100030ec <__wrap_sqrtf+0x8>)
100030e6:	699b      	ldr	r3, [r3, #24]
100030e8:	4718      	bx	r3
100030ea:	0000      	.short	0x0000
100030ec:	20014034 	.word	0x20014034

100030f0 <__wrap_cosf>:
100030f0:	0041      	lsls	r1, r0, #1
100030f2:	0e09      	lsrs	r1, r1, #24
100030f4:	2986      	cmp	r1, #134	@ 0x86
100030f6:	da02      	bge.n	100030fe <__wrap_cosf+0xe>
100030f8:	4b04      	ldr	r3, [pc, #16]	@ (1000310c <__wrap_cosf+0x1c>)
100030fa:	6bdb      	ldr	r3, [r3, #60]	@ 0x3c
100030fc:	4718      	bx	r3
100030fe:	4904      	ldr	r1, [pc, #16]	@ (10003110 <__wrap_cosf+0x20>)
10003100:	b500      	push	{lr}
10003102:	f000 faa6 	bl	10003652 <__wrap_remainderf>
10003106:	bc02      	pop	{r1}
10003108:	468e      	mov	lr, r1
1000310a:	e7f5      	b.n	100030f8 <__wrap_cosf+0x8>
1000310c:	20014034 	.word	0x20014034
10003110:	40c90fdb 	.word	0x40c90fdb

10003114 <__wrap_sinf>:
10003114:	0041      	lsls	r1, r0, #1
10003116:	0e09      	lsrs	r1, r1, #24
10003118:	2986      	cmp	r1, #134	@ 0x86
1000311a:	da02      	bge.n	10003122 <__wrap_sinf+0xe>
1000311c:	4b04      	ldr	r3, [pc, #16]	@ (10003130 <__wrap_sinf+0x1c>)
1000311e:	6c1b      	ldr	r3, [r3, #64]	@ 0x40
10003120:	4718      	bx	r3
10003122:	4904      	ldr	r1, [pc, #16]	@ (10003134 <__wrap_sinf+0x20>)
10003124:	b500      	push	{lr}
10003126:	f000 fa94 	bl	10003652 <__wrap_remainderf>
1000312a:	bc02      	pop	{r1}
1000312c:	468e      	mov	lr, r1
1000312e:	e7f5      	b.n	1000311c <__wrap_sinf+0x8>
10003130:	20014034 	.word	0x20014034
10003134:	40c90fdb 	.word	0x40c90fdb

10003138 <__wrap_logf>:
10003138:	4b01      	ldr	r3, [pc, #4]	@ (10003140 <__wrap_logf+0x8>)
1000313a:	6d1b      	ldr	r3, [r3, #80]	@ 0x50
1000313c:	4718      	bx	r3
1000313e:	0000      	.short	0x0000
10003140:	20014034 	.word	0x20014034

10003144 <missing_float_func_shim>:
10003144:	b510      	push	{r4, lr}
10003146:	4801      	ldr	r0, [pc, #4]	@ (1000314c <missing_float_func_shim+0x8>)
10003148:	f7fe f83a 	bl	100011c0 <panic>
1000314c:	10008338 	.word	0x10008338

10003150 <__aeabi_float_init>:
10003150:	b570      	push	{r4, r5, r6, lr}
10003152:	2313      	movs	r3, #19
10003154:	781e      	ldrb	r6, [r3, #0]
10003156:	4818      	ldr	r0, [pc, #96]	@ (100031b8 <__aeabi_float_init+0x68>)
10003158:	f7ff f9b8 	bl	100024cc <rom_data_lookup>
1000315c:	0005      	movs	r5, r0
1000315e:	2e01      	cmp	r6, #1
10003160:	d011      	beq.n	10003186 <__aeabi_float_init+0x36>
10003162:	2e01      	cmp	r6, #1
10003164:	dd09      	ble.n	1000317a <__aeabi_float_init+0x2a>
10003166:	1eab      	subs	r3, r5, #2
10003168:	781b      	ldrb	r3, [r3, #0]
1000316a:	009b      	lsls	r3, r3, #2
1000316c:	2b7f      	cmp	r3, #127	@ 0x7f
1000316e:	dd1d      	ble.n	100031ac <__aeabi_float_init+0x5c>
10003170:	4812      	ldr	r0, [pc, #72]	@ (100031bc <__aeabi_float_init+0x6c>)
10003172:	2280      	movs	r2, #128	@ 0x80
10003174:	0029      	movs	r1, r5
10003176:	f000 fa7f 	bl	10003678 <__wrap___aeabi_memcpy>
1000317a:	4811      	ldr	r0, [pc, #68]	@ (100031c0 <__aeabi_float_init+0x70>)
1000317c:	f7ff f99e 	bl	100024bc <rom_func_lookup>
10003180:	4b10      	ldr	r3, [pc, #64]	@ (100031c4 <__aeabi_float_init+0x74>)
10003182:	6018      	str	r0, [r3, #0]
10003184:	bd70      	pop	{r4, r5, r6, pc}
10003186:	480d      	ldr	r0, [pc, #52]	@ (100031bc <__aeabi_float_init+0x6c>)
10003188:	2254      	movs	r2, #84	@ 0x54
1000318a:	0029      	movs	r1, r5
1000318c:	f000 fa74 	bl	10003678 <__wrap___aeabi_memcpy>
10003190:	2300      	movs	r3, #0
10003192:	e000      	b.n	10003196 <__aeabi_float_init+0x46>
10003194:	3301      	adds	r3, #1
10003196:	2b1f      	cmp	r3, #31
10003198:	d8e3      	bhi.n	10003162 <__aeabi_float_init+0x12>
1000319a:	4a08      	ldr	r2, [pc, #32]	@ (100031bc <__aeabi_float_init+0x6c>)
1000319c:	009c      	lsls	r4, r3, #2
1000319e:	58a2      	ldr	r2, [r4, r2]
100031a0:	2a00      	cmp	r2, #0
100031a2:	d1f7      	bne.n	10003194 <__aeabi_float_init+0x44>
100031a4:	4908      	ldr	r1, [pc, #32]	@ (100031c8 <__aeabi_float_init+0x78>)
100031a6:	4a05      	ldr	r2, [pc, #20]	@ (100031bc <__aeabi_float_init+0x6c>)
100031a8:	50a1      	str	r1, [r4, r2]
100031aa:	e7f3      	b.n	10003194 <__aeabi_float_init+0x44>
100031ac:	4b07      	ldr	r3, [pc, #28]	@ (100031cc <__aeabi_float_init+0x7c>)
100031ae:	4a08      	ldr	r2, [pc, #32]	@ (100031d0 <__aeabi_float_init+0x80>)
100031b0:	4808      	ldr	r0, [pc, #32]	@ (100031d4 <__aeabi_float_init+0x84>)
100031b2:	2142      	movs	r1, #66	@ 0x42
100031b4:	f001 fb64 	bl	10004880 <__assert_func>
100031b8:	00004653 	.word	0x00004653
100031bc:	20014034 	.word	0x20014034
100031c0:	0000334c 	.word	0x0000334c
100031c4:	20014030 	.word	0x20014030
100031c8:	10003145 	.word	0x10003145
100031cc:	10008240 	.word	0x10008240
100031d0:	100089c4 	.word	0x100089c4
100031d4:	10008274 	.word	0x10008274

100031d8 <fisint>:
100031d8:	0dc2      	lsrs	r2, r0, #23
100031da:	21ff      	movs	r1, #255	@ 0xff
100031dc:	000b      	movs	r3, r1
100031de:	4013      	ands	r3, r2
100031e0:	4211      	tst	r1, r2
100031e2:	d00d      	beq.n	10003200 <fisint+0x28>
100031e4:	3b7f      	subs	r3, #127	@ 0x7f
100031e6:	d40d      	bmi.n	10003204 <fisint+0x2c>
100031e8:	2217      	movs	r2, #23
100031ea:	1ad3      	subs	r3, r2, r3
100031ec:	2b00      	cmp	r3, #0
100031ee:	dd0b      	ble.n	10003208 <fisint+0x30>
100031f0:	3a16      	subs	r2, #22
100031f2:	409a      	lsls	r2, r3
100031f4:	0013      	movs	r3, r2
100031f6:	3b01      	subs	r3, #1
100031f8:	4203      	tst	r3, r0
100031fa:	d107      	bne.n	1000320c <fisint+0x34>
100031fc:	2001      	movs	r0, #1
100031fe:	e000      	b.n	10003202 <fisint+0x2a>
10003200:	2001      	movs	r0, #1
10003202:	4770      	bx	lr
10003204:	2000      	movs	r0, #0
10003206:	e7fc      	b.n	10003202 <fisint+0x2a>
10003208:	2001      	movs	r0, #1
1000320a:	e7fa      	b.n	10003202 <fisint+0x2a>
1000320c:	2000      	movs	r0, #0
1000320e:	e7f8      	b.n	10003202 <fisint+0x2a>

10003210 <fisoddint>:
10003210:	0dc2      	lsrs	r2, r0, #23
10003212:	23ff      	movs	r3, #255	@ 0xff
10003214:	4013      	ands	r3, r2
10003216:	3b7f      	subs	r3, #127	@ 0x7f
10003218:	d40d      	bmi.n	10003236 <fisoddint+0x26>
1000321a:	2217      	movs	r2, #23
1000321c:	1ad3      	subs	r3, r2, r3
1000321e:	d40c      	bmi.n	1000323a <fisoddint+0x2a>
10003220:	3a16      	subs	r2, #22
10003222:	409a      	lsls	r2, r3
10003224:	3a01      	subs	r2, #1
10003226:	4202      	tst	r2, r0
10003228:	d109      	bne.n	1000323e <fisoddint+0x2e>
1000322a:	2b17      	cmp	r3, #23
1000322c:	d009      	beq.n	10003242 <fisoddint+0x32>
1000322e:	40d8      	lsrs	r0, r3
10003230:	2301      	movs	r3, #1
10003232:	4018      	ands	r0, r3
10003234:	4770      	bx	lr
10003236:	2000      	movs	r0, #0
10003238:	e7fc      	b.n	10003234 <fisoddint+0x24>
1000323a:	2000      	movs	r0, #0
1000323c:	e7fa      	b.n	10003234 <fisoddint+0x24>
1000323e:	2000      	movs	r0, #0
10003240:	e7f8      	b.n	10003234 <fisoddint+0x24>
10003242:	2001      	movs	r0, #1
10003244:	e7f6      	b.n	10003234 <fisoddint+0x24>

10003246 <fispo2>:
10003246:	23ff      	movs	r3, #255	@ 0xff
10003248:	05db      	lsls	r3, r3, #23
1000324a:	001a      	movs	r2, r3
1000324c:	4002      	ands	r2, r0
1000324e:	4203      	tst	r3, r0
10003250:	d005      	beq.n	1000325e <fispo2+0x18>
10003252:	429a      	cmp	r2, r3
10003254:	d005      	beq.n	10003262 <fispo2+0x1c>
10003256:	0240      	lsls	r0, r0, #9
10003258:	4243      	negs	r3, r0
1000325a:	4158      	adcs	r0, r3
1000325c:	4770      	bx	lr
1000325e:	2000      	movs	r0, #0
10003260:	e7fc      	b.n	1000325c <fispo2+0x16>
10003262:	2000      	movs	r0, #0
10003264:	e7fa      	b.n	1000325c <fispo2+0x16>

10003266 <fpow_int2>:
10003266:	b570      	push	{r4, r5, r6, lr}
10003268:	1c05      	adds	r5, r0, #0
1000326a:	000c      	movs	r4, r1
1000326c:	2901      	cmp	r1, #1
1000326e:	d00c      	beq.n	1000328a <fpow_int2+0x24>
10003270:	0fc9      	lsrs	r1, r1, #31
10003272:	1909      	adds	r1, r1, r4
10003274:	1049      	asrs	r1, r1, #1
10003276:	f7ff fff6 	bl	10003266 <fpow_int2>
1000327a:	1c01      	adds	r1, r0, #0
1000327c:	f7ff fe7d 	bl	10002f7a <__wrap___aeabi_fmul>
10003280:	07e4      	lsls	r4, r4, #31
10003282:	d502      	bpl.n	1000328a <fpow_int2+0x24>
10003284:	1c29      	adds	r1, r5, #0
10003286:	f7ff fe78 	bl	10002f7a <__wrap___aeabi_fmul>
1000328a:	bd70      	pop	{r4, r5, r6, pc}

1000328c <fpowint_1>:
1000328c:	b510      	push	{r4, lr}
1000328e:	1e0c      	subs	r4, r1, #0
10003290:	db03      	blt.n	1000329a <fpowint_1+0xe>
10003292:	0021      	movs	r1, r4
10003294:	f7ff ffe7 	bl	10003266 <fpow_int2>
10003298:	bd10      	pop	{r4, pc}
1000329a:	1c01      	adds	r1, r0, #0
1000329c:	20fe      	movs	r0, #254	@ 0xfe
1000329e:	0580      	lsls	r0, r0, #22
100032a0:	f7ff fe57 	bl	10002f52 <__wrap___aeabi_fdiv>
100032a4:	4264      	negs	r4, r4
100032a6:	e7f4      	b.n	10003292 <fpowint_1+0x6>

100032a8 <frem_0>:
100032a8:	b5f0      	push	{r4, r5, r6, r7, lr}
100032aa:	46c6      	mov	lr, r8
100032ac:	b500      	push	{lr}
100032ae:	0005      	movs	r5, r0
100032b0:	000f      	movs	r7, r1
100032b2:	1e16      	subs	r6, r2, #0
100032b4:	4698      	mov	r8, r3
100032b6:	dd1b      	ble.n	100032f0 <frem_0+0x48>
100032b8:	11c9      	asrs	r1, r1, #7
100032ba:	2001      	movs	r0, #1
100032bc:	4240      	negs	r0, r0
100032be:	f7ff fa77 	bl	100027b0 <__wrap___aeabi_uidiv>
100032c2:	2200      	movs	r2, #0
100032c4:	e00e      	b.n	100032e4 <frem_0+0x3c>
100032c6:	230c      	movs	r3, #12
100032c8:	126c      	asrs	r4, r5, #9
100032ca:	4344      	muls	r4, r0
100032cc:	211d      	movs	r1, #29
100032ce:	1ac9      	subs	r1, r1, r3
100032d0:	410c      	asrs	r4, r1
100032d2:	3401      	adds	r4, #1
100032d4:	1064      	asrs	r4, r4, #1
100032d6:	409d      	lsls	r5, r3
100032d8:	0021      	movs	r1, r4
100032da:	4379      	muls	r1, r7
100032dc:	1a6d      	subs	r5, r5, r1
100032de:	409a      	lsls	r2, r3
100032e0:	1912      	adds	r2, r2, r4
100032e2:	1af6      	subs	r6, r6, r3
100032e4:	2e00      	cmp	r6, #0
100032e6:	dd05      	ble.n	100032f4 <frem_0+0x4c>
100032e8:	2e0c      	cmp	r6, #12
100032ea:	dcec      	bgt.n	100032c6 <frem_0+0x1e>
100032ec:	0033      	movs	r3, r6
100032ee:	e7eb      	b.n	100032c8 <frem_0+0x20>
100032f0:	2000      	movs	r0, #0
100032f2:	e7e6      	b.n	100032c2 <frem_0+0x1a>
100032f4:	42bd      	cmp	r5, r7
100032f6:	db01      	blt.n	100032fc <frem_0+0x54>
100032f8:	1bed      	subs	r5, r5, r7
100032fa:	3201      	adds	r2, #1
100032fc:	42bd      	cmp	r5, r7
100032fe:	db01      	blt.n	10003304 <frem_0+0x5c>
10003300:	1bed      	subs	r5, r5, r7
10003302:	3201      	adds	r2, #1
10003304:	2d00      	cmp	r5, #0
10003306:	db07      	blt.n	10003318 <frem_0+0x70>
10003308:	4643      	mov	r3, r8
1000330a:	2b00      	cmp	r3, #0
1000330c:	d000      	beq.n	10003310 <frem_0+0x68>
1000330e:	601a      	str	r2, [r3, #0]
10003310:	0028      	movs	r0, r5
10003312:	bc80      	pop	{r7}
10003314:	46b8      	mov	r8, r7
10003316:	bdf0      	pop	{r4, r5, r6, r7, pc}
10003318:	3a01      	subs	r2, #1
1000331a:	19ed      	adds	r5, r5, r7
1000331c:	d5f4      	bpl.n	10003308 <frem_0+0x60>
1000331e:	19ed      	adds	r5, r5, r7
10003320:	3a01      	subs	r2, #1
10003322:	e7f1      	b.n	10003308 <frem_0+0x60>

10003324 <fpow_1>:
10003324:	b570      	push	{r4, r5, r6, lr}
10003326:	1c0e      	adds	r6, r1, #0
10003328:	f7ff fed6 	bl	100030d8 <__wrap___aeabi_f2d>
1000332c:	f7ff fd5e 	bl	10002dec <__wrap_log>
10003330:	0004      	movs	r4, r0
10003332:	000d      	movs	r5, r1
10003334:	1c30      	adds	r0, r6, #0
10003336:	f7ff fecf 	bl	100030d8 <__wrap___aeabi_f2d>
1000333a:	0002      	movs	r2, r0
1000333c:	000b      	movs	r3, r1
1000333e:	0020      	movs	r0, r4
10003340:	0029      	movs	r1, r5
10003342:	f7ff fc94 	bl	10002c6e <__wrap___aeabi_dmul>
10003346:	f7ff fd49 	bl	10002ddc <__wrap_exp>
1000334a:	f7ff fd3f 	bl	10002dcc <__wrap___aeabi_d2f>
1000334e:	bd70      	pop	{r4, r5, r6, pc}

10003350 <fpow_0>:
10003350:	b5f8      	push	{r3, r4, r5, r6, r7, lr}
10003352:	1c04      	adds	r4, r0, #0
10003354:	1c0e      	adds	r6, r1, #0
10003356:	0fc5      	lsrs	r5, r0, #31
10003358:	2800      	cmp	r0, #0
1000335a:	da16      	bge.n	1000338a <fpow_0+0x3a>
1000335c:	1c08      	adds	r0, r1, #0
1000335e:	f7ff ff57 	bl	10003210 <fisoddint>
10003362:	2800      	cmp	r0, #0
10003364:	d00a      	beq.n	1000337c <fpow_0+0x2c>
10003366:	2380      	movs	r3, #128	@ 0x80
10003368:	061b      	lsls	r3, r3, #24
1000336a:	18e0      	adds	r0, r4, r3
1000336c:	1c31      	adds	r1, r6, #0
1000336e:	f7ff ffef 	bl	10003350 <fpow_0>
10003372:	2380      	movs	r3, #128	@ 0x80
10003374:	061b      	lsls	r3, r3, #24
10003376:	469c      	mov	ip, r3
10003378:	4460      	add	r0, ip
1000337a:	bdf8      	pop	{r3, r4, r5, r6, r7, pc}
1000337c:	2380      	movs	r3, #128	@ 0x80
1000337e:	061b      	lsls	r3, r3, #24
10003380:	18e0      	adds	r0, r4, r3
10003382:	1c31      	adds	r1, r6, #0
10003384:	f7ff ffe4 	bl	10003350 <fpow_0>
10003388:	e7f7      	b.n	1000337a <fpow_0+0x2a>
1000338a:	1c08      	adds	r0, r1, #0
1000338c:	f7ff fe6a 	bl	10003064 <__wrap___aeabi_f2iz>
10003390:	0007      	movs	r7, r0
10003392:	1c20      	adds	r0, r4, #0
10003394:	f7ff ff57 	bl	10003246 <fispo2>
10003398:	2800      	cmp	r0, #0
1000339a:	d10a      	bne.n	100033b2 <fpow_0+0x62>
1000339c:	2f00      	cmp	r7, #0
1000339e:	d029      	beq.n	100033f4 <fpow_0+0xa4>
100033a0:	003b      	movs	r3, r7
100033a2:	3320      	adds	r3, #32
100033a4:	2b40      	cmp	r3, #64	@ 0x40
100033a6:	d920      	bls.n	100033ea <fpow_0+0x9a>
100033a8:	1c31      	adds	r1, r6, #0
100033aa:	1c20      	adds	r0, r4, #0
100033ac:	f7ff ffba 	bl	10003324 <fpow_1>
100033b0:	e7e3      	b.n	1000337a <fpow_0+0x2a>
100033b2:	0de4      	lsrs	r4, r4, #23
100033b4:	20ff      	movs	r0, #255	@ 0xff
100033b6:	4020      	ands	r0, r4
100033b8:	387f      	subs	r0, #127	@ 0x7f
100033ba:	2fff      	cmp	r7, #255	@ 0xff
100033bc:	dc04      	bgt.n	100033c8 <fpow_0+0x78>
100033be:	4b0f      	ldr	r3, [pc, #60]	@ (100033fc <fpow_0+0xac>)
100033c0:	429f      	cmp	r7, r3
100033c2:	da02      	bge.n	100033ca <fpow_0+0x7a>
100033c4:	4f0d      	ldr	r7, [pc, #52]	@ (100033fc <fpow_0+0xac>)
100033c6:	e000      	b.n	100033ca <fpow_0+0x7a>
100033c8:	27ff      	movs	r7, #255	@ 0xff
100033ca:	4378      	muls	r0, r7
100033cc:	0003      	movs	r3, r0
100033ce:	337f      	adds	r3, #127	@ 0x7f
100033d0:	2b00      	cmp	r3, #0
100033d2:	dd08      	ble.n	100033e6 <fpow_0+0x96>
100033d4:	2bfe      	cmp	r3, #254	@ 0xfe
100033d6:	dc04      	bgt.n	100033e2 <fpow_0+0x92>
100033d8:	05c0      	lsls	r0, r0, #23
100033da:	23fe      	movs	r3, #254	@ 0xfe
100033dc:	059b      	lsls	r3, r3, #22
100033de:	18c5      	adds	r5, r0, r3
100033e0:	e001      	b.n	100033e6 <fpow_0+0x96>
100033e2:	25ff      	movs	r5, #255	@ 0xff
100033e4:	05ed      	lsls	r5, r5, #23
100033e6:	1c28      	adds	r0, r5, #0
100033e8:	e7c7      	b.n	1000337a <fpow_0+0x2a>
100033ea:	0039      	movs	r1, r7
100033ec:	1c20      	adds	r0, r4, #0
100033ee:	f7ff ff4d 	bl	1000328c <fpowint_1>
100033f2:	e7c2      	b.n	1000337a <fpow_0+0x2a>
100033f4:	20fe      	movs	r0, #254	@ 0xfe
100033f6:	0580      	lsls	r0, r0, #22
100033f8:	e7bf      	b.n	1000337a <fpow_0+0x2a>
100033fa:	46c0      	nop			@ (mov r8, r8)
100033fc:	ffffff00 	.word	0xffffff00

10003400 <__wrap_floorf>:
10003400:	b510      	push	{r4, lr}
10003402:	0003      	movs	r3, r0
10003404:	0dc1      	lsrs	r1, r0, #23
10003406:	24ff      	movs	r4, #255	@ 0xff
10003408:	0022      	movs	r2, r4
1000340a:	400a      	ands	r2, r1
1000340c:	420c      	tst	r4, r1
1000340e:	d00e      	beq.n	1000342e <__wrap_floorf+0x2e>
10003410:	3a7f      	subs	r2, #127	@ 0x7f
10003412:	d40f      	bmi.n	10003434 <__wrap_floorf+0x34>
10003414:	2117      	movs	r1, #23
10003416:	1a89      	subs	r1, r1, r2
10003418:	2900      	cmp	r1, #0
1000341a:	dd0a      	ble.n	10003432 <__wrap_floorf+0x32>
1000341c:	2201      	movs	r2, #1
1000341e:	408a      	lsls	r2, r1
10003420:	1e51      	subs	r1, r2, #1
10003422:	2800      	cmp	r0, #0
10003424:	da00      	bge.n	10003428 <__wrap_floorf+0x28>
10003426:	180b      	adds	r3, r1, r0
10003428:	4250      	negs	r0, r2
1000342a:	4018      	ands	r0, r3
1000342c:	e001      	b.n	10003432 <__wrap_floorf+0x32>
1000342e:	0fc0      	lsrs	r0, r0, #31
10003430:	07c0      	lsls	r0, r0, #31
10003432:	bd10      	pop	{r4, pc}
10003434:	2800      	cmp	r0, #0
10003436:	da01      	bge.n	1000343c <__wrap_floorf+0x3c>
10003438:	4801      	ldr	r0, [pc, #4]	@ (10003440 <__wrap_floorf+0x40>)
1000343a:	e7fa      	b.n	10003432 <__wrap_floorf+0x32>
1000343c:	2000      	movs	r0, #0
1000343e:	e7f8      	b.n	10003432 <__wrap_floorf+0x32>
10003440:	bf800000 	.word	0xbf800000

10003444 <__wrap_log10f>:
10003444:	b510      	push	{r4, lr}
10003446:	f7ff fe77 	bl	10003138 <__wrap_logf>
1000344a:	4902      	ldr	r1, [pc, #8]	@ (10003454 <__wrap_log10f+0x10>)
1000344c:	f7ff fd95 	bl	10002f7a <__wrap___aeabi_fmul>
10003450:	bd10      	pop	{r4, pc}
10003452:	46c0      	nop			@ (mov r8, r8)
10003454:	3ede5bd9 	.word	0x3ede5bd9

10003458 <__wrap_powf>:
10003458:	b570      	push	{r4, r5, r6, lr}
1000345a:	1c04      	adds	r4, r0, #0
1000345c:	1c0d      	adds	r5, r1, #0
1000345e:	21fe      	movs	r1, #254	@ 0xfe
10003460:	0589      	lsls	r1, r1, #22
10003462:	f7ff fdb9 	bl	10002fd8 <__wrap___aeabi_fcmpeq>
10003466:	2800      	cmp	r0, #0
10003468:	d11c      	bne.n	100034a4 <__wrap_powf+0x4c>
1000346a:	23ff      	movs	r3, #255	@ 0xff
1000346c:	05db      	lsls	r3, r3, #23
1000346e:	001e      	movs	r6, r3
10003470:	402e      	ands	r6, r5
10003472:	422b      	tst	r3, r5
10003474:	d016      	beq.n	100034a4 <__wrap_powf+0x4c>
10003476:	493d      	ldr	r1, [pc, #244]	@ (1000356c <__wrap_powf+0x114>)
10003478:	1c20      	adds	r0, r4, #0
1000347a:	f7ff fdad 	bl	10002fd8 <__wrap___aeabi_fcmpeq>
1000347e:	2800      	cmp	r0, #0
10003480:	d003      	beq.n	1000348a <__wrap_powf+0x32>
10003482:	23ff      	movs	r3, #255	@ 0xff
10003484:	05db      	lsls	r3, r3, #23
10003486:	429e      	cmp	r6, r3
10003488:	d05b      	beq.n	10003542 <__wrap_powf+0xea>
1000348a:	23ff      	movs	r3, #255	@ 0xff
1000348c:	05db      	lsls	r3, r3, #23
1000348e:	4223      	tst	r3, r4
10003490:	d116      	bne.n	100034c0 <__wrap_powf+0x68>
10003492:	2d00      	cmp	r5, #0
10003494:	db09      	blt.n	100034aa <__wrap_powf+0x52>
10003496:	1c28      	adds	r0, r5, #0
10003498:	f7ff feba 	bl	10003210 <fisoddint>
1000349c:	2800      	cmp	r0, #0
1000349e:	d053      	beq.n	10003548 <__wrap_powf+0xf0>
100034a0:	1c20      	adds	r0, r4, #0
100034a2:	e001      	b.n	100034a8 <__wrap_powf+0x50>
100034a4:	20fe      	movs	r0, #254	@ 0xfe
100034a6:	0580      	lsls	r0, r0, #22
100034a8:	bd70      	pop	{r4, r5, r6, pc}
100034aa:	1c28      	adds	r0, r5, #0
100034ac:	f7ff feb0 	bl	10003210 <fisoddint>
100034b0:	2800      	cmp	r0, #0
100034b2:	d04b      	beq.n	1000354c <__wrap_powf+0xf4>
100034b4:	0fe3      	lsrs	r3, r4, #31
100034b6:	07db      	lsls	r3, r3, #31
100034b8:	20ff      	movs	r0, #255	@ 0xff
100034ba:	05c0      	lsls	r0, r0, #23
100034bc:	4318      	orrs	r0, r3
100034be:	e7f3      	b.n	100034a8 <__wrap_powf+0x50>
100034c0:	0de3      	lsrs	r3, r4, #23
100034c2:	2bff      	cmp	r3, #255	@ 0xff
100034c4:	d012      	beq.n	100034ec <__wrap_powf+0x94>
100034c6:	4a2a      	ldr	r2, [pc, #168]	@ (10003570 <__wrap_powf+0x118>)
100034c8:	4293      	cmp	r3, r2
100034ca:	d013      	beq.n	100034f4 <__wrap_powf+0x9c>
100034cc:	0dea      	lsrs	r2, r5, #23
100034ce:	2aff      	cmp	r2, #255	@ 0xff
100034d0:	d021      	beq.n	10003516 <__wrap_powf+0xbe>
100034d2:	4927      	ldr	r1, [pc, #156]	@ (10003570 <__wrap_powf+0x118>)
100034d4:	428a      	cmp	r2, r1
100034d6:	d023      	beq.n	10003520 <__wrap_powf+0xc8>
100034d8:	1c28      	adds	r0, r5, #0
100034da:	f7ff fe7d 	bl	100031d8 <fisint>
100034de:	2800      	cmp	r0, #0
100034e0:	d125      	bne.n	1000352e <__wrap_powf+0xd6>
100034e2:	2c00      	cmp	r4, #0
100034e4:	da28      	bge.n	10003538 <__wrap_powf+0xe0>
100034e6:	20ff      	movs	r0, #255	@ 0xff
100034e8:	05c0      	lsls	r0, r0, #23
100034ea:	e7dd      	b.n	100034a8 <__wrap_powf+0x50>
100034ec:	2d00      	cmp	r5, #0
100034ee:	da30      	bge.n	10003552 <__wrap_powf+0xfa>
100034f0:	2000      	movs	r0, #0
100034f2:	e7d9      	b.n	100034a8 <__wrap_powf+0x50>
100034f4:	2d00      	cmp	r5, #0
100034f6:	db06      	blt.n	10003506 <__wrap_powf+0xae>
100034f8:	1c28      	adds	r0, r5, #0
100034fa:	f7ff fe89 	bl	10003210 <fisoddint>
100034fe:	2800      	cmp	r0, #0
10003500:	d02a      	beq.n	10003558 <__wrap_powf+0x100>
10003502:	481c      	ldr	r0, [pc, #112]	@ (10003574 <__wrap_powf+0x11c>)
10003504:	e7d0      	b.n	100034a8 <__wrap_powf+0x50>
10003506:	1c28      	adds	r0, r5, #0
10003508:	f7ff fe82 	bl	10003210 <fisoddint>
1000350c:	2800      	cmp	r0, #0
1000350e:	d026      	beq.n	1000355e <__wrap_powf+0x106>
10003510:	2080      	movs	r0, #128	@ 0x80
10003512:	0600      	lsls	r0, r0, #24
10003514:	e7c8      	b.n	100034a8 <__wrap_powf+0x50>
10003516:	4013      	ands	r3, r2
10003518:	2b7e      	cmp	r3, #126	@ 0x7e
1000351a:	dc22      	bgt.n	10003562 <__wrap_powf+0x10a>
1000351c:	2000      	movs	r0, #0
1000351e:	e7c3      	b.n	100034a8 <__wrap_powf+0x50>
10003520:	22ff      	movs	r2, #255	@ 0xff
10003522:	4013      	ands	r3, r2
10003524:	2b7e      	cmp	r3, #126	@ 0x7e
10003526:	dc1f      	bgt.n	10003568 <__wrap_powf+0x110>
10003528:	20ff      	movs	r0, #255	@ 0xff
1000352a:	05c0      	lsls	r0, r0, #23
1000352c:	e7bc      	b.n	100034a8 <__wrap_powf+0x50>
1000352e:	1c29      	adds	r1, r5, #0
10003530:	1c20      	adds	r0, r4, #0
10003532:	f7ff ff0d 	bl	10003350 <fpow_0>
10003536:	e7b7      	b.n	100034a8 <__wrap_powf+0x50>
10003538:	1c29      	adds	r1, r5, #0
1000353a:	1c20      	adds	r0, r4, #0
1000353c:	f7ff fef2 	bl	10003324 <fpow_1>
10003540:	e7b2      	b.n	100034a8 <__wrap_powf+0x50>
10003542:	20fe      	movs	r0, #254	@ 0xfe
10003544:	0580      	lsls	r0, r0, #22
10003546:	e7af      	b.n	100034a8 <__wrap_powf+0x50>
10003548:	2000      	movs	r0, #0
1000354a:	e7ad      	b.n	100034a8 <__wrap_powf+0x50>
1000354c:	20ff      	movs	r0, #255	@ 0xff
1000354e:	05c0      	lsls	r0, r0, #23
10003550:	e7aa      	b.n	100034a8 <__wrap_powf+0x50>
10003552:	20ff      	movs	r0, #255	@ 0xff
10003554:	05c0      	lsls	r0, r0, #23
10003556:	e7a7      	b.n	100034a8 <__wrap_powf+0x50>
10003558:	20ff      	movs	r0, #255	@ 0xff
1000355a:	05c0      	lsls	r0, r0, #23
1000355c:	e7a4      	b.n	100034a8 <__wrap_powf+0x50>
1000355e:	2000      	movs	r0, #0
10003560:	e7a2      	b.n	100034a8 <__wrap_powf+0x50>
10003562:	20ff      	movs	r0, #255	@ 0xff
10003564:	05c0      	lsls	r0, r0, #23
10003566:	e79f      	b.n	100034a8 <__wrap_powf+0x50>
10003568:	2000      	movs	r0, #0
1000356a:	e79d      	b.n	100034a8 <__wrap_powf+0x50>
1000356c:	bf800000 	.word	0xbf800000
10003570:	000001ff 	.word	0x000001ff
10003574:	ff800000 	.word	0xff800000

10003578 <__wrap_remquof>:
10003578:	b5f0      	push	{r4, r5, r6, r7, lr}
1000357a:	46ce      	mov	lr, r9
1000357c:	4647      	mov	r7, r8
1000357e:	b580      	push	{r7, lr}
10003580:	b083      	sub	sp, #12
10003582:	0016      	movs	r6, r2
10003584:	0fc3      	lsrs	r3, r0, #31
10003586:	4699      	mov	r9, r3
10003588:	0dc3      	lsrs	r3, r0, #23
1000358a:	24ff      	movs	r4, #255	@ 0xff
1000358c:	4023      	ands	r3, r4
1000358e:	0245      	lsls	r5, r0, #9
10003590:	0a6d      	lsrs	r5, r5, #9
10003592:	2280      	movs	r2, #128	@ 0x80
10003594:	0412      	lsls	r2, r2, #16
10003596:	4690      	mov	r8, r2
10003598:	4315      	orrs	r5, r2
1000359a:	0fcf      	lsrs	r7, r1, #31
1000359c:	0dca      	lsrs	r2, r1, #23
1000359e:	4014      	ands	r4, r2
100035a0:	0249      	lsls	r1, r1, #9
100035a2:	0a49      	lsrs	r1, r1, #9
100035a4:	4642      	mov	r2, r8
100035a6:	430a      	orrs	r2, r1
100035a8:	4690      	mov	r8, r2
100035aa:	2e00      	cmp	r6, #0
100035ac:	d001      	beq.n	100035b2 <__wrap_remquof+0x3a>
100035ae:	2100      	movs	r1, #0
100035b0:	6031      	str	r1, [r6, #0]
100035b2:	2bff      	cmp	r3, #255	@ 0xff
100035b4:	d041      	beq.n	1000363a <__wrap_remquof+0xc2>
100035b6:	2c00      	cmp	r4, #0
100035b8:	d042      	beq.n	10003640 <__wrap_remquof+0xc8>
100035ba:	2b00      	cmp	r3, #0
100035bc:	d047      	beq.n	1000364e <__wrap_remquof+0xd6>
100035be:	2cff      	cmp	r4, #255	@ 0xff
100035c0:	d040      	beq.n	10003644 <__wrap_remquof+0xcc>
100035c2:	1e61      	subs	r1, r4, #1
100035c4:	4299      	cmp	r1, r3
100035c6:	dc3d      	bgt.n	10003644 <__wrap_remquof+0xcc>
100035c8:	d023      	beq.n	10003612 <__wrap_remquof+0x9a>
100035ca:	464a      	mov	r2, r9
100035cc:	2a00      	cmp	r2, #0
100035ce:	d000      	beq.n	100035d2 <__wrap_remquof+0x5a>
100035d0:	426d      	negs	r5, r5
100035d2:	1b1a      	subs	r2, r3, r4
100035d4:	ab01      	add	r3, sp, #4
100035d6:	4641      	mov	r1, r8
100035d8:	0028      	movs	r0, r5
100035da:	f7ff fe65 	bl	100032a8 <frem_0>
100035de:	0043      	lsls	r3, r0, #1
100035e0:	4543      	cmp	r3, r8
100035e2:	dc03      	bgt.n	100035ec <__wrap_remquof+0x74>
100035e4:	d107      	bne.n	100035f6 <__wrap_remquof+0x7e>
100035e6:	9b01      	ldr	r3, [sp, #4]
100035e8:	07db      	lsls	r3, r3, #31
100035ea:	d504      	bpl.n	100035f6 <__wrap_remquof+0x7e>
100035ec:	4643      	mov	r3, r8
100035ee:	1ac0      	subs	r0, r0, r3
100035f0:	9b01      	ldr	r3, [sp, #4]
100035f2:	3301      	adds	r3, #1
100035f4:	9301      	str	r3, [sp, #4]
100035f6:	2f00      	cmp	r7, #0
100035f8:	d002      	beq.n	10003600 <__wrap_remquof+0x88>
100035fa:	9b01      	ldr	r3, [sp, #4]
100035fc:	425b      	negs	r3, r3
100035fe:	9301      	str	r3, [sp, #4]
10003600:	2e00      	cmp	r6, #0
10003602:	d001      	beq.n	10003608 <__wrap_remquof+0x90>
10003604:	9b01      	ldr	r3, [sp, #4]
10003606:	6033      	str	r3, [r6, #0]
10003608:	2196      	movs	r1, #150	@ 0x96
1000360a:	1b09      	subs	r1, r1, r4
1000360c:	f7ff fd5e 	bl	100030cc <fix2float>
10003610:	e018      	b.n	10003644 <__wrap_remquof+0xcc>
10003612:	4545      	cmp	r5, r8
10003614:	dd16      	ble.n	10003644 <__wrap_remquof+0xcc>
10003616:	464b      	mov	r3, r9
10003618:	2b00      	cmp	r3, #0
1000361a:	d106      	bne.n	1000362a <__wrap_remquof+0xb2>
1000361c:	4643      	mov	r3, r8
1000361e:	0058      	lsls	r0, r3, #1
10003620:	1a28      	subs	r0, r5, r0
10003622:	2301      	movs	r3, #1
10003624:	9301      	str	r3, [sp, #4]
10003626:	000c      	movs	r4, r1
10003628:	e7e5      	b.n	100035f6 <__wrap_remquof+0x7e>
1000362a:	4643      	mov	r3, r8
1000362c:	0058      	lsls	r0, r3, #1
1000362e:	1b40      	subs	r0, r0, r5
10003630:	2301      	movs	r3, #1
10003632:	425b      	negs	r3, r3
10003634:	9301      	str	r3, [sp, #4]
10003636:	000c      	movs	r4, r1
10003638:	e7dd      	b.n	100035f6 <__wrap_remquof+0x7e>
1000363a:	20ff      	movs	r0, #255	@ 0xff
1000363c:	05c0      	lsls	r0, r0, #23
1000363e:	e001      	b.n	10003644 <__wrap_remquof+0xcc>
10003640:	20ff      	movs	r0, #255	@ 0xff
10003642:	05c0      	lsls	r0, r0, #23
10003644:	b003      	add	sp, #12
10003646:	bcc0      	pop	{r6, r7}
10003648:	46b9      	mov	r9, r7
1000364a:	46b0      	mov	r8, r6
1000364c:	bdf0      	pop	{r4, r5, r6, r7, pc}
1000364e:	2000      	movs	r0, #0
10003650:	e7f8      	b.n	10003644 <__wrap_remquof+0xcc>

10003652 <__wrap_remainderf>:
10003652:	b510      	push	{r4, lr}
10003654:	2200      	movs	r2, #0
10003656:	f7ff ff8f 	bl	10003578 <__wrap_remquof>
1000365a:	bd10      	pop	{r4, pc}

1000365c <__aeabi_mem_init>:
1000365c:	4801      	ldr	r0, [pc, #4]	@ (10003664 <__aeabi_mem_init+0x8>)
1000365e:	2104      	movs	r1, #4
10003660:	4b01      	ldr	r3, [pc, #4]	@ (10003668 <__aeabi_mem_init+0xc>)
10003662:	4718      	bx	r3
10003664:	20000c80 	.word	0x20000c80
10003668:	100024dd 	.word	0x100024dd

1000366c <__wrap_memset>:
1000366c:	4b01      	ldr	r3, [pc, #4]	@ (10003674 <__wrap_memset+0x8>)
1000366e:	681b      	ldr	r3, [r3, #0]
10003670:	4718      	bx	r3
10003672:	0000      	.short	0x0000
10003674:	20000c80 	.word	0x20000c80

10003678 <__wrap___aeabi_memcpy>:
10003678:	4b01      	ldr	r3, [pc, #4]	@ (10003680 <__wrap___aeabi_memcpy+0x8>)
1000367a:	685b      	ldr	r3, [r3, #4]
1000367c:	4718      	bx	r3
1000367e:	0000      	.short	0x0000
10003680:	20000c80 	.word	0x20000c80

10003684 <_out_null>:
10003684:	4770      	bx	lr

10003686 <_out_fct>:
10003686:	b510      	push	{r4, lr}
10003688:	2800      	cmp	r0, #0
1000368a:	d002      	beq.n	10003692 <_out_fct+0xc>
1000368c:	680b      	ldr	r3, [r1, #0]
1000368e:	6849      	ldr	r1, [r1, #4]
10003690:	4798      	blx	r3
10003692:	bd10      	pop	{r4, pc}

10003694 <_atoi>:
10003694:	0001      	movs	r1, r0
10003696:	2000      	movs	r0, #0
10003698:	e007      	b.n	100036aa <_atoi+0x16>
1000369a:	0083      	lsls	r3, r0, #2
1000369c:	181b      	adds	r3, r3, r0
1000369e:	005b      	lsls	r3, r3, #1
100036a0:	1c50      	adds	r0, r2, #1
100036a2:	6008      	str	r0, [r1, #0]
100036a4:	7810      	ldrb	r0, [r2, #0]
100036a6:	18c0      	adds	r0, r0, r3
100036a8:	3830      	subs	r0, #48	@ 0x30
100036aa:	680a      	ldr	r2, [r1, #0]
100036ac:	7813      	ldrb	r3, [r2, #0]
100036ae:	3b30      	subs	r3, #48	@ 0x30
100036b0:	b2db      	uxtb	r3, r3
100036b2:	2b09      	cmp	r3, #9
100036b4:	d9f1      	bls.n	1000369a <_atoi+0x6>
100036b6:	4770      	bx	lr

100036b8 <_out_rev>:
100036b8:	b5f0      	push	{r4, r5, r6, r7, lr}
100036ba:	46de      	mov	lr, fp
100036bc:	4657      	mov	r7, sl
100036be:	464e      	mov	r6, r9
100036c0:	4645      	mov	r5, r8
100036c2:	b5e0      	push	{r5, r6, r7, lr}
100036c4:	b083      	sub	sp, #12
100036c6:	4693      	mov	fp, r2
100036c8:	001f      	movs	r7, r3
100036ca:	9b0c      	ldr	r3, [sp, #48]	@ 0x30
100036cc:	469a      	mov	sl, r3
100036ce:	9c0d      	ldr	r4, [sp, #52]	@ 0x34
100036d0:	9b0e      	ldr	r3, [sp, #56]	@ 0x38
100036d2:	4699      	mov	r9, r3
100036d4:	9b0f      	ldr	r3, [sp, #60]	@ 0x3c
100036d6:	079b      	lsls	r3, r3, #30
100036d8:	d017      	beq.n	1000370a <_out_rev+0x52>
100036da:	46b8      	mov	r8, r7
100036dc:	000f      	movs	r7, r1
100036de:	0006      	movs	r6, r0
100036e0:	e022      	b.n	10003728 <_out_rev+0x70>
100036e2:	1c55      	adds	r5, r2, #1
100036e4:	464b      	mov	r3, r9
100036e6:	4641      	mov	r1, r8
100036e8:	2020      	movs	r0, #32
100036ea:	47b8      	blx	r7
100036ec:	3401      	adds	r4, #1
100036ee:	002a      	movs	r2, r5
100036f0:	42b4      	cmp	r4, r6
100036f2:	d3f6      	bcc.n	100036e2 <_out_rev+0x2a>
100036f4:	003d      	movs	r5, r7
100036f6:	464f      	mov	r7, r9
100036f8:	465c      	mov	r4, fp
100036fa:	9b01      	ldr	r3, [sp, #4]
100036fc:	469b      	mov	fp, r3
100036fe:	46b1      	mov	r9, r6
10003700:	4646      	mov	r6, r8
10003702:	46b8      	mov	r8, r7
10003704:	0037      	movs	r7, r6
10003706:	002e      	movs	r6, r5
10003708:	e00e      	b.n	10003728 <_out_rev+0x70>
1000370a:	9201      	str	r2, [sp, #4]
1000370c:	46a3      	mov	fp, r4
1000370e:	4688      	mov	r8, r1
10003710:	464e      	mov	r6, r9
10003712:	46b9      	mov	r9, r7
10003714:	0007      	movs	r7, r0
10003716:	e7eb      	b.n	100036f0 <_out_rev+0x38>
10003718:	3c01      	subs	r4, #1
1000371a:	1c55      	adds	r5, r2, #1
1000371c:	4653      	mov	r3, sl
1000371e:	5d18      	ldrb	r0, [r3, r4]
10003720:	4643      	mov	r3, r8
10003722:	0039      	movs	r1, r7
10003724:	47b0      	blx	r6
10003726:	002a      	movs	r2, r5
10003728:	2c00      	cmp	r4, #0
1000372a:	d1f5      	bne.n	10003718 <_out_rev+0x60>
1000372c:	0035      	movs	r5, r6
1000372e:	003e      	movs	r6, r7
10003730:	4647      	mov	r7, r8
10003732:	9b0f      	ldr	r3, [sp, #60]	@ 0x3c
10003734:	079b      	lsls	r3, r3, #30
10003736:	d411      	bmi.n	1000375c <_out_rev+0xa4>
10003738:	0010      	movs	r0, r2
1000373a:	b003      	add	sp, #12
1000373c:	bcf0      	pop	{r4, r5, r6, r7}
1000373e:	46bb      	mov	fp, r7
10003740:	46b2      	mov	sl, r6
10003742:	46a9      	mov	r9, r5
10003744:	46a0      	mov	r8, r4
10003746:	bdf0      	pop	{r4, r5, r6, r7, pc}
10003748:	1c54      	adds	r4, r2, #1
1000374a:	464b      	mov	r3, r9
1000374c:	4641      	mov	r1, r8
1000374e:	2020      	movs	r0, #32
10003750:	47b8      	blx	r7
10003752:	0022      	movs	r2, r4
10003754:	1b53      	subs	r3, r2, r5
10003756:	42b3      	cmp	r3, r6
10003758:	d3f6      	bcc.n	10003748 <_out_rev+0x90>
1000375a:	e7ed      	b.n	10003738 <_out_rev+0x80>
1000375c:	46b0      	mov	r8, r6
1000375e:	464e      	mov	r6, r9
10003760:	46b9      	mov	r9, r7
10003762:	002f      	movs	r7, r5
10003764:	465d      	mov	r5, fp
10003766:	e7f5      	b.n	10003754 <_out_rev+0x9c>

10003768 <_ntoa_format>:
10003768:	b5f0      	push	{r4, r5, r6, r7, lr}
1000376a:	46ce      	mov	lr, r9
1000376c:	4647      	mov	r7, r8
1000376e:	b580      	push	{r7, lr}
10003770:	b085      	sub	sp, #20
10003772:	4694      	mov	ip, r2
10003774:	4698      	mov	r8, r3
10003776:	9d0c      	ldr	r5, [sp, #48]	@ 0x30
10003778:	9c0d      	ldr	r4, [sp, #52]	@ 0x34
1000377a:	ab0e      	add	r3, sp, #56	@ 0x38
1000377c:	781b      	ldrb	r3, [r3, #0]
1000377e:	4699      	mov	r9, r3
10003780:	9a10      	ldr	r2, [sp, #64]	@ 0x40
10003782:	9b11      	ldr	r3, [sp, #68]	@ 0x44
10003784:	9e12      	ldr	r6, [sp, #72]	@ 0x48
10003786:	07b7      	lsls	r7, r6, #30
10003788:	d41c      	bmi.n	100037c4 <_ntoa_format+0x5c>
1000378a:	2b00      	cmp	r3, #0
1000378c:	d00c      	beq.n	100037a8 <_ntoa_format+0x40>
1000378e:	07f7      	lsls	r7, r6, #31
10003790:	d50a      	bpl.n	100037a8 <_ntoa_format+0x40>
10003792:	464f      	mov	r7, r9
10003794:	2f00      	cmp	r7, #0
10003796:	d102      	bne.n	1000379e <_ntoa_format+0x36>
10003798:	370c      	adds	r7, #12
1000379a:	4237      	tst	r7, r6
1000379c:	d004      	beq.n	100037a8 <_ntoa_format+0x40>
1000379e:	3b01      	subs	r3, #1
100037a0:	e002      	b.n	100037a8 <_ntoa_format+0x40>
100037a2:	2730      	movs	r7, #48	@ 0x30
100037a4:	552f      	strb	r7, [r5, r4]
100037a6:	3401      	adds	r4, #1
100037a8:	4294      	cmp	r4, r2
100037aa:	d201      	bcs.n	100037b0 <_ntoa_format+0x48>
100037ac:	2c1f      	cmp	r4, #31
100037ae:	d9f8      	bls.n	100037a2 <_ntoa_format+0x3a>
100037b0:	07f7      	lsls	r7, r6, #31
100037b2:	d507      	bpl.n	100037c4 <_ntoa_format+0x5c>
100037b4:	429c      	cmp	r4, r3
100037b6:	d205      	bcs.n	100037c4 <_ntoa_format+0x5c>
100037b8:	2c1f      	cmp	r4, #31
100037ba:	d803      	bhi.n	100037c4 <_ntoa_format+0x5c>
100037bc:	2730      	movs	r7, #48	@ 0x30
100037be:	552f      	strb	r7, [r5, r4]
100037c0:	3401      	adds	r4, #1
100037c2:	e7f5      	b.n	100037b0 <_ntoa_format+0x48>
100037c4:	06f7      	lsls	r7, r6, #27
100037c6:	d512      	bpl.n	100037ee <_ntoa_format+0x86>
100037c8:	0577      	lsls	r7, r6, #21
100037ca:	d405      	bmi.n	100037d8 <_ntoa_format+0x70>
100037cc:	2c00      	cmp	r4, #0
100037ce:	d003      	beq.n	100037d8 <_ntoa_format+0x70>
100037d0:	4294      	cmp	r4, r2
100037d2:	d021      	beq.n	10003818 <_ntoa_format+0xb0>
100037d4:	429c      	cmp	r4, r3
100037d6:	d01f      	beq.n	10003818 <_ntoa_format+0xb0>
100037d8:	9a0f      	ldr	r2, [sp, #60]	@ 0x3c
100037da:	2a10      	cmp	r2, #16
100037dc:	d02f      	beq.n	1000383e <_ntoa_format+0xd6>
100037de:	9a0f      	ldr	r2, [sp, #60]	@ 0x3c
100037e0:	2a02      	cmp	r2, #2
100037e2:	d036      	beq.n	10003852 <_ntoa_format+0xea>
100037e4:	2c1f      	cmp	r4, #31
100037e6:	d80a      	bhi.n	100037fe <_ntoa_format+0x96>
100037e8:	2230      	movs	r2, #48	@ 0x30
100037ea:	552a      	strb	r2, [r5, r4]
100037ec:	3401      	adds	r4, #1
100037ee:	2c1f      	cmp	r4, #31
100037f0:	d805      	bhi.n	100037fe <_ntoa_format+0x96>
100037f2:	464a      	mov	r2, r9
100037f4:	2a00      	cmp	r2, #0
100037f6:	d032      	beq.n	1000385e <_ntoa_format+0xf6>
100037f8:	222d      	movs	r2, #45	@ 0x2d
100037fa:	552a      	strb	r2, [r5, r4]
100037fc:	3401      	adds	r4, #1
100037fe:	9603      	str	r6, [sp, #12]
10003800:	9302      	str	r3, [sp, #8]
10003802:	9401      	str	r4, [sp, #4]
10003804:	9500      	str	r5, [sp, #0]
10003806:	4643      	mov	r3, r8
10003808:	4662      	mov	r2, ip
1000380a:	f7ff ff55 	bl	100036b8 <_out_rev>
1000380e:	b005      	add	sp, #20
10003810:	bcc0      	pop	{r6, r7}
10003812:	46b9      	mov	r9, r7
10003814:	46b0      	mov	r8, r6
10003816:	bdf0      	pop	{r4, r5, r6, r7, pc}
10003818:	1e62      	subs	r2, r4, #1
1000381a:	2c01      	cmp	r4, #1
1000381c:	d017      	beq.n	1000384e <_ntoa_format+0xe6>
1000381e:	9f0f      	ldr	r7, [sp, #60]	@ 0x3c
10003820:	2f10      	cmp	r7, #16
10003822:	d00b      	beq.n	1000383c <_ntoa_format+0xd4>
10003824:	0014      	movs	r4, r2
10003826:	9a0f      	ldr	r2, [sp, #60]	@ 0x3c
10003828:	2a10      	cmp	r2, #16
1000382a:	d1d8      	bne.n	100037de <_ntoa_format+0x76>
1000382c:	06b2      	lsls	r2, r6, #26
1000382e:	d5d6      	bpl.n	100037de <_ntoa_format+0x76>
10003830:	2c1f      	cmp	r4, #31
10003832:	d8d4      	bhi.n	100037de <_ntoa_format+0x76>
10003834:	2258      	movs	r2, #88	@ 0x58
10003836:	552a      	strb	r2, [r5, r4]
10003838:	3401      	adds	r4, #1
1000383a:	e7d3      	b.n	100037e4 <_ntoa_format+0x7c>
1000383c:	3c02      	subs	r4, #2
1000383e:	06b2      	lsls	r2, r6, #26
10003840:	d4f1      	bmi.n	10003826 <_ntoa_format+0xbe>
10003842:	2c1f      	cmp	r4, #31
10003844:	d8ef      	bhi.n	10003826 <_ntoa_format+0xbe>
10003846:	2278      	movs	r2, #120	@ 0x78
10003848:	552a      	strb	r2, [r5, r4]
1000384a:	3401      	adds	r4, #1
1000384c:	e7ca      	b.n	100037e4 <_ntoa_format+0x7c>
1000384e:	0014      	movs	r4, r2
10003850:	e7c2      	b.n	100037d8 <_ntoa_format+0x70>
10003852:	2c1f      	cmp	r4, #31
10003854:	d8d3      	bhi.n	100037fe <_ntoa_format+0x96>
10003856:	3260      	adds	r2, #96	@ 0x60
10003858:	552a      	strb	r2, [r5, r4]
1000385a:	3401      	adds	r4, #1
1000385c:	e7c2      	b.n	100037e4 <_ntoa_format+0x7c>
1000385e:	0772      	lsls	r2, r6, #29
10003860:	d503      	bpl.n	1000386a <_ntoa_format+0x102>
10003862:	222b      	movs	r2, #43	@ 0x2b
10003864:	552a      	strb	r2, [r5, r4]
10003866:	3401      	adds	r4, #1
10003868:	e7c9      	b.n	100037fe <_ntoa_format+0x96>
1000386a:	0732      	lsls	r2, r6, #28
1000386c:	d5c7      	bpl.n	100037fe <_ntoa_format+0x96>
1000386e:	2220      	movs	r2, #32
10003870:	552a      	strb	r2, [r5, r4]
10003872:	3401      	adds	r4, #1
10003874:	e7c3      	b.n	100037fe <_ntoa_format+0x96>

10003876 <_ntoa_long>:
10003876:	b5f0      	push	{r4, r5, r6, r7, lr}
10003878:	46de      	mov	lr, fp
1000387a:	4657      	mov	r7, sl
1000387c:	464e      	mov	r6, r9
1000387e:	4645      	mov	r5, r8
10003880:	b5e0      	push	{r5, r6, r7, lr}
10003882:	b093      	sub	sp, #76	@ 0x4c
10003884:	4681      	mov	r9, r0
10003886:	468a      	mov	sl, r1
10003888:	9208      	str	r2, [sp, #32]
1000388a:	9309      	str	r3, [sp, #36]	@ 0x24
1000388c:	ab1c      	add	r3, sp, #112	@ 0x70
1000388e:	cb10      	ldmia	r3!, {r4}
10003890:	781b      	ldrb	r3, [r3, #0]
10003892:	469b      	mov	fp, r3
10003894:	9d1e      	ldr	r5, [sp, #120]	@ 0x78
10003896:	9b21      	ldr	r3, [sp, #132]	@ 0x84
10003898:	4698      	mov	r8, r3
1000389a:	2c00      	cmp	r4, #0
1000389c:	d103      	bne.n	100038a6 <_ntoa_long+0x30>
1000389e:	2310      	movs	r3, #16
100038a0:	4642      	mov	r2, r8
100038a2:	439a      	bics	r2, r3
100038a4:	4690      	mov	r8, r2
100038a6:	2380      	movs	r3, #128	@ 0x80
100038a8:	00db      	lsls	r3, r3, #3
100038aa:	4646      	mov	r6, r8
100038ac:	401e      	ands	r6, r3
100038ae:	4642      	mov	r2, r8
100038b0:	421a      	tst	r2, r3
100038b2:	d018      	beq.n	100038e6 <_ntoa_long+0x70>
100038b4:	2c00      	cmp	r4, #0
100038b6:	d022      	beq.n	100038fe <_ntoa_long+0x88>
100038b8:	2600      	movs	r6, #0
100038ba:	e014      	b.n	100038e6 <_ntoa_long+0x70>
100038bc:	4642      	mov	r2, r8
100038be:	0692      	lsls	r2, r2, #26
100038c0:	d51b      	bpl.n	100038fa <_ntoa_long+0x84>
100038c2:	2141      	movs	r1, #65	@ 0x41
100038c4:	18c9      	adds	r1, r1, r3
100038c6:	b2c9      	uxtb	r1, r1
100038c8:	390a      	subs	r1, #10
100038ca:	b2c9      	uxtb	r1, r1
100038cc:	1c77      	adds	r7, r6, #1
100038ce:	ab0a      	add	r3, sp, #40	@ 0x28
100038d0:	5599      	strb	r1, [r3, r6]
100038d2:	0029      	movs	r1, r5
100038d4:	0020      	movs	r0, r4
100038d6:	f7fe ff6b 	bl	100027b0 <__wrap___aeabi_uidiv>
100038da:	42ac      	cmp	r4, r5
100038dc:	d310      	bcc.n	10003900 <_ntoa_long+0x8a>
100038de:	2f1f      	cmp	r7, #31
100038e0:	d80e      	bhi.n	10003900 <_ntoa_long+0x8a>
100038e2:	003e      	movs	r6, r7
100038e4:	0004      	movs	r4, r0
100038e6:	0029      	movs	r1, r5
100038e8:	0020      	movs	r0, r4
100038ea:	f7fe ff61 	bl	100027b0 <__wrap___aeabi_uidiv>
100038ee:	b2cb      	uxtb	r3, r1
100038f0:	2b09      	cmp	r3, #9
100038f2:	d8e3      	bhi.n	100038bc <_ntoa_long+0x46>
100038f4:	3330      	adds	r3, #48	@ 0x30
100038f6:	b2d9      	uxtb	r1, r3
100038f8:	e7e8      	b.n	100038cc <_ntoa_long+0x56>
100038fa:	2161      	movs	r1, #97	@ 0x61
100038fc:	e7e2      	b.n	100038c4 <_ntoa_long+0x4e>
100038fe:	0027      	movs	r7, r4
10003900:	4643      	mov	r3, r8
10003902:	9306      	str	r3, [sp, #24]
10003904:	9b20      	ldr	r3, [sp, #128]	@ 0x80
10003906:	9305      	str	r3, [sp, #20]
10003908:	9b1f      	ldr	r3, [sp, #124]	@ 0x7c
1000390a:	9304      	str	r3, [sp, #16]
1000390c:	9503      	str	r5, [sp, #12]
1000390e:	465b      	mov	r3, fp
10003910:	9302      	str	r3, [sp, #8]
10003912:	9701      	str	r7, [sp, #4]
10003914:	ab0a      	add	r3, sp, #40	@ 0x28
10003916:	9300      	str	r3, [sp, #0]
10003918:	9b09      	ldr	r3, [sp, #36]	@ 0x24
1000391a:	9a08      	ldr	r2, [sp, #32]
1000391c:	4651      	mov	r1, sl
1000391e:	4648      	mov	r0, r9
10003920:	f7ff ff22 	bl	10003768 <_ntoa_format>
10003924:	b013      	add	sp, #76	@ 0x4c
10003926:	bcf0      	pop	{r4, r5, r6, r7}
10003928:	46bb      	mov	fp, r7
1000392a:	46b2      	mov	sl, r6
1000392c:	46a9      	mov	r9, r5
1000392e:	46a0      	mov	r8, r4
10003930:	bdf0      	pop	{r4, r5, r6, r7, pc}

10003932 <_ntoa_long_long>:
10003932:	b5f0      	push	{r4, r5, r6, r7, lr}
10003934:	46de      	mov	lr, fp
10003936:	4657      	mov	r7, sl
10003938:	464e      	mov	r6, r9
1000393a:	4645      	mov	r5, r8
1000393c:	b5e0      	push	{r5, r6, r7, lr}
1000393e:	b097      	sub	sp, #92	@ 0x5c
10003940:	900a      	str	r0, [sp, #40]	@ 0x28
10003942:	910b      	str	r1, [sp, #44]	@ 0x2c
10003944:	920c      	str	r2, [sp, #48]	@ 0x30
10003946:	469a      	mov	sl, r3
10003948:	9b20      	ldr	r3, [sp, #128]	@ 0x80
1000394a:	4699      	mov	r9, r3
1000394c:	9f21      	ldr	r7, [sp, #132]	@ 0x84
1000394e:	aa22      	add	r2, sp, #136	@ 0x88
10003950:	7813      	ldrb	r3, [r2, #0]
10003952:	469b      	mov	fp, r3
10003954:	9b24      	ldr	r3, [sp, #144]	@ 0x90
10003956:	9309      	str	r3, [sp, #36]	@ 0x24
10003958:	9c25      	ldr	r4, [sp, #148]	@ 0x94
1000395a:	9b28      	ldr	r3, [sp, #160]	@ 0xa0
1000395c:	4698      	mov	r8, r3
1000395e:	464a      	mov	r2, r9
10003960:	433a      	orrs	r2, r7
10003962:	d102      	bne.n	1000396a <_ntoa_long_long+0x38>
10003964:	3210      	adds	r2, #16
10003966:	4393      	bics	r3, r2
10003968:	4698      	mov	r8, r3
1000396a:	2280      	movs	r2, #128	@ 0x80
1000396c:	00d2      	lsls	r2, r2, #3
1000396e:	4645      	mov	r5, r8
10003970:	4015      	ands	r5, r2
10003972:	4643      	mov	r3, r8
10003974:	4213      	tst	r3, r2
10003976:	d00a      	beq.n	1000398e <_ntoa_long_long+0x5c>
10003978:	464a      	mov	r2, r9
1000397a:	433a      	orrs	r2, r7
1000397c:	d041      	beq.n	10003a02 <_ntoa_long_long+0xd0>
1000397e:	2500      	movs	r5, #0
10003980:	002e      	movs	r6, r5
10003982:	4653      	mov	r3, sl
10003984:	930d      	str	r3, [sp, #52]	@ 0x34
10003986:	464d      	mov	r5, r9
10003988:	9b09      	ldr	r3, [sp, #36]	@ 0x24
1000398a:	469a      	mov	sl, r3
1000398c:	e021      	b.n	100039d2 <_ntoa_long_long+0xa0>
1000398e:	002e      	movs	r6, r5
10003990:	4653      	mov	r3, sl
10003992:	930d      	str	r3, [sp, #52]	@ 0x34
10003994:	464d      	mov	r5, r9
10003996:	9b09      	ldr	r3, [sp, #36]	@ 0x24
10003998:	469a      	mov	sl, r3
1000399a:	e01a      	b.n	100039d2 <_ntoa_long_long+0xa0>
1000399c:	4642      	mov	r2, r8
1000399e:	0692      	lsls	r2, r2, #26
100039a0:	d523      	bpl.n	100039ea <_ntoa_long_long+0xb8>
100039a2:	2241      	movs	r2, #65	@ 0x41
100039a4:	18d2      	adds	r2, r2, r3
100039a6:	b2d2      	uxtb	r2, r2
100039a8:	3a0a      	subs	r2, #10
100039aa:	b2d2      	uxtb	r2, r2
100039ac:	1c73      	adds	r3, r6, #1
100039ae:	4699      	mov	r9, r3
100039b0:	ab0e      	add	r3, sp, #56	@ 0x38
100039b2:	559a      	strb	r2, [r3, r6]
100039b4:	4652      	mov	r2, sl
100039b6:	0023      	movs	r3, r4
100039b8:	0028      	movs	r0, r5
100039ba:	0039      	movs	r1, r7
100039bc:	f7fe ff36 	bl	1000282c <__wrap___aeabi_uldivmod>
100039c0:	42bc      	cmp	r4, r7
100039c2:	d820      	bhi.n	10003a06 <_ntoa_long_long+0xd4>
100039c4:	d013      	beq.n	100039ee <_ntoa_long_long+0xbc>
100039c6:	464b      	mov	r3, r9
100039c8:	2b1f      	cmp	r3, #31
100039ca:	d816      	bhi.n	100039fa <_ntoa_long_long+0xc8>
100039cc:	464e      	mov	r6, r9
100039ce:	0005      	movs	r5, r0
100039d0:	000f      	movs	r7, r1
100039d2:	4652      	mov	r2, sl
100039d4:	0023      	movs	r3, r4
100039d6:	0028      	movs	r0, r5
100039d8:	0039      	movs	r1, r7
100039da:	f7fe ff27 	bl	1000282c <__wrap___aeabi_uldivmod>
100039de:	b2d3      	uxtb	r3, r2
100039e0:	2b09      	cmp	r3, #9
100039e2:	d8db      	bhi.n	1000399c <_ntoa_long_long+0x6a>
100039e4:	3330      	adds	r3, #48	@ 0x30
100039e6:	b2da      	uxtb	r2, r3
100039e8:	e7e0      	b.n	100039ac <_ntoa_long_long+0x7a>
100039ea:	2261      	movs	r2, #97	@ 0x61
100039ec:	e7da      	b.n	100039a4 <_ntoa_long_long+0x72>
100039ee:	45aa      	cmp	sl, r5
100039f0:	d9e9      	bls.n	100039c6 <_ntoa_long_long+0x94>
100039f2:	464e      	mov	r6, r9
100039f4:	9b0d      	ldr	r3, [sp, #52]	@ 0x34
100039f6:	469a      	mov	sl, r3
100039f8:	e008      	b.n	10003a0c <_ntoa_long_long+0xda>
100039fa:	464e      	mov	r6, r9
100039fc:	9b0d      	ldr	r3, [sp, #52]	@ 0x34
100039fe:	469a      	mov	sl, r3
10003a00:	e004      	b.n	10003a0c <_ntoa_long_long+0xda>
10003a02:	2600      	movs	r6, #0
10003a04:	e002      	b.n	10003a0c <_ntoa_long_long+0xda>
10003a06:	464e      	mov	r6, r9
10003a08:	9b0d      	ldr	r3, [sp, #52]	@ 0x34
10003a0a:	469a      	mov	sl, r3
10003a0c:	4643      	mov	r3, r8
10003a0e:	9306      	str	r3, [sp, #24]
10003a10:	9b27      	ldr	r3, [sp, #156]	@ 0x9c
10003a12:	9305      	str	r3, [sp, #20]
10003a14:	9b26      	ldr	r3, [sp, #152]	@ 0x98
10003a16:	9304      	str	r3, [sp, #16]
10003a18:	9b09      	ldr	r3, [sp, #36]	@ 0x24
10003a1a:	9303      	str	r3, [sp, #12]
10003a1c:	465b      	mov	r3, fp
10003a1e:	9302      	str	r3, [sp, #8]
10003a20:	9601      	str	r6, [sp, #4]
10003a22:	ab0e      	add	r3, sp, #56	@ 0x38
10003a24:	9300      	str	r3, [sp, #0]
10003a26:	4653      	mov	r3, sl
10003a28:	9a0c      	ldr	r2, [sp, #48]	@ 0x30
10003a2a:	990b      	ldr	r1, [sp, #44]	@ 0x2c
10003a2c:	980a      	ldr	r0, [sp, #40]	@ 0x28
10003a2e:	f7ff fe9b 	bl	10003768 <_ntoa_format>
10003a32:	b017      	add	sp, #92	@ 0x5c
10003a34:	bcf0      	pop	{r4, r5, r6, r7}
10003a36:	46bb      	mov	fp, r7
10003a38:	46b2      	mov	sl, r6
10003a3a:	46a9      	mov	r9, r5
10003a3c:	46a0      	mov	r8, r4
10003a3e:	bdf0      	pop	{r4, r5, r6, r7, pc}

10003a40 <_etoa>:
10003a40:	b5f0      	push	{r4, r5, r6, r7, lr}
10003a42:	46de      	mov	lr, fp
10003a44:	4657      	mov	r7, sl
10003a46:	464e      	mov	r6, r9
10003a48:	4645      	mov	r5, r8
10003a4a:	b5e0      	push	{r5, r6, r7, lr}
10003a4c:	b091      	sub	sp, #68	@ 0x44
10003a4e:	4680      	mov	r8, r0
10003a50:	4689      	mov	r9, r1
10003a52:	920c      	str	r2, [sp, #48]	@ 0x30
10003a54:	469a      	mov	sl, r3
10003a56:	9c1a      	ldr	r4, [sp, #104]	@ 0x68
10003a58:	9d1b      	ldr	r5, [sp, #108]	@ 0x6c
10003a5a:	0022      	movs	r2, r4
10003a5c:	002b      	movs	r3, r5
10003a5e:	0020      	movs	r0, r4
10003a60:	0029      	movs	r1, r5
10003a62:	f7ff f95e 	bl	10002d22 <__wrap___aeabi_dcmpun>
10003a66:	2800      	cmp	r0, #0
10003a68:	d000      	beq.n	10003a6c <_etoa+0x2c>
10003a6a:	e0f2      	b.n	10003c52 <_etoa+0x212>
10003a6c:	2201      	movs	r2, #1
10003a6e:	4252      	negs	r2, r2
10003a70:	4bd5      	ldr	r3, [pc, #852]	@ (10003dc8 <_etoa+0x388>)
10003a72:	0020      	movs	r0, r4
10003a74:	0029      	movs	r1, r5
10003a76:	f7ff f94f 	bl	10002d18 <__wrap___aeabi_dcmpgt>
10003a7a:	2800      	cmp	r0, #0
10003a7c:	d000      	beq.n	10003a80 <_etoa+0x40>
10003a7e:	e0e8      	b.n	10003c52 <_etoa+0x212>
10003a80:	2201      	movs	r2, #1
10003a82:	4252      	negs	r2, r2
10003a84:	4bd1      	ldr	r3, [pc, #836]	@ (10003dcc <_etoa+0x38c>)
10003a86:	0020      	movs	r0, r4
10003a88:	0029      	movs	r1, r5
10003a8a:	f7ff f92f 	bl	10002cec <__wrap___aeabi_dcmplt>
10003a8e:	2800      	cmp	r0, #0
10003a90:	d000      	beq.n	10003a94 <_etoa+0x54>
10003a92:	e0de      	b.n	10003c52 <_etoa+0x212>
10003a94:	2200      	movs	r2, #0
10003a96:	2300      	movs	r3, #0
10003a98:	0020      	movs	r0, r4
10003a9a:	0029      	movs	r1, r5
10003a9c:	f7ff f926 	bl	10002cec <__wrap___aeabi_dcmplt>
10003aa0:	2800      	cmp	r0, #0
10003aa2:	d000      	beq.n	10003aa6 <_etoa+0x66>
10003aa4:	e0ea      	b.n	10003c7c <_etoa+0x23c>
10003aa6:	9406      	str	r4, [sp, #24]
10003aa8:	9507      	str	r5, [sp, #28]
10003aaa:	2380      	movs	r3, #128	@ 0x80
10003aac:	00db      	lsls	r3, r3, #3
10003aae:	9a1e      	ldr	r2, [sp, #120]	@ 0x78
10003ab0:	401a      	ands	r2, r3
10003ab2:	920d      	str	r2, [sp, #52]	@ 0x34
10003ab4:	9a1e      	ldr	r2, [sp, #120]	@ 0x78
10003ab6:	421a      	tst	r2, r3
10003ab8:	d101      	bne.n	10003abe <_etoa+0x7e>
10003aba:	2306      	movs	r3, #6
10003abc:	931c      	str	r3, [sp, #112]	@ 0x70
10003abe:	9806      	ldr	r0, [sp, #24]
10003ac0:	9907      	ldr	r1, [sp, #28]
10003ac2:	0002      	movs	r2, r0
10003ac4:	000b      	movs	r3, r1
10003ac6:	9208      	str	r2, [sp, #32]
10003ac8:	9309      	str	r3, [sp, #36]	@ 0x24
10003aca:	0003      	movs	r3, r0
10003acc:	000a      	movs	r2, r1
10003ace:	4302      	orrs	r2, r0
10003ad0:	d100      	bne.n	10003ad4 <_etoa+0x94>
10003ad2:	e0df      	b.n	10003c94 <_etoa+0x254>
10003ad4:	0d08      	lsrs	r0, r1, #20
10003ad6:	0540      	lsls	r0, r0, #21
10003ad8:	0d40      	lsrs	r0, r0, #21
10003ada:	4ebd      	ldr	r6, [pc, #756]	@ (10003dd0 <_etoa+0x390>)
10003adc:	46b4      	mov	ip, r6
10003ade:	4460      	add	r0, ip
10003ae0:	9e07      	ldr	r6, [sp, #28]
10003ae2:	0332      	lsls	r2, r6, #12
10003ae4:	0b12      	lsrs	r2, r2, #12
10003ae6:	001e      	movs	r6, r3
10003ae8:	4bba      	ldr	r3, [pc, #744]	@ (10003dd4 <_etoa+0x394>)
10003aea:	4313      	orrs	r3, r2
10003aec:	001f      	movs	r7, r3
10003aee:	f7ff f929 	bl	10002d44 <__wrap___aeabi_i2d>
10003af2:	4ab9      	ldr	r2, [pc, #740]	@ (10003dd8 <_etoa+0x398>)
10003af4:	4bb9      	ldr	r3, [pc, #740]	@ (10003ddc <_etoa+0x39c>)
10003af6:	f7ff f8ba 	bl	10002c6e <__wrap___aeabi_dmul>
10003afa:	4ab9      	ldr	r2, [pc, #740]	@ (10003de0 <_etoa+0x3a0>)
10003afc:	4bb9      	ldr	r3, [pc, #740]	@ (10003de4 <_etoa+0x3a4>)
10003afe:	f7ff f897 	bl	10002c30 <__wrap___aeabi_dadd>
10003b02:	9008      	str	r0, [sp, #32]
10003b04:	9109      	str	r1, [sp, #36]	@ 0x24
10003b06:	2200      	movs	r2, #0
10003b08:	4bb7      	ldr	r3, [pc, #732]	@ (10003de8 <_etoa+0x3a8>)
10003b0a:	0030      	movs	r0, r6
10003b0c:	0039      	movs	r1, r7
10003b0e:	f7ff f88a 	bl	10002c26 <__wrap___aeabi_dsub>
10003b12:	4ab6      	ldr	r2, [pc, #728]	@ (10003dec <_etoa+0x3ac>)
10003b14:	4bb6      	ldr	r3, [pc, #728]	@ (10003df0 <_etoa+0x3b0>)
10003b16:	f7ff f8aa 	bl	10002c6e <__wrap___aeabi_dmul>
10003b1a:	0002      	movs	r2, r0
10003b1c:	000b      	movs	r3, r1
10003b1e:	9808      	ldr	r0, [sp, #32]
10003b20:	9909      	ldr	r1, [sp, #36]	@ 0x24
10003b22:	f7ff f885 	bl	10002c30 <__wrap___aeabi_dadd>
10003b26:	f7ff f925 	bl	10002d74 <__wrap___aeabi_d2iz>
10003b2a:	4683      	mov	fp, r0
10003b2c:	f7ff f90a 	bl	10002d44 <__wrap___aeabi_i2d>
10003b30:	0006      	movs	r6, r0
10003b32:	000f      	movs	r7, r1
10003b34:	4aaf      	ldr	r2, [pc, #700]	@ (10003df4 <_etoa+0x3b4>)
10003b36:	4bb0      	ldr	r3, [pc, #704]	@ (10003df8 <_etoa+0x3b8>)
10003b38:	f7ff f899 	bl	10002c6e <__wrap___aeabi_dmul>
10003b3c:	2200      	movs	r2, #0
10003b3e:	4baf      	ldr	r3, [pc, #700]	@ (10003dfc <_etoa+0x3bc>)
10003b40:	f7ff f876 	bl	10002c30 <__wrap___aeabi_dadd>
10003b44:	f7ff f916 	bl	10002d74 <__wrap___aeabi_d2iz>
10003b48:	9008      	str	r0, [sp, #32]
10003b4a:	4aad      	ldr	r2, [pc, #692]	@ (10003e00 <_etoa+0x3c0>)
10003b4c:	4bad      	ldr	r3, [pc, #692]	@ (10003e04 <_etoa+0x3c4>)
10003b4e:	0030      	movs	r0, r6
10003b50:	0039      	movs	r1, r7
10003b52:	f7ff f88c 	bl	10002c6e <__wrap___aeabi_dmul>
10003b56:	0006      	movs	r6, r0
10003b58:	000f      	movs	r7, r1
10003b5a:	9808      	ldr	r0, [sp, #32]
10003b5c:	f7ff f8f2 	bl	10002d44 <__wrap___aeabi_i2d>
10003b60:	4aa9      	ldr	r2, [pc, #676]	@ (10003e08 <_etoa+0x3c8>)
10003b62:	4baa      	ldr	r3, [pc, #680]	@ (10003e0c <_etoa+0x3cc>)
10003b64:	f7ff f883 	bl	10002c6e <__wrap___aeabi_dmul>
10003b68:	0002      	movs	r2, r0
10003b6a:	000b      	movs	r3, r1
10003b6c:	0030      	movs	r0, r6
10003b6e:	0039      	movs	r1, r7
10003b70:	f7ff f859 	bl	10002c26 <__wrap___aeabi_dsub>
10003b74:	0006      	movs	r6, r0
10003b76:	000f      	movs	r7, r1
10003b78:	0002      	movs	r2, r0
10003b7a:	000b      	movs	r3, r1
10003b7c:	f7ff f877 	bl	10002c6e <__wrap___aeabi_dmul>
10003b80:	900a      	str	r0, [sp, #40]	@ 0x28
10003b82:	910b      	str	r1, [sp, #44]	@ 0x2c
10003b84:	9b08      	ldr	r3, [sp, #32]
10003b86:	4aa2      	ldr	r2, [pc, #648]	@ (10003e10 <_etoa+0x3d0>)
10003b88:	4694      	mov	ip, r2
10003b8a:	4463      	add	r3, ip
10003b8c:	2100      	movs	r1, #0
10003b8e:	2200      	movs	r2, #0
10003b90:	9108      	str	r1, [sp, #32]
10003b92:	9209      	str	r2, [sp, #36]	@ 0x24
10003b94:	051b      	lsls	r3, r3, #20
10003b96:	9309      	str	r3, [sp, #36]	@ 0x24
10003b98:	2300      	movs	r3, #0
10003b9a:	9308      	str	r3, [sp, #32]
10003b9c:	0032      	movs	r2, r6
10003b9e:	003b      	movs	r3, r7
10003ba0:	0030      	movs	r0, r6
10003ba2:	0039      	movs	r1, r7
10003ba4:	f7ff f844 	bl	10002c30 <__wrap___aeabi_dadd>
10003ba8:	900e      	str	r0, [sp, #56]	@ 0x38
10003baa:	910f      	str	r1, [sp, #60]	@ 0x3c
10003bac:	0032      	movs	r2, r6
10003bae:	003b      	movs	r3, r7
10003bb0:	2000      	movs	r0, #0
10003bb2:	2180      	movs	r1, #128	@ 0x80
10003bb4:	05c9      	lsls	r1, r1, #23
10003bb6:	f7ff f836 	bl	10002c26 <__wrap___aeabi_dsub>
10003bba:	0006      	movs	r6, r0
10003bbc:	000f      	movs	r7, r1
10003bbe:	2200      	movs	r2, #0
10003bc0:	4b94      	ldr	r3, [pc, #592]	@ (10003e14 <_etoa+0x3d4>)
10003bc2:	980a      	ldr	r0, [sp, #40]	@ 0x28
10003bc4:	990b      	ldr	r1, [sp, #44]	@ 0x2c
10003bc6:	f7ff f838 	bl	10002c3a <__wrap___aeabi_ddiv>
10003bca:	2200      	movs	r2, #0
10003bcc:	4b92      	ldr	r3, [pc, #584]	@ (10003e18 <_etoa+0x3d8>)
10003bce:	f7ff f82f 	bl	10002c30 <__wrap___aeabi_dadd>
10003bd2:	0002      	movs	r2, r0
10003bd4:	000b      	movs	r3, r1
10003bd6:	980a      	ldr	r0, [sp, #40]	@ 0x28
10003bd8:	990b      	ldr	r1, [sp, #44]	@ 0x2c
10003bda:	f7ff f82e 	bl	10002c3a <__wrap___aeabi_ddiv>
10003bde:	2200      	movs	r2, #0
10003be0:	4b8e      	ldr	r3, [pc, #568]	@ (10003e1c <_etoa+0x3dc>)
10003be2:	f7ff f825 	bl	10002c30 <__wrap___aeabi_dadd>
10003be6:	0002      	movs	r2, r0
10003be8:	000b      	movs	r3, r1
10003bea:	980a      	ldr	r0, [sp, #40]	@ 0x28
10003bec:	990b      	ldr	r1, [sp, #44]	@ 0x2c
10003bee:	f7ff f824 	bl	10002c3a <__wrap___aeabi_ddiv>
10003bf2:	0002      	movs	r2, r0
10003bf4:	000b      	movs	r3, r1
10003bf6:	0030      	movs	r0, r6
10003bf8:	0039      	movs	r1, r7
10003bfa:	f7ff f819 	bl	10002c30 <__wrap___aeabi_dadd>
10003bfe:	0002      	movs	r2, r0
10003c00:	000b      	movs	r3, r1
10003c02:	980e      	ldr	r0, [sp, #56]	@ 0x38
10003c04:	990f      	ldr	r1, [sp, #60]	@ 0x3c
10003c06:	f7ff f818 	bl	10002c3a <__wrap___aeabi_ddiv>
10003c0a:	2200      	movs	r2, #0
10003c0c:	4b71      	ldr	r3, [pc, #452]	@ (10003dd4 <_etoa+0x394>)
10003c0e:	f7ff f80f 	bl	10002c30 <__wrap___aeabi_dadd>
10003c12:	9a08      	ldr	r2, [sp, #32]
10003c14:	9b09      	ldr	r3, [sp, #36]	@ 0x24
10003c16:	f7ff f82a 	bl	10002c6e <__wrap___aeabi_dmul>
10003c1a:	0006      	movs	r6, r0
10003c1c:	000f      	movs	r7, r1
10003c1e:	9608      	str	r6, [sp, #32]
10003c20:	9709      	str	r7, [sp, #36]	@ 0x24
10003c22:	9a06      	ldr	r2, [sp, #24]
10003c24:	9b07      	ldr	r3, [sp, #28]
10003c26:	f7ff f877 	bl	10002d18 <__wrap___aeabi_dcmpgt>
10003c2a:	2800      	cmp	r0, #0
10003c2c:	d00b      	beq.n	10003c46 <_etoa+0x206>
10003c2e:	2301      	movs	r3, #1
10003c30:	425b      	negs	r3, r3
10003c32:	469c      	mov	ip, r3
10003c34:	44e3      	add	fp, ip
10003c36:	2200      	movs	r2, #0
10003c38:	4b77      	ldr	r3, [pc, #476]	@ (10003e18 <_etoa+0x3d8>)
10003c3a:	0030      	movs	r0, r6
10003c3c:	0039      	movs	r1, r7
10003c3e:	f7fe fffc 	bl	10002c3a <__wrap___aeabi_ddiv>
10003c42:	9008      	str	r0, [sp, #32]
10003c44:	9109      	str	r1, [sp, #36]	@ 0x24
10003c46:	465b      	mov	r3, fp
10003c48:	3363      	adds	r3, #99	@ 0x63
10003c4a:	2bc6      	cmp	r3, #198	@ 0xc6
10003c4c:	d845      	bhi.n	10003cda <_etoa+0x29a>
10003c4e:	2604      	movs	r6, #4
10003c50:	e023      	b.n	10003c9a <_etoa+0x25a>
10003c52:	9b1e      	ldr	r3, [sp, #120]	@ 0x78
10003c54:	9304      	str	r3, [sp, #16]
10003c56:	9b1d      	ldr	r3, [sp, #116]	@ 0x74
10003c58:	9303      	str	r3, [sp, #12]
10003c5a:	9b1c      	ldr	r3, [sp, #112]	@ 0x70
10003c5c:	9302      	str	r3, [sp, #8]
10003c5e:	9400      	str	r4, [sp, #0]
10003c60:	9501      	str	r5, [sp, #4]
10003c62:	4653      	mov	r3, sl
10003c64:	9a0c      	ldr	r2, [sp, #48]	@ 0x30
10003c66:	4649      	mov	r1, r9
10003c68:	4640      	mov	r0, r8
10003c6a:	f000 f8fb 	bl	10003e64 <_ftoa>
10003c6e:	b011      	add	sp, #68	@ 0x44
10003c70:	bcf0      	pop	{r4, r5, r6, r7}
10003c72:	46bb      	mov	fp, r7
10003c74:	46b2      	mov	sl, r6
10003c76:	46a9      	mov	r9, r5
10003c78:	46a0      	mov	r8, r4
10003c7a:	bdf0      	pop	{r4, r5, r6, r7, pc}
10003c7c:	2100      	movs	r1, #0
10003c7e:	2200      	movs	r2, #0
10003c80:	9106      	str	r1, [sp, #24]
10003c82:	9207      	str	r2, [sp, #28]
10003c84:	9406      	str	r4, [sp, #24]
10003c86:	2380      	movs	r3, #128	@ 0x80
10003c88:	061b      	lsls	r3, r3, #24
10003c8a:	469c      	mov	ip, r3
10003c8c:	44ac      	add	ip, r5
10003c8e:	4663      	mov	r3, ip
10003c90:	9307      	str	r3, [sp, #28]
10003c92:	e70a      	b.n	10003aaa <_etoa+0x6a>
10003c94:	2300      	movs	r3, #0
10003c96:	469b      	mov	fp, r3
10003c98:	2604      	movs	r6, #4
10003c9a:	9b1e      	ldr	r3, [sp, #120]	@ 0x78
10003c9c:	051b      	lsls	r3, r3, #20
10003c9e:	d528      	bpl.n	10003cf2 <_etoa+0x2b2>
10003ca0:	9a08      	ldr	r2, [sp, #32]
10003ca2:	9b09      	ldr	r3, [sp, #36]	@ 0x24
10003ca4:	0019      	movs	r1, r3
10003ca6:	4311      	orrs	r1, r2
10003ca8:	d00f      	beq.n	10003cca <_etoa+0x28a>
10003caa:	4a5d      	ldr	r2, [pc, #372]	@ (10003e20 <_etoa+0x3e0>)
10003cac:	4b5d      	ldr	r3, [pc, #372]	@ (10003e24 <_etoa+0x3e4>)
10003cae:	9806      	ldr	r0, [sp, #24]
10003cb0:	9907      	ldr	r1, [sp, #28]
10003cb2:	f7ff f829 	bl	10002d08 <__wrap___aeabi_dcmpge>
10003cb6:	2800      	cmp	r0, #0
10003cb8:	d07a      	beq.n	10003db0 <_etoa+0x370>
10003cba:	2200      	movs	r2, #0
10003cbc:	4b5a      	ldr	r3, [pc, #360]	@ (10003e28 <_etoa+0x3e8>)
10003cbe:	9806      	ldr	r0, [sp, #24]
10003cc0:	9907      	ldr	r1, [sp, #28]
10003cc2:	f7ff f813 	bl	10002cec <__wrap___aeabi_dcmplt>
10003cc6:	2800      	cmp	r0, #0
10003cc8:	d072      	beq.n	10003db0 <_etoa+0x370>
10003cca:	9b1c      	ldr	r3, [sp, #112]	@ 0x70
10003ccc:	455b      	cmp	r3, fp
10003cce:	dd06      	ble.n	10003cde <_etoa+0x29e>
10003cd0:	465a      	mov	r2, fp
10003cd2:	1a9b      	subs	r3, r3, r2
10003cd4:	3b01      	subs	r3, #1
10003cd6:	931c      	str	r3, [sp, #112]	@ 0x70
10003cd8:	e003      	b.n	10003ce2 <_etoa+0x2a2>
10003cda:	2605      	movs	r6, #5
10003cdc:	e7dd      	b.n	10003c9a <_etoa+0x25a>
10003cde:	2300      	movs	r3, #0
10003ce0:	931c      	str	r3, [sp, #112]	@ 0x70
10003ce2:	2380      	movs	r3, #128	@ 0x80
10003ce4:	00db      	lsls	r3, r3, #3
10003ce6:	9a1e      	ldr	r2, [sp, #120]	@ 0x78
10003ce8:	431a      	orrs	r2, r3
10003cea:	921e      	str	r2, [sp, #120]	@ 0x78
10003cec:	2600      	movs	r6, #0
10003cee:	2300      	movs	r3, #0
10003cf0:	469b      	mov	fp, r3
10003cf2:	9b1d      	ldr	r3, [sp, #116]	@ 0x74
10003cf4:	429e      	cmp	r6, r3
10003cf6:	d265      	bcs.n	10003dc4 <_etoa+0x384>
10003cf8:	1b9f      	subs	r7, r3, r6
10003cfa:	2302      	movs	r3, #2
10003cfc:	9a1e      	ldr	r2, [sp, #120]	@ 0x78
10003cfe:	401a      	ands	r2, r3
10003d00:	920a      	str	r2, [sp, #40]	@ 0x28
10003d02:	9a1e      	ldr	r2, [sp, #120]	@ 0x78
10003d04:	4213      	tst	r3, r2
10003d06:	d002      	beq.n	10003d0e <_etoa+0x2ce>
10003d08:	2e00      	cmp	r6, #0
10003d0a:	d000      	beq.n	10003d0e <_etoa+0x2ce>
10003d0c:	2700      	movs	r7, #0
10003d0e:	465b      	mov	r3, fp
10003d10:	2b00      	cmp	r3, #0
10003d12:	d007      	beq.n	10003d24 <_etoa+0x2e4>
10003d14:	9a08      	ldr	r2, [sp, #32]
10003d16:	9b09      	ldr	r3, [sp, #36]	@ 0x24
10003d18:	9806      	ldr	r0, [sp, #24]
10003d1a:	9907      	ldr	r1, [sp, #28]
10003d1c:	f7fe ff8d 	bl	10002c3a <__wrap___aeabi_ddiv>
10003d20:	9006      	str	r0, [sp, #24]
10003d22:	9107      	str	r1, [sp, #28]
10003d24:	2200      	movs	r2, #0
10003d26:	2300      	movs	r3, #0
10003d28:	0020      	movs	r0, r4
10003d2a:	0029      	movs	r1, r5
10003d2c:	f7fe ffde 	bl	10002cec <__wrap___aeabi_dcmplt>
10003d30:	2800      	cmp	r0, #0
10003d32:	d000      	beq.n	10003d36 <_etoa+0x2f6>
10003d34:	e07c      	b.n	10003e30 <_etoa+0x3f0>
10003d36:	4b3d      	ldr	r3, [pc, #244]	@ (10003e2c <_etoa+0x3ec>)
10003d38:	9a1e      	ldr	r2, [sp, #120]	@ 0x78
10003d3a:	4013      	ands	r3, r2
10003d3c:	9304      	str	r3, [sp, #16]
10003d3e:	9703      	str	r7, [sp, #12]
10003d40:	9b1c      	ldr	r3, [sp, #112]	@ 0x70
10003d42:	9302      	str	r3, [sp, #8]
10003d44:	9b06      	ldr	r3, [sp, #24]
10003d46:	9c07      	ldr	r4, [sp, #28]
10003d48:	9300      	str	r3, [sp, #0]
10003d4a:	9401      	str	r4, [sp, #4]
10003d4c:	4653      	mov	r3, sl
10003d4e:	9a0c      	ldr	r2, [sp, #48]	@ 0x30
10003d50:	4649      	mov	r1, r9
10003d52:	4640      	mov	r0, r8
10003d54:	f000 f886 	bl	10003e64 <_ftoa>
10003d58:	2e00      	cmp	r6, #0
10003d5a:	d100      	bne.n	10003d5e <_etoa+0x31e>
10003d5c:	e787      	b.n	10003c6e <_etoa+0x22e>
10003d5e:	9b1e      	ldr	r3, [sp, #120]	@ 0x78
10003d60:	069b      	lsls	r3, r3, #26
10003d62:	d571      	bpl.n	10003e48 <_etoa+0x408>
10003d64:	2545      	movs	r5, #69	@ 0x45
10003d66:	1c44      	adds	r4, r0, #1
10003d68:	4653      	mov	r3, sl
10003d6a:	0002      	movs	r2, r0
10003d6c:	4649      	mov	r1, r9
10003d6e:	0028      	movs	r0, r5
10003d70:	47c0      	blx	r8
10003d72:	465a      	mov	r2, fp
10003d74:	17d3      	asrs	r3, r2, #31
10003d76:	18d2      	adds	r2, r2, r3
10003d78:	405a      	eors	r2, r3
10003d7a:	2305      	movs	r3, #5
10003d7c:	9305      	str	r3, [sp, #20]
10003d7e:	3e01      	subs	r6, #1
10003d80:	9604      	str	r6, [sp, #16]
10003d82:	2300      	movs	r3, #0
10003d84:	9303      	str	r3, [sp, #12]
10003d86:	330a      	adds	r3, #10
10003d88:	9302      	str	r3, [sp, #8]
10003d8a:	465b      	mov	r3, fp
10003d8c:	0fdb      	lsrs	r3, r3, #31
10003d8e:	9301      	str	r3, [sp, #4]
10003d90:	9200      	str	r2, [sp, #0]
10003d92:	4653      	mov	r3, sl
10003d94:	0022      	movs	r2, r4
10003d96:	4649      	mov	r1, r9
10003d98:	4640      	mov	r0, r8
10003d9a:	f7ff fd6c 	bl	10003876 <_ntoa_long>
10003d9e:	9b0a      	ldr	r3, [sp, #40]	@ 0x28
10003da0:	2b00      	cmp	r3, #0
10003da2:	d100      	bne.n	10003da6 <_etoa+0x366>
10003da4:	e763      	b.n	10003c6e <_etoa+0x22e>
10003da6:	0002      	movs	r2, r0
10003da8:	4647      	mov	r7, r8
10003daa:	9e0c      	ldr	r6, [sp, #48]	@ 0x30
10003dac:	9d1d      	ldr	r5, [sp, #116]	@ 0x74
10003dae:	e053      	b.n	10003e58 <_etoa+0x418>
10003db0:	9b1c      	ldr	r3, [sp, #112]	@ 0x70
10003db2:	2b00      	cmp	r3, #0
10003db4:	d09d      	beq.n	10003cf2 <_etoa+0x2b2>
10003db6:	9b0d      	ldr	r3, [sp, #52]	@ 0x34
10003db8:	2b00      	cmp	r3, #0
10003dba:	d09a      	beq.n	10003cf2 <_etoa+0x2b2>
10003dbc:	9b1c      	ldr	r3, [sp, #112]	@ 0x70
10003dbe:	3b01      	subs	r3, #1
10003dc0:	931c      	str	r3, [sp, #112]	@ 0x70
10003dc2:	e796      	b.n	10003cf2 <_etoa+0x2b2>
10003dc4:	2700      	movs	r7, #0
10003dc6:	e798      	b.n	10003cfa <_etoa+0x2ba>
10003dc8:	7fefffff 	.word	0x7fefffff
10003dcc:	ffefffff 	.word	0xffefffff
10003dd0:	fffffc01 	.word	0xfffffc01
10003dd4:	3ff00000 	.word	0x3ff00000
10003dd8:	509f79fb 	.word	0x509f79fb
10003ddc:	3fd34413 	.word	0x3fd34413
10003de0:	8b60c8b3 	.word	0x8b60c8b3
10003de4:	3fc68a28 	.word	0x3fc68a28
10003de8:	3ff80000 	.word	0x3ff80000
10003dec:	636f4361 	.word	0x636f4361
10003df0:	3fd287a7 	.word	0x3fd287a7
10003df4:	0979a371 	.word	0x0979a371
10003df8:	400a934f 	.word	0x400a934f
10003dfc:	3fe00000 	.word	0x3fe00000
10003e00:	bbb55516 	.word	0xbbb55516
10003e04:	40026bb1 	.word	0x40026bb1
10003e08:	fefa39ef 	.word	0xfefa39ef
10003e0c:	3fe62e42 	.word	0x3fe62e42
10003e10:	000003ff 	.word	0x000003ff
10003e14:	402c0000 	.word	0x402c0000
10003e18:	40240000 	.word	0x40240000
10003e1c:	40180000 	.word	0x40180000
10003e20:	eb1c432d 	.word	0xeb1c432d
10003e24:	3f1a36e2 	.word	0x3f1a36e2
10003e28:	412e8480 	.word	0x412e8480
10003e2c:	fffff7ff 	.word	0xfffff7ff
10003e30:	9c06      	ldr	r4, [sp, #24]
10003e32:	9d07      	ldr	r5, [sp, #28]
10003e34:	0022      	movs	r2, r4
10003e36:	0029      	movs	r1, r5
10003e38:	2080      	movs	r0, #128	@ 0x80
10003e3a:	0600      	lsls	r0, r0, #24
10003e3c:	4684      	mov	ip, r0
10003e3e:	4461      	add	r1, ip
10003e40:	000b      	movs	r3, r1
10003e42:	9206      	str	r2, [sp, #24]
10003e44:	9307      	str	r3, [sp, #28]
10003e46:	e776      	b.n	10003d36 <_etoa+0x2f6>
10003e48:	2565      	movs	r5, #101	@ 0x65
10003e4a:	e78c      	b.n	10003d66 <_etoa+0x326>
10003e4c:	1c54      	adds	r4, r2, #1
10003e4e:	4653      	mov	r3, sl
10003e50:	4649      	mov	r1, r9
10003e52:	2020      	movs	r0, #32
10003e54:	47b8      	blx	r7
10003e56:	0022      	movs	r2, r4
10003e58:	1b93      	subs	r3, r2, r6
10003e5a:	42ab      	cmp	r3, r5
10003e5c:	d3f6      	bcc.n	10003e4c <_etoa+0x40c>
10003e5e:	0010      	movs	r0, r2
10003e60:	e705      	b.n	10003c6e <_etoa+0x22e>
10003e62:	46c0      	nop			@ (mov r8, r8)

10003e64 <_ftoa>:
10003e64:	b5f0      	push	{r4, r5, r6, r7, lr}
10003e66:	46de      	mov	lr, fp
10003e68:	4657      	mov	r7, sl
10003e6a:	464e      	mov	r6, r9
10003e6c:	4645      	mov	r5, r8
10003e6e:	b5e0      	push	{r5, r6, r7, lr}
10003e70:	b095      	sub	sp, #84	@ 0x54
10003e72:	9006      	str	r0, [sp, #24]
10003e74:	9107      	str	r1, [sp, #28]
10003e76:	4693      	mov	fp, r2
10003e78:	4699      	mov	r9, r3
10003e7a:	9f20      	ldr	r7, [sp, #128]	@ 0x80
10003e7c:	9a1e      	ldr	r2, [sp, #120]	@ 0x78
10003e7e:	9b1f      	ldr	r3, [sp, #124]	@ 0x7c
10003e80:	0010      	movs	r0, r2
10003e82:	0019      	movs	r1, r3
10003e84:	f7fe ff4d 	bl	10002d22 <__wrap___aeabi_dcmpun>
10003e88:	2800      	cmp	r0, #0
10003e8a:	d131      	bne.n	10003ef0 <_ftoa+0x8c>
10003e8c:	2201      	movs	r2, #1
10003e8e:	4252      	negs	r2, r2
10003e90:	4bbc      	ldr	r3, [pc, #752]	@ (10004184 <_ftoa+0x320>)
10003e92:	981e      	ldr	r0, [sp, #120]	@ 0x78
10003e94:	991f      	ldr	r1, [sp, #124]	@ 0x7c
10003e96:	f7fe ff29 	bl	10002cec <__wrap___aeabi_dcmplt>
10003e9a:	2800      	cmp	r0, #0
10003e9c:	d137      	bne.n	10003f0e <_ftoa+0xaa>
10003e9e:	2201      	movs	r2, #1
10003ea0:	4252      	negs	r2, r2
10003ea2:	4bb9      	ldr	r3, [pc, #740]	@ (10004188 <_ftoa+0x324>)
10003ea4:	981e      	ldr	r0, [sp, #120]	@ 0x78
10003ea6:	991f      	ldr	r1, [sp, #124]	@ 0x7c
10003ea8:	f7fe ff36 	bl	10002d18 <__wrap___aeabi_dcmpgt>
10003eac:	2800      	cmp	r0, #0
10003eae:	d13d      	bne.n	10003f2c <_ftoa+0xc8>
10003eb0:	2200      	movs	r2, #0
10003eb2:	4bb6      	ldr	r3, [pc, #728]	@ (1000418c <_ftoa+0x328>)
10003eb4:	981e      	ldr	r0, [sp, #120]	@ 0x78
10003eb6:	991f      	ldr	r1, [sp, #124]	@ 0x7c
10003eb8:	f7fe ff2e 	bl	10002d18 <__wrap___aeabi_dcmpgt>
10003ebc:	2800      	cmp	r0, #0
10003ebe:	d14a      	bne.n	10003f56 <_ftoa+0xf2>
10003ec0:	2200      	movs	r2, #0
10003ec2:	4bb3      	ldr	r3, [pc, #716]	@ (10004190 <_ftoa+0x32c>)
10003ec4:	981e      	ldr	r0, [sp, #120]	@ 0x78
10003ec6:	991f      	ldr	r1, [sp, #124]	@ 0x7c
10003ec8:	f7fe ff10 	bl	10002cec <__wrap___aeabi_dcmplt>
10003ecc:	2800      	cmp	r0, #0
10003ece:	d142      	bne.n	10003f56 <_ftoa+0xf2>
10003ed0:	2200      	movs	r2, #0
10003ed2:	2300      	movs	r3, #0
10003ed4:	981e      	ldr	r0, [sp, #120]	@ 0x78
10003ed6:	991f      	ldr	r1, [sp, #124]	@ 0x7c
10003ed8:	f7fe ff08 	bl	10002cec <__wrap___aeabi_dcmplt>
10003edc:	2800      	cmp	r0, #0
10003ede:	d14a      	bne.n	10003f76 <_ftoa+0x112>
10003ee0:	2300      	movs	r3, #0
10003ee2:	4698      	mov	r8, r3
10003ee4:	9b22      	ldr	r3, [sp, #136]	@ 0x88
10003ee6:	055b      	lsls	r3, r3, #21
10003ee8:	d400      	bmi.n	10003eec <_ftoa+0x88>
10003eea:	e0b0      	b.n	1000404e <_ftoa+0x1ea>
10003eec:	2400      	movs	r4, #0
10003eee:	e052      	b.n	10003f96 <_ftoa+0x132>
10003ef0:	9b22      	ldr	r3, [sp, #136]	@ 0x88
10003ef2:	9303      	str	r3, [sp, #12]
10003ef4:	9b21      	ldr	r3, [sp, #132]	@ 0x84
10003ef6:	9302      	str	r3, [sp, #8]
10003ef8:	2303      	movs	r3, #3
10003efa:	9301      	str	r3, [sp, #4]
10003efc:	4ba5      	ldr	r3, [pc, #660]	@ (10004194 <_ftoa+0x330>)
10003efe:	9300      	str	r3, [sp, #0]
10003f00:	464b      	mov	r3, r9
10003f02:	465a      	mov	r2, fp
10003f04:	9907      	ldr	r1, [sp, #28]
10003f06:	9806      	ldr	r0, [sp, #24]
10003f08:	f7ff fbd6 	bl	100036b8 <_out_rev>
10003f0c:	e108      	b.n	10004120 <_ftoa+0x2bc>
10003f0e:	9b22      	ldr	r3, [sp, #136]	@ 0x88
10003f10:	9303      	str	r3, [sp, #12]
10003f12:	9b21      	ldr	r3, [sp, #132]	@ 0x84
10003f14:	9302      	str	r3, [sp, #8]
10003f16:	2304      	movs	r3, #4
10003f18:	9301      	str	r3, [sp, #4]
10003f1a:	4b9f      	ldr	r3, [pc, #636]	@ (10004198 <_ftoa+0x334>)
10003f1c:	9300      	str	r3, [sp, #0]
10003f1e:	464b      	mov	r3, r9
10003f20:	465a      	mov	r2, fp
10003f22:	9907      	ldr	r1, [sp, #28]
10003f24:	9806      	ldr	r0, [sp, #24]
10003f26:	f7ff fbc7 	bl	100036b8 <_out_rev>
10003f2a:	e0f9      	b.n	10004120 <_ftoa+0x2bc>
10003f2c:	9b22      	ldr	r3, [sp, #136]	@ 0x88
10003f2e:	075b      	lsls	r3, r3, #29
10003f30:	d50e      	bpl.n	10003f50 <_ftoa+0xec>
10003f32:	4b9a      	ldr	r3, [pc, #616]	@ (1000419c <_ftoa+0x338>)
10003f34:	2204      	movs	r2, #4
10003f36:	9922      	ldr	r1, [sp, #136]	@ 0x88
10003f38:	9103      	str	r1, [sp, #12]
10003f3a:	9921      	ldr	r1, [sp, #132]	@ 0x84
10003f3c:	9102      	str	r1, [sp, #8]
10003f3e:	9201      	str	r2, [sp, #4]
10003f40:	9300      	str	r3, [sp, #0]
10003f42:	464b      	mov	r3, r9
10003f44:	465a      	mov	r2, fp
10003f46:	9907      	ldr	r1, [sp, #28]
10003f48:	9806      	ldr	r0, [sp, #24]
10003f4a:	f7ff fbb5 	bl	100036b8 <_out_rev>
10003f4e:	e0e7      	b.n	10004120 <_ftoa+0x2bc>
10003f50:	4b93      	ldr	r3, [pc, #588]	@ (100041a0 <_ftoa+0x33c>)
10003f52:	2203      	movs	r2, #3
10003f54:	e7ef      	b.n	10003f36 <_ftoa+0xd2>
10003f56:	9b22      	ldr	r3, [sp, #136]	@ 0x88
10003f58:	9304      	str	r3, [sp, #16]
10003f5a:	9b21      	ldr	r3, [sp, #132]	@ 0x84
10003f5c:	9303      	str	r3, [sp, #12]
10003f5e:	9702      	str	r7, [sp, #8]
10003f60:	9b1e      	ldr	r3, [sp, #120]	@ 0x78
10003f62:	9c1f      	ldr	r4, [sp, #124]	@ 0x7c
10003f64:	9300      	str	r3, [sp, #0]
10003f66:	9401      	str	r4, [sp, #4]
10003f68:	464b      	mov	r3, r9
10003f6a:	465a      	mov	r2, fp
10003f6c:	9907      	ldr	r1, [sp, #28]
10003f6e:	9806      	ldr	r0, [sp, #24]
10003f70:	f7ff fd66 	bl	10003a40 <_etoa>
10003f74:	e0d4      	b.n	10004120 <_ftoa+0x2bc>
10003f76:	9a1e      	ldr	r2, [sp, #120]	@ 0x78
10003f78:	9b1f      	ldr	r3, [sp, #124]	@ 0x7c
10003f7a:	2000      	movs	r0, #0
10003f7c:	2100      	movs	r1, #0
10003f7e:	f7fe fe52 	bl	10002c26 <__wrap___aeabi_dsub>
10003f82:	901e      	str	r0, [sp, #120]	@ 0x78
10003f84:	911f      	str	r1, [sp, #124]	@ 0x7c
10003f86:	2301      	movs	r3, #1
10003f88:	4698      	mov	r8, r3
10003f8a:	e7ab      	b.n	10003ee4 <_ftoa+0x80>
10003f8c:	ab0c      	add	r3, sp, #48	@ 0x30
10003f8e:	2230      	movs	r2, #48	@ 0x30
10003f90:	551a      	strb	r2, [r3, r4]
10003f92:	3f01      	subs	r7, #1
10003f94:	3401      	adds	r4, #1
10003f96:	2c1f      	cmp	r4, #31
10003f98:	d801      	bhi.n	10003f9e <_ftoa+0x13a>
10003f9a:	2f09      	cmp	r7, #9
10003f9c:	d8f6      	bhi.n	10003f8c <_ftoa+0x128>
10003f9e:	981e      	ldr	r0, [sp, #120]	@ 0x78
10003fa0:	991f      	ldr	r1, [sp, #124]	@ 0x7c
10003fa2:	f7fe fee7 	bl	10002d74 <__wrap___aeabi_d2iz>
10003fa6:	0005      	movs	r5, r0
10003fa8:	f7fe fecc 	bl	10002d44 <__wrap___aeabi_i2d>
10003fac:	0002      	movs	r2, r0
10003fae:	000b      	movs	r3, r1
10003fb0:	981e      	ldr	r0, [sp, #120]	@ 0x78
10003fb2:	991f      	ldr	r1, [sp, #124]	@ 0x7c
10003fb4:	f7fe fe37 	bl	10002c26 <__wrap___aeabi_dsub>
10003fb8:	4b7a      	ldr	r3, [pc, #488]	@ (100041a4 <_ftoa+0x340>)
10003fba:	00fa      	lsls	r2, r7, #3
10003fbc:	189b      	adds	r3, r3, r2
10003fbe:	681a      	ldr	r2, [r3, #0]
10003fc0:	685b      	ldr	r3, [r3, #4]
10003fc2:	920a      	str	r2, [sp, #40]	@ 0x28
10003fc4:	930b      	str	r3, [sp, #44]	@ 0x2c
10003fc6:	f7fe fe52 	bl	10002c6e <__wrap___aeabi_dmul>
10003fca:	9008      	str	r0, [sp, #32]
10003fcc:	9109      	str	r1, [sp, #36]	@ 0x24
10003fce:	f7fe fef5 	bl	10002dbc <__wrap___aeabi_d2uiz>
10003fd2:	0006      	movs	r6, r0
10003fd4:	f7fe feb2 	bl	10002d3c <__wrap___aeabi_ui2d>
10003fd8:	0002      	movs	r2, r0
10003fda:	000b      	movs	r3, r1
10003fdc:	9808      	ldr	r0, [sp, #32]
10003fde:	9909      	ldr	r1, [sp, #36]	@ 0x24
10003fe0:	f7fe fe21 	bl	10002c26 <__wrap___aeabi_dsub>
10003fe4:	9008      	str	r0, [sp, #32]
10003fe6:	9109      	str	r1, [sp, #36]	@ 0x24
10003fe8:	2200      	movs	r2, #0
10003fea:	4b6f      	ldr	r3, [pc, #444]	@ (100041a8 <_ftoa+0x344>)
10003fec:	f7fe fe94 	bl	10002d18 <__wrap___aeabi_dcmpgt>
10003ff0:	2800      	cmp	r0, #0
10003ff2:	d02e      	beq.n	10004052 <_ftoa+0x1ee>
10003ff4:	3601      	adds	r6, #1
10003ff6:	0030      	movs	r0, r6
10003ff8:	f7fe fea0 	bl	10002d3c <__wrap___aeabi_ui2d>
10003ffc:	0002      	movs	r2, r0
10003ffe:	000b      	movs	r3, r1
10004000:	980a      	ldr	r0, [sp, #40]	@ 0x28
10004002:	990b      	ldr	r1, [sp, #44]	@ 0x2c
10004004:	f7fe fe78 	bl	10002cf8 <__wrap___aeabi_dcmple>
10004008:	2800      	cmp	r0, #0
1000400a:	d001      	beq.n	10004010 <_ftoa+0x1ac>
1000400c:	3501      	adds	r5, #1
1000400e:	2600      	movs	r6, #0
10004010:	2f00      	cmp	r7, #0
10004012:	d12c      	bne.n	1000406e <_ftoa+0x20a>
10004014:	0028      	movs	r0, r5
10004016:	f7fe fe95 	bl	10002d44 <__wrap___aeabi_i2d>
1000401a:	0002      	movs	r2, r0
1000401c:	000b      	movs	r3, r1
1000401e:	981e      	ldr	r0, [sp, #120]	@ 0x78
10004020:	991f      	ldr	r1, [sp, #124]	@ 0x7c
10004022:	f7fe fe00 	bl	10002c26 <__wrap___aeabi_dsub>
10004026:	0006      	movs	r6, r0
10004028:	000f      	movs	r7, r1
1000402a:	2200      	movs	r2, #0
1000402c:	4b5e      	ldr	r3, [pc, #376]	@ (100041a8 <_ftoa+0x344>)
1000402e:	f7fe fe5d 	bl	10002cec <__wrap___aeabi_dcmplt>
10004032:	2800      	cmp	r0, #0
10004034:	d146      	bne.n	100040c4 <_ftoa+0x260>
10004036:	2200      	movs	r2, #0
10004038:	4b5b      	ldr	r3, [pc, #364]	@ (100041a8 <_ftoa+0x344>)
1000403a:	0030      	movs	r0, r6
1000403c:	0039      	movs	r1, r7
1000403e:	f7fe fe6b 	bl	10002d18 <__wrap___aeabi_dcmpgt>
10004042:	2800      	cmp	r0, #0
10004044:	d13e      	bne.n	100040c4 <_ftoa+0x260>
10004046:	07eb      	lsls	r3, r5, #31
10004048:	d53c      	bpl.n	100040c4 <_ftoa+0x260>
1000404a:	3501      	adds	r5, #1
1000404c:	e03a      	b.n	100040c4 <_ftoa+0x260>
1000404e:	2706      	movs	r7, #6
10004050:	e74c      	b.n	10003eec <_ftoa+0x88>
10004052:	2200      	movs	r2, #0
10004054:	4b54      	ldr	r3, [pc, #336]	@ (100041a8 <_ftoa+0x344>)
10004056:	9808      	ldr	r0, [sp, #32]
10004058:	9909      	ldr	r1, [sp, #36]	@ 0x24
1000405a:	f7fe fe47 	bl	10002cec <__wrap___aeabi_dcmplt>
1000405e:	2800      	cmp	r0, #0
10004060:	d1d6      	bne.n	10004010 <_ftoa+0x1ac>
10004062:	2e00      	cmp	r6, #0
10004064:	d001      	beq.n	1000406a <_ftoa+0x206>
10004066:	07f3      	lsls	r3, r6, #31
10004068:	d5d2      	bpl.n	10004010 <_ftoa+0x1ac>
1000406a:	3601      	adds	r6, #1
1000406c:	e7d0      	b.n	10004010 <_ftoa+0x1ac>
1000406e:	46aa      	mov	sl, r5
10004070:	2c1f      	cmp	r4, #31
10004072:	d811      	bhi.n	10004098 <_ftoa+0x234>
10004074:	3f01      	subs	r7, #1
10004076:	210a      	movs	r1, #10
10004078:	0030      	movs	r0, r6
1000407a:	f7fe fb99 	bl	100027b0 <__wrap___aeabi_uidiv>
1000407e:	1c65      	adds	r5, r4, #1
10004080:	3130      	adds	r1, #48	@ 0x30
10004082:	ab0c      	add	r3, sp, #48	@ 0x30
10004084:	5519      	strb	r1, [r3, r4]
10004086:	210a      	movs	r1, #10
10004088:	0030      	movs	r0, r6
1000408a:	f7fe fb91 	bl	100027b0 <__wrap___aeabi_uidiv>
1000408e:	2e09      	cmp	r6, #9
10004090:	d90e      	bls.n	100040b0 <_ftoa+0x24c>
10004092:	0006      	movs	r6, r0
10004094:	002c      	movs	r4, r5
10004096:	e7eb      	b.n	10004070 <_ftoa+0x20c>
10004098:	4655      	mov	r5, sl
1000409a:	2c1f      	cmp	r4, #31
1000409c:	d80c      	bhi.n	100040b8 <_ftoa+0x254>
1000409e:	1e7b      	subs	r3, r7, #1
100040a0:	2f00      	cmp	r7, #0
100040a2:	d009      	beq.n	100040b8 <_ftoa+0x254>
100040a4:	aa0c      	add	r2, sp, #48	@ 0x30
100040a6:	2130      	movs	r1, #48	@ 0x30
100040a8:	5511      	strb	r1, [r2, r4]
100040aa:	001f      	movs	r7, r3
100040ac:	3401      	adds	r4, #1
100040ae:	e7f4      	b.n	1000409a <_ftoa+0x236>
100040b0:	002b      	movs	r3, r5
100040b2:	4655      	mov	r5, sl
100040b4:	001c      	movs	r4, r3
100040b6:	e7f0      	b.n	1000409a <_ftoa+0x236>
100040b8:	2c1f      	cmp	r4, #31
100040ba:	d803      	bhi.n	100040c4 <_ftoa+0x260>
100040bc:	ab0c      	add	r3, sp, #48	@ 0x30
100040be:	222e      	movs	r2, #46	@ 0x2e
100040c0:	551a      	strb	r2, [r3, r4]
100040c2:	3401      	adds	r4, #1
100040c4:	2c1f      	cmp	r4, #31
100040c6:	d810      	bhi.n	100040ea <_ftoa+0x286>
100040c8:	210a      	movs	r1, #10
100040ca:	0028      	movs	r0, r5
100040cc:	f7fe fb48 	bl	10002760 <__wrap___aeabi_idiv>
100040d0:	1c66      	adds	r6, r4, #1
100040d2:	3130      	adds	r1, #48	@ 0x30
100040d4:	ab0c      	add	r3, sp, #48	@ 0x30
100040d6:	5519      	strb	r1, [r3, r4]
100040d8:	210a      	movs	r1, #10
100040da:	0028      	movs	r0, r5
100040dc:	f7fe fb40 	bl	10002760 <__wrap___aeabi_idiv>
100040e0:	1e05      	subs	r5, r0, #0
100040e2:	d001      	beq.n	100040e8 <_ftoa+0x284>
100040e4:	0034      	movs	r4, r6
100040e6:	e7ed      	b.n	100040c4 <_ftoa+0x260>
100040e8:	0034      	movs	r4, r6
100040ea:	2303      	movs	r3, #3
100040ec:	9a22      	ldr	r2, [sp, #136]	@ 0x88
100040ee:	4013      	ands	r3, r2
100040f0:	2b01      	cmp	r3, #1
100040f2:	d01c      	beq.n	1000412e <_ftoa+0x2ca>
100040f4:	2c1f      	cmp	r4, #31
100040f6:	d806      	bhi.n	10004106 <_ftoa+0x2a2>
100040f8:	4643      	mov	r3, r8
100040fa:	2b00      	cmp	r3, #0
100040fc:	d032      	beq.n	10004164 <_ftoa+0x300>
100040fe:	ab0c      	add	r3, sp, #48	@ 0x30
10004100:	222d      	movs	r2, #45	@ 0x2d
10004102:	551a      	strb	r2, [r3, r4]
10004104:	3401      	adds	r4, #1
10004106:	9b22      	ldr	r3, [sp, #136]	@ 0x88
10004108:	9303      	str	r3, [sp, #12]
1000410a:	9b21      	ldr	r3, [sp, #132]	@ 0x84
1000410c:	9302      	str	r3, [sp, #8]
1000410e:	9401      	str	r4, [sp, #4]
10004110:	ab0c      	add	r3, sp, #48	@ 0x30
10004112:	9300      	str	r3, [sp, #0]
10004114:	464b      	mov	r3, r9
10004116:	465a      	mov	r2, fp
10004118:	9907      	ldr	r1, [sp, #28]
1000411a:	9806      	ldr	r0, [sp, #24]
1000411c:	f7ff facc 	bl	100036b8 <_out_rev>
10004120:	b015      	add	sp, #84	@ 0x54
10004122:	bcf0      	pop	{r4, r5, r6, r7}
10004124:	46bb      	mov	fp, r7
10004126:	46b2      	mov	sl, r6
10004128:	46a9      	mov	r9, r5
1000412a:	46a0      	mov	r8, r4
1000412c:	bdf0      	pop	{r4, r5, r6, r7, pc}
1000412e:	9b21      	ldr	r3, [sp, #132]	@ 0x84
10004130:	2b00      	cmp	r3, #0
10004132:	d013      	beq.n	1000415c <_ftoa+0x2f8>
10004134:	4643      	mov	r3, r8
10004136:	2b00      	cmp	r3, #0
10004138:	d102      	bne.n	10004140 <_ftoa+0x2dc>
1000413a:	330c      	adds	r3, #12
1000413c:	4213      	tst	r3, r2
1000413e:	d00f      	beq.n	10004160 <_ftoa+0x2fc>
10004140:	9b21      	ldr	r3, [sp, #132]	@ 0x84
10004142:	3b01      	subs	r3, #1
10004144:	9321      	str	r3, [sp, #132]	@ 0x84
10004146:	0019      	movs	r1, r3
10004148:	e003      	b.n	10004152 <_ftoa+0x2ee>
1000414a:	ab0c      	add	r3, sp, #48	@ 0x30
1000414c:	2230      	movs	r2, #48	@ 0x30
1000414e:	551a      	strb	r2, [r3, r4]
10004150:	3401      	adds	r4, #1
10004152:	428c      	cmp	r4, r1
10004154:	d2ce      	bcs.n	100040f4 <_ftoa+0x290>
10004156:	2c1f      	cmp	r4, #31
10004158:	d9f7      	bls.n	1000414a <_ftoa+0x2e6>
1000415a:	e7cb      	b.n	100040f4 <_ftoa+0x290>
1000415c:	9921      	ldr	r1, [sp, #132]	@ 0x84
1000415e:	e7f8      	b.n	10004152 <_ftoa+0x2ee>
10004160:	9921      	ldr	r1, [sp, #132]	@ 0x84
10004162:	e7f6      	b.n	10004152 <_ftoa+0x2ee>
10004164:	9b22      	ldr	r3, [sp, #136]	@ 0x88
10004166:	075b      	lsls	r3, r3, #29
10004168:	d504      	bpl.n	10004174 <_ftoa+0x310>
1000416a:	ab0c      	add	r3, sp, #48	@ 0x30
1000416c:	222b      	movs	r2, #43	@ 0x2b
1000416e:	551a      	strb	r2, [r3, r4]
10004170:	3401      	adds	r4, #1
10004172:	e7c8      	b.n	10004106 <_ftoa+0x2a2>
10004174:	9b22      	ldr	r3, [sp, #136]	@ 0x88
10004176:	071b      	lsls	r3, r3, #28
10004178:	d5c5      	bpl.n	10004106 <_ftoa+0x2a2>
1000417a:	ab0c      	add	r3, sp, #48	@ 0x30
1000417c:	2220      	movs	r2, #32
1000417e:	551a      	strb	r2, [r3, r4]
10004180:	3401      	adds	r4, #1
10004182:	e7c0      	b.n	10004106 <_ftoa+0x2a2>
10004184:	ffefffff 	.word	0xffefffff
10004188:	7fefffff 	.word	0x7fefffff
1000418c:	41cdcd65 	.word	0x41cdcd65
10004190:	c1cdcd65 	.word	0xc1cdcd65
10004194:	10008320 	.word	0x10008320
10004198:	10008324 	.word	0x10008324
1000419c:	10008314 	.word	0x10008314
100041a0:	1000831c 	.word	0x1000831c
100041a4:	10008bc8 	.word	0x10008bc8
100041a8:	3fe00000 	.word	0x3fe00000

100041ac <_vsnprintf>:
100041ac:	b5f0      	push	{r4, r5, r6, r7, lr}
100041ae:	46de      	mov	lr, fp
100041b0:	4657      	mov	r7, sl
100041b2:	464e      	mov	r6, r9
100041b4:	4645      	mov	r5, r8
100041b6:	b5e0      	push	{r5, r6, r7, lr}
100041b8:	b093      	sub	sp, #76	@ 0x4c
100041ba:	0007      	movs	r7, r0
100041bc:	468a      	mov	sl, r1
100041be:	4693      	mov	fp, r2
100041c0:	9311      	str	r3, [sp, #68]	@ 0x44
100041c2:	2900      	cmp	r1, #0
100041c4:	d100      	bne.n	100041c8 <_vsnprintf+0x1c>
100041c6:	e32c      	b.n	10004822 <_vsnprintf+0x676>
100041c8:	2500      	movs	r5, #0
100041ca:	e008      	b.n	100041de <_vsnprintf+0x32>
100041cc:	1c6c      	adds	r4, r5, #1
100041ce:	465b      	mov	r3, fp
100041d0:	002a      	movs	r2, r5
100041d2:	4651      	mov	r1, sl
100041d4:	47b8      	blx	r7
100041d6:	9b11      	ldr	r3, [sp, #68]	@ 0x44
100041d8:	3301      	adds	r3, #1
100041da:	9311      	str	r3, [sp, #68]	@ 0x44
100041dc:	0025      	movs	r5, r4
100041de:	9b11      	ldr	r3, [sp, #68]	@ 0x44
100041e0:	7818      	ldrb	r0, [r3, #0]
100041e2:	2800      	cmp	r0, #0
100041e4:	d100      	bne.n	100041e8 <_vsnprintf+0x3c>
100041e6:	e31e      	b.n	10004826 <_vsnprintf+0x67a>
100041e8:	2825      	cmp	r0, #37	@ 0x25
100041ea:	d1ef      	bne.n	100041cc <_vsnprintf+0x20>
100041ec:	3301      	adds	r3, #1
100041ee:	9311      	str	r3, [sp, #68]	@ 0x44
100041f0:	2300      	movs	r3, #0
100041f2:	0018      	movs	r0, r3
100041f4:	e020      	b.n	10004238 <_vsnprintf+0x8c>
100041f6:	2301      	movs	r3, #1
100041f8:	4318      	orrs	r0, r3
100041fa:	3201      	adds	r2, #1
100041fc:	9211      	str	r2, [sp, #68]	@ 0x44
100041fe:	2401      	movs	r4, #1
10004200:	e018      	b.n	10004234 <_vsnprintf+0x88>
10004202:	2302      	movs	r3, #2
10004204:	4318      	orrs	r0, r3
10004206:	3201      	adds	r2, #1
10004208:	9211      	str	r2, [sp, #68]	@ 0x44
1000420a:	2401      	movs	r4, #1
1000420c:	e012      	b.n	10004234 <_vsnprintf+0x88>
1000420e:	2304      	movs	r3, #4
10004210:	4318      	orrs	r0, r3
10004212:	3201      	adds	r2, #1
10004214:	9211      	str	r2, [sp, #68]	@ 0x44
10004216:	2401      	movs	r4, #1
10004218:	e00c      	b.n	10004234 <_vsnprintf+0x88>
1000421a:	2308      	movs	r3, #8
1000421c:	4318      	orrs	r0, r3
1000421e:	3201      	adds	r2, #1
10004220:	9211      	str	r2, [sp, #68]	@ 0x44
10004222:	2401      	movs	r4, #1
10004224:	e006      	b.n	10004234 <_vsnprintf+0x88>
10004226:	2310      	movs	r3, #16
10004228:	4318      	orrs	r0, r3
1000422a:	3201      	adds	r2, #1
1000422c:	9211      	str	r2, [sp, #68]	@ 0x44
1000422e:	2401      	movs	r4, #1
10004230:	e000      	b.n	10004234 <_vsnprintf+0x88>
10004232:	2400      	movs	r4, #0
10004234:	2c00      	cmp	r4, #0
10004236:	d009      	beq.n	1000424c <_vsnprintf+0xa0>
10004238:	9a11      	ldr	r2, [sp, #68]	@ 0x44
1000423a:	7813      	ldrb	r3, [r2, #0]
1000423c:	3b20      	subs	r3, #32
1000423e:	b2d9      	uxtb	r1, r3
10004240:	2910      	cmp	r1, #16
10004242:	d8f6      	bhi.n	10004232 <_vsnprintf+0x86>
10004244:	008b      	lsls	r3, r1, #2
10004246:	49c4      	ldr	r1, [pc, #784]	@ (10004558 <_vsnprintf+0x3ac>)
10004248:	58cb      	ldr	r3, [r1, r3]
1000424a:	469f      	mov	pc, r3
1000424c:	4681      	mov	r9, r0
1000424e:	9b11      	ldr	r3, [sp, #68]	@ 0x44
10004250:	781a      	ldrb	r2, [r3, #0]
10004252:	0013      	movs	r3, r2
10004254:	3b30      	subs	r3, #48	@ 0x30
10004256:	b2db      	uxtb	r3, r3
10004258:	2b09      	cmp	r3, #9
1000425a:	d910      	bls.n	1000427e <_vsnprintf+0xd2>
1000425c:	2a2a      	cmp	r2, #42	@ 0x2a
1000425e:	d013      	beq.n	10004288 <_vsnprintf+0xdc>
10004260:	940b      	str	r4, [sp, #44]	@ 0x2c
10004262:	9b11      	ldr	r3, [sp, #68]	@ 0x44
10004264:	781a      	ldrb	r2, [r3, #0]
10004266:	2a2e      	cmp	r2, #46	@ 0x2e
10004268:	d020      	beq.n	100042ac <_vsnprintf+0x100>
1000426a:	9a11      	ldr	r2, [sp, #68]	@ 0x44
1000426c:	7813      	ldrb	r3, [r2, #0]
1000426e:	3b68      	subs	r3, #104	@ 0x68
10004270:	b2d9      	uxtb	r1, r3
10004272:	2912      	cmp	r1, #18
10004274:	d865      	bhi.n	10004342 <_vsnprintf+0x196>
10004276:	008b      	lsls	r3, r1, #2
10004278:	49b8      	ldr	r1, [pc, #736]	@ (1000455c <_vsnprintf+0x3b0>)
1000427a:	58cb      	ldr	r3, [r1, r3]
1000427c:	469f      	mov	pc, r3
1000427e:	a811      	add	r0, sp, #68	@ 0x44
10004280:	f7ff fa08 	bl	10003694 <_atoi>
10004284:	900b      	str	r0, [sp, #44]	@ 0x2c
10004286:	e7ec      	b.n	10004262 <_vsnprintf+0xb6>
10004288:	9b1c      	ldr	r3, [sp, #112]	@ 0x70
1000428a:	1d1a      	adds	r2, r3, #4
1000428c:	921c      	str	r2, [sp, #112]	@ 0x70
1000428e:	681b      	ldr	r3, [r3, #0]
10004290:	2b00      	cmp	r3, #0
10004292:	db04      	blt.n	1000429e <_vsnprintf+0xf2>
10004294:	930b      	str	r3, [sp, #44]	@ 0x2c
10004296:	9b11      	ldr	r3, [sp, #68]	@ 0x44
10004298:	3301      	adds	r3, #1
1000429a:	9311      	str	r3, [sp, #68]	@ 0x44
1000429c:	e7e1      	b.n	10004262 <_vsnprintf+0xb6>
1000429e:	2202      	movs	r2, #2
100042a0:	0001      	movs	r1, r0
100042a2:	4311      	orrs	r1, r2
100042a4:	4689      	mov	r9, r1
100042a6:	425b      	negs	r3, r3
100042a8:	930b      	str	r3, [sp, #44]	@ 0x2c
100042aa:	e7f4      	b.n	10004296 <_vsnprintf+0xea>
100042ac:	2280      	movs	r2, #128	@ 0x80
100042ae:	00d2      	lsls	r2, r2, #3
100042b0:	4649      	mov	r1, r9
100042b2:	4311      	orrs	r1, r2
100042b4:	4689      	mov	r9, r1
100042b6:	1c5a      	adds	r2, r3, #1
100042b8:	9211      	str	r2, [sp, #68]	@ 0x44
100042ba:	785a      	ldrb	r2, [r3, #1]
100042bc:	0013      	movs	r3, r2
100042be:	3b30      	subs	r3, #48	@ 0x30
100042c0:	b2db      	uxtb	r3, r3
100042c2:	2b09      	cmp	r3, #9
100042c4:	d90b      	bls.n	100042de <_vsnprintf+0x132>
100042c6:	2a2a      	cmp	r2, #42	@ 0x2a
100042c8:	d1cf      	bne.n	1000426a <_vsnprintf+0xbe>
100042ca:	9b1c      	ldr	r3, [sp, #112]	@ 0x70
100042cc:	1d1a      	adds	r2, r3, #4
100042ce:	921c      	str	r2, [sp, #112]	@ 0x70
100042d0:	681c      	ldr	r4, [r3, #0]
100042d2:	2c00      	cmp	r4, #0
100042d4:	db08      	blt.n	100042e8 <_vsnprintf+0x13c>
100042d6:	9b11      	ldr	r3, [sp, #68]	@ 0x44
100042d8:	3301      	adds	r3, #1
100042da:	9311      	str	r3, [sp, #68]	@ 0x44
100042dc:	e7c5      	b.n	1000426a <_vsnprintf+0xbe>
100042de:	a811      	add	r0, sp, #68	@ 0x44
100042e0:	f7ff f9d8 	bl	10003694 <_atoi>
100042e4:	0004      	movs	r4, r0
100042e6:	e7c0      	b.n	1000426a <_vsnprintf+0xbe>
100042e8:	2400      	movs	r4, #0
100042ea:	e7f4      	b.n	100042d6 <_vsnprintf+0x12a>
100042ec:	2380      	movs	r3, #128	@ 0x80
100042ee:	005b      	lsls	r3, r3, #1
100042f0:	4649      	mov	r1, r9
100042f2:	430b      	orrs	r3, r1
100042f4:	1c51      	adds	r1, r2, #1
100042f6:	9111      	str	r1, [sp, #68]	@ 0x44
100042f8:	7851      	ldrb	r1, [r2, #1]
100042fa:	296c      	cmp	r1, #108	@ 0x6c
100042fc:	d001      	beq.n	10004302 <_vsnprintf+0x156>
100042fe:	4699      	mov	r9, r3
10004300:	e01f      	b.n	10004342 <_vsnprintf+0x196>
10004302:	23c0      	movs	r3, #192	@ 0xc0
10004304:	009b      	lsls	r3, r3, #2
10004306:	4649      	mov	r1, r9
10004308:	4319      	orrs	r1, r3
1000430a:	4689      	mov	r9, r1
1000430c:	3202      	adds	r2, #2
1000430e:	9211      	str	r2, [sp, #68]	@ 0x44
10004310:	e017      	b.n	10004342 <_vsnprintf+0x196>
10004312:	2380      	movs	r3, #128	@ 0x80
10004314:	4649      	mov	r1, r9
10004316:	430b      	orrs	r3, r1
10004318:	1c51      	adds	r1, r2, #1
1000431a:	9111      	str	r1, [sp, #68]	@ 0x44
1000431c:	7851      	ldrb	r1, [r2, #1]
1000431e:	2968      	cmp	r1, #104	@ 0x68
10004320:	d001      	beq.n	10004326 <_vsnprintf+0x17a>
10004322:	4699      	mov	r9, r3
10004324:	e00d      	b.n	10004342 <_vsnprintf+0x196>
10004326:	23c0      	movs	r3, #192	@ 0xc0
10004328:	4649      	mov	r1, r9
1000432a:	4319      	orrs	r1, r3
1000432c:	4689      	mov	r9, r1
1000432e:	3202      	adds	r2, #2
10004330:	9211      	str	r2, [sp, #68]	@ 0x44
10004332:	e006      	b.n	10004342 <_vsnprintf+0x196>
10004334:	2380      	movs	r3, #128	@ 0x80
10004336:	005b      	lsls	r3, r3, #1
10004338:	4649      	mov	r1, r9
1000433a:	4319      	orrs	r1, r3
1000433c:	4689      	mov	r9, r1
1000433e:	3201      	adds	r2, #1
10004340:	9211      	str	r2, [sp, #68]	@ 0x44
10004342:	9b11      	ldr	r3, [sp, #68]	@ 0x44
10004344:	7818      	ldrb	r0, [r3, #0]
10004346:	2867      	cmp	r0, #103	@ 0x67
10004348:	d81c      	bhi.n	10004384 <_vsnprintf+0x1d8>
1000434a:	2825      	cmp	r0, #37	@ 0x25
1000434c:	d200      	bcs.n	10004350 <_vsnprintf+0x1a4>
1000434e:	e25e      	b.n	1000480e <_vsnprintf+0x662>
10004350:	0003      	movs	r3, r0
10004352:	3b25      	subs	r3, #37	@ 0x25
10004354:	b2da      	uxtb	r2, r3
10004356:	2a42      	cmp	r2, #66	@ 0x42
10004358:	d900      	bls.n	1000435c <_vsnprintf+0x1b0>
1000435a:	e258      	b.n	1000480e <_vsnprintf+0x662>
1000435c:	0093      	lsls	r3, r2, #2
1000435e:	4a80      	ldr	r2, [pc, #512]	@ (10004560 <_vsnprintf+0x3b4>)
10004360:	58d3      	ldr	r3, [r2, r3]
10004362:	469f      	mov	pc, r3
10004364:	2380      	movs	r3, #128	@ 0x80
10004366:	009b      	lsls	r3, r3, #2
10004368:	4649      	mov	r1, r9
1000436a:	4319      	orrs	r1, r3
1000436c:	4689      	mov	r9, r1
1000436e:	3201      	adds	r2, #1
10004370:	9211      	str	r2, [sp, #68]	@ 0x44
10004372:	e7e6      	b.n	10004342 <_vsnprintf+0x196>
10004374:	2380      	movs	r3, #128	@ 0x80
10004376:	005b      	lsls	r3, r3, #1
10004378:	4649      	mov	r1, r9
1000437a:	4319      	orrs	r1, r3
1000437c:	4689      	mov	r9, r1
1000437e:	3201      	adds	r2, #1
10004380:	9211      	str	r2, [sp, #68]	@ 0x44
10004382:	e7de      	b.n	10004342 <_vsnprintf+0x196>
10004384:	2878      	cmp	r0, #120	@ 0x78
10004386:	d900      	bls.n	1000438a <_vsnprintf+0x1de>
10004388:	e241      	b.n	1000480e <_vsnprintf+0x662>
1000438a:	2869      	cmp	r0, #105	@ 0x69
1000438c:	d200      	bcs.n	10004390 <_vsnprintf+0x1e4>
1000438e:	e23e      	b.n	1000480e <_vsnprintf+0x662>
10004390:	0002      	movs	r2, r0
10004392:	3a69      	subs	r2, #105	@ 0x69
10004394:	b2d2      	uxtb	r2, r2
10004396:	2301      	movs	r3, #1
10004398:	4093      	lsls	r3, r2
1000439a:	4a72      	ldr	r2, [pc, #456]	@ (10004564 <_vsnprintf+0x3b8>)
1000439c:	4213      	tst	r3, r2
1000439e:	d110      	bne.n	100043c2 <_vsnprintf+0x216>
100043a0:	061a      	lsls	r2, r3, #24
100043a2:	d500      	bpl.n	100043a6 <_vsnprintf+0x1fa>
100043a4:	e20c      	b.n	100047c0 <_vsnprintf+0x614>
100043a6:	055b      	lsls	r3, r3, #21
100043a8:	d400      	bmi.n	100043ac <_vsnprintf+0x200>
100043aa:	e230      	b.n	1000480e <_vsnprintf+0x662>
100043ac:	9b1c      	ldr	r3, [sp, #112]	@ 0x70
100043ae:	1d1a      	adds	r2, r3, #4
100043b0:	921c      	str	r2, [sp, #112]	@ 0x70
100043b2:	681e      	ldr	r6, [r3, #0]
100043b4:	2c00      	cmp	r4, #0
100043b6:	d000      	beq.n	100043ba <_vsnprintf+0x20e>
100043b8:	e1ba      	b.n	10004730 <_vsnprintf+0x584>
100043ba:	2201      	movs	r2, #1
100043bc:	4252      	negs	r2, r2
100043be:	0033      	movs	r3, r6
100043c0:	e196      	b.n	100046f0 <_vsnprintf+0x544>
100043c2:	286f      	cmp	r0, #111	@ 0x6f
100043c4:	d042      	beq.n	1000444c <_vsnprintf+0x2a0>
100043c6:	d805      	bhi.n	100043d4 <_vsnprintf+0x228>
100043c8:	2858      	cmp	r0, #88	@ 0x58
100043ca:	d041      	beq.n	10004450 <_vsnprintf+0x2a4>
100043cc:	2862      	cmp	r0, #98	@ 0x62
100043ce:	d103      	bne.n	100043d8 <_vsnprintf+0x22c>
100043d0:	2602      	movs	r6, #2
100043d2:	e006      	b.n	100043e2 <_vsnprintf+0x236>
100043d4:	2878      	cmp	r0, #120	@ 0x78
100043d6:	d03d      	beq.n	10004454 <_vsnprintf+0x2a8>
100043d8:	2310      	movs	r3, #16
100043da:	464a      	mov	r2, r9
100043dc:	439a      	bics	r2, r3
100043de:	4691      	mov	r9, r2
100043e0:	260a      	movs	r6, #10
100043e2:	2858      	cmp	r0, #88	@ 0x58
100043e4:	d038      	beq.n	10004458 <_vsnprintf+0x2ac>
100043e6:	2869      	cmp	r0, #105	@ 0x69
100043e8:	d005      	beq.n	100043f6 <_vsnprintf+0x24a>
100043ea:	2864      	cmp	r0, #100	@ 0x64
100043ec:	d003      	beq.n	100043f6 <_vsnprintf+0x24a>
100043ee:	220c      	movs	r2, #12
100043f0:	464b      	mov	r3, r9
100043f2:	4393      	bics	r3, r2
100043f4:	4699      	mov	r9, r3
100043f6:	464b      	mov	r3, r9
100043f8:	055a      	lsls	r2, r3, #21
100043fa:	d502      	bpl.n	10004402 <_vsnprintf+0x256>
100043fc:	2201      	movs	r2, #1
100043fe:	4393      	bics	r3, r2
10004400:	4699      	mov	r9, r3
10004402:	2869      	cmp	r0, #105	@ 0x69
10004404:	d02d      	beq.n	10004462 <_vsnprintf+0x2b6>
10004406:	2864      	cmp	r0, #100	@ 0x64
10004408:	d02b      	beq.n	10004462 <_vsnprintf+0x2b6>
1000440a:	464b      	mov	r3, r9
1000440c:	059a      	lsls	r2, r3, #22
1000440e:	d500      	bpl.n	10004412 <_vsnprintf+0x266>
10004410:	e0aa      	b.n	10004568 <_vsnprintf+0x3bc>
10004412:	05da      	lsls	r2, r3, #23
10004414:	d500      	bpl.n	10004418 <_vsnprintf+0x26c>
10004416:	e0c2      	b.n	1000459e <_vsnprintf+0x3f2>
10004418:	065a      	lsls	r2, r3, #25
1000441a:	d400      	bmi.n	1000441e <_vsnprintf+0x272>
1000441c:	e0d3      	b.n	100045c6 <_vsnprintf+0x41a>
1000441e:	9a1c      	ldr	r2, [sp, #112]	@ 0x70
10004420:	1d11      	adds	r1, r2, #4
10004422:	911c      	str	r1, [sp, #112]	@ 0x70
10004424:	6811      	ldr	r1, [r2, #0]
10004426:	22ff      	movs	r2, #255	@ 0xff
10004428:	400a      	ands	r2, r1
1000442a:	464b      	mov	r3, r9
1000442c:	9305      	str	r3, [sp, #20]
1000442e:	9b0b      	ldr	r3, [sp, #44]	@ 0x2c
10004430:	9304      	str	r3, [sp, #16]
10004432:	9403      	str	r4, [sp, #12]
10004434:	9602      	str	r6, [sp, #8]
10004436:	2300      	movs	r3, #0
10004438:	9301      	str	r3, [sp, #4]
1000443a:	9200      	str	r2, [sp, #0]
1000443c:	465b      	mov	r3, fp
1000443e:	002a      	movs	r2, r5
10004440:	4651      	mov	r1, sl
10004442:	0038      	movs	r0, r7
10004444:	f7ff fa17 	bl	10003876 <_ntoa_long>
10004448:	0005      	movs	r5, r0
1000444a:	e02a      	b.n	100044a2 <_vsnprintf+0x2f6>
1000444c:	2608      	movs	r6, #8
1000444e:	e7c8      	b.n	100043e2 <_vsnprintf+0x236>
10004450:	2610      	movs	r6, #16
10004452:	e7c6      	b.n	100043e2 <_vsnprintf+0x236>
10004454:	2610      	movs	r6, #16
10004456:	e7c4      	b.n	100043e2 <_vsnprintf+0x236>
10004458:	2220      	movs	r2, #32
1000445a:	464b      	mov	r3, r9
1000445c:	4313      	orrs	r3, r2
1000445e:	4699      	mov	r9, r3
10004460:	e7c1      	b.n	100043e6 <_vsnprintf+0x23a>
10004462:	464b      	mov	r3, r9
10004464:	059a      	lsls	r2, r3, #22
10004466:	d420      	bmi.n	100044aa <_vsnprintf+0x2fe>
10004468:	05da      	lsls	r2, r3, #23
1000446a:	d451      	bmi.n	10004510 <_vsnprintf+0x364>
1000446c:	065a      	lsls	r2, r3, #25
1000446e:	d566      	bpl.n	1000453e <_vsnprintf+0x392>
10004470:	9a1c      	ldr	r2, [sp, #112]	@ 0x70
10004472:	1d11      	adds	r1, r2, #4
10004474:	911c      	str	r1, [sp, #112]	@ 0x70
10004476:	6811      	ldr	r1, [r2, #0]
10004478:	22ff      	movs	r2, #255	@ 0xff
1000447a:	400a      	ands	r2, r1
1000447c:	17d0      	asrs	r0, r2, #31
1000447e:	1811      	adds	r1, r2, r0
10004480:	4041      	eors	r1, r0
10004482:	464b      	mov	r3, r9
10004484:	9305      	str	r3, [sp, #20]
10004486:	9b0b      	ldr	r3, [sp, #44]	@ 0x2c
10004488:	9304      	str	r3, [sp, #16]
1000448a:	9403      	str	r4, [sp, #12]
1000448c:	9602      	str	r6, [sp, #8]
1000448e:	0fd2      	lsrs	r2, r2, #31
10004490:	9201      	str	r2, [sp, #4]
10004492:	9100      	str	r1, [sp, #0]
10004494:	465b      	mov	r3, fp
10004496:	002a      	movs	r2, r5
10004498:	4651      	mov	r1, sl
1000449a:	0038      	movs	r0, r7
1000449c:	f7ff f9eb 	bl	10003876 <_ntoa_long>
100044a0:	0005      	movs	r5, r0
100044a2:	9b11      	ldr	r3, [sp, #68]	@ 0x44
100044a4:	3301      	adds	r3, #1
100044a6:	9311      	str	r3, [sp, #68]	@ 0x44
100044a8:	e699      	b.n	100041de <_vsnprintf+0x32>
100044aa:	9a1c      	ldr	r2, [sp, #112]	@ 0x70
100044ac:	3207      	adds	r2, #7
100044ae:	2107      	movs	r1, #7
100044b0:	438a      	bics	r2, r1
100044b2:	0011      	movs	r1, r2
100044b4:	3108      	adds	r1, #8
100044b6:	911c      	str	r1, [sp, #112]	@ 0x70
100044b8:	6811      	ldr	r1, [r2, #0]
100044ba:	6853      	ldr	r3, [r2, #4]
100044bc:	469c      	mov	ip, r3
100044be:	17db      	asrs	r3, r3, #31
100044c0:	930c      	str	r3, [sp, #48]	@ 0x30
100044c2:	930d      	str	r3, [sp, #52]	@ 0x34
100044c4:	9a0c      	ldr	r2, [sp, #48]	@ 0x30
100044c6:	9b0d      	ldr	r3, [sp, #52]	@ 0x34
100044c8:	0010      	movs	r0, r2
100044ca:	4048      	eors	r0, r1
100044cc:	900e      	str	r0, [sp, #56]	@ 0x38
100044ce:	9b0d      	ldr	r3, [sp, #52]	@ 0x34
100044d0:	4661      	mov	r1, ip
100044d2:	404b      	eors	r3, r1
100044d4:	930f      	str	r3, [sp, #60]	@ 0x3c
100044d6:	980e      	ldr	r0, [sp, #56]	@ 0x38
100044d8:	990f      	ldr	r1, [sp, #60]	@ 0x3c
100044da:	9a0c      	ldr	r2, [sp, #48]	@ 0x30
100044dc:	9b0d      	ldr	r3, [sp, #52]	@ 0x34
100044de:	1a80      	subs	r0, r0, r2
100044e0:	4199      	sbcs	r1, r3
100044e2:	900e      	str	r0, [sp, #56]	@ 0x38
100044e4:	910f      	str	r1, [sp, #60]	@ 0x3c
100044e6:	464b      	mov	r3, r9
100044e8:	9308      	str	r3, [sp, #32]
100044ea:	9b0b      	ldr	r3, [sp, #44]	@ 0x2c
100044ec:	9307      	str	r3, [sp, #28]
100044ee:	9406      	str	r4, [sp, #24]
100044f0:	9604      	str	r6, [sp, #16]
100044f2:	2300      	movs	r3, #0
100044f4:	9305      	str	r3, [sp, #20]
100044f6:	4663      	mov	r3, ip
100044f8:	0fda      	lsrs	r2, r3, #31
100044fa:	9202      	str	r2, [sp, #8]
100044fc:	9000      	str	r0, [sp, #0]
100044fe:	9101      	str	r1, [sp, #4]
10004500:	465b      	mov	r3, fp
10004502:	002a      	movs	r2, r5
10004504:	4651      	mov	r1, sl
10004506:	0038      	movs	r0, r7
10004508:	f7ff fa13 	bl	10003932 <_ntoa_long_long>
1000450c:	0005      	movs	r5, r0
1000450e:	e7c8      	b.n	100044a2 <_vsnprintf+0x2f6>
10004510:	9a1c      	ldr	r2, [sp, #112]	@ 0x70
10004512:	1d11      	adds	r1, r2, #4
10004514:	911c      	str	r1, [sp, #112]	@ 0x70
10004516:	6812      	ldr	r2, [r2, #0]
10004518:	17d0      	asrs	r0, r2, #31
1000451a:	1811      	adds	r1, r2, r0
1000451c:	4041      	eors	r1, r0
1000451e:	9305      	str	r3, [sp, #20]
10004520:	9b0b      	ldr	r3, [sp, #44]	@ 0x2c
10004522:	9304      	str	r3, [sp, #16]
10004524:	9403      	str	r4, [sp, #12]
10004526:	9602      	str	r6, [sp, #8]
10004528:	0fd2      	lsrs	r2, r2, #31
1000452a:	9201      	str	r2, [sp, #4]
1000452c:	9100      	str	r1, [sp, #0]
1000452e:	465b      	mov	r3, fp
10004530:	002a      	movs	r2, r5
10004532:	4651      	mov	r1, sl
10004534:	0038      	movs	r0, r7
10004536:	f7ff f99e 	bl	10003876 <_ntoa_long>
1000453a:	0005      	movs	r5, r0
1000453c:	e7b1      	b.n	100044a2 <_vsnprintf+0x2f6>
1000453e:	061a      	lsls	r2, r3, #24
10004540:	d505      	bpl.n	1000454e <_vsnprintf+0x3a2>
10004542:	9a1c      	ldr	r2, [sp, #112]	@ 0x70
10004544:	1d11      	adds	r1, r2, #4
10004546:	911c      	str	r1, [sp, #112]	@ 0x70
10004548:	2300      	movs	r3, #0
1000454a:	5ed2      	ldrsh	r2, [r2, r3]
1000454c:	e796      	b.n	1000447c <_vsnprintf+0x2d0>
1000454e:	9a1c      	ldr	r2, [sp, #112]	@ 0x70
10004550:	1d11      	adds	r1, r2, #4
10004552:	911c      	str	r1, [sp, #112]	@ 0x70
10004554:	6812      	ldr	r2, [r2, #0]
10004556:	e791      	b.n	1000447c <_vsnprintf+0x2d0>
10004558:	10008a2c 	.word	0x10008a2c
1000455c:	10008a70 	.word	0x10008a70
10004560:	10008abc 	.word	0x10008abc
10004564:	00009041 	.word	0x00009041
10004568:	9a1c      	ldr	r2, [sp, #112]	@ 0x70
1000456a:	3207      	adds	r2, #7
1000456c:	2107      	movs	r1, #7
1000456e:	438a      	bics	r2, r1
10004570:	0011      	movs	r1, r2
10004572:	3108      	adds	r1, #8
10004574:	911c      	str	r1, [sp, #112]	@ 0x70
10004576:	9308      	str	r3, [sp, #32]
10004578:	9b0b      	ldr	r3, [sp, #44]	@ 0x2c
1000457a:	9307      	str	r3, [sp, #28]
1000457c:	9406      	str	r4, [sp, #24]
1000457e:	9604      	str	r6, [sp, #16]
10004580:	2300      	movs	r3, #0
10004582:	9305      	str	r3, [sp, #20]
10004584:	9302      	str	r3, [sp, #8]
10004586:	6853      	ldr	r3, [r2, #4]
10004588:	6812      	ldr	r2, [r2, #0]
1000458a:	9200      	str	r2, [sp, #0]
1000458c:	9301      	str	r3, [sp, #4]
1000458e:	465b      	mov	r3, fp
10004590:	002a      	movs	r2, r5
10004592:	4651      	mov	r1, sl
10004594:	0038      	movs	r0, r7
10004596:	f7ff f9cc 	bl	10003932 <_ntoa_long_long>
1000459a:	0005      	movs	r5, r0
1000459c:	e781      	b.n	100044a2 <_vsnprintf+0x2f6>
1000459e:	9a1c      	ldr	r2, [sp, #112]	@ 0x70
100045a0:	1d11      	adds	r1, r2, #4
100045a2:	911c      	str	r1, [sp, #112]	@ 0x70
100045a4:	9305      	str	r3, [sp, #20]
100045a6:	9b0b      	ldr	r3, [sp, #44]	@ 0x2c
100045a8:	9304      	str	r3, [sp, #16]
100045aa:	9403      	str	r4, [sp, #12]
100045ac:	9602      	str	r6, [sp, #8]
100045ae:	2300      	movs	r3, #0
100045b0:	9301      	str	r3, [sp, #4]
100045b2:	6813      	ldr	r3, [r2, #0]
100045b4:	9300      	str	r3, [sp, #0]
100045b6:	465b      	mov	r3, fp
100045b8:	002a      	movs	r2, r5
100045ba:	4651      	mov	r1, sl
100045bc:	0038      	movs	r0, r7
100045be:	f7ff f95a 	bl	10003876 <_ntoa_long>
100045c2:	0005      	movs	r5, r0
100045c4:	e76d      	b.n	100044a2 <_vsnprintf+0x2f6>
100045c6:	061a      	lsls	r2, r3, #24
100045c8:	d506      	bpl.n	100045d8 <_vsnprintf+0x42c>
100045ca:	9a1c      	ldr	r2, [sp, #112]	@ 0x70
100045cc:	1d11      	adds	r1, r2, #4
100045ce:	911c      	str	r1, [sp, #112]	@ 0x70
100045d0:	6812      	ldr	r2, [r2, #0]
100045d2:	0412      	lsls	r2, r2, #16
100045d4:	0c12      	lsrs	r2, r2, #16
100045d6:	e728      	b.n	1000442a <_vsnprintf+0x27e>
100045d8:	9a1c      	ldr	r2, [sp, #112]	@ 0x70
100045da:	1d11      	adds	r1, r2, #4
100045dc:	911c      	str	r1, [sp, #112]	@ 0x70
100045de:	6812      	ldr	r2, [r2, #0]
100045e0:	e723      	b.n	1000442a <_vsnprintf+0x27e>
100045e2:	2846      	cmp	r0, #70	@ 0x46
100045e4:	d01a      	beq.n	1000461c <_vsnprintf+0x470>
100045e6:	9b1c      	ldr	r3, [sp, #112]	@ 0x70
100045e8:	3307      	adds	r3, #7
100045ea:	2207      	movs	r2, #7
100045ec:	4393      	bics	r3, r2
100045ee:	001a      	movs	r2, r3
100045f0:	3208      	adds	r2, #8
100045f2:	921c      	str	r2, [sp, #112]	@ 0x70
100045f4:	464a      	mov	r2, r9
100045f6:	9204      	str	r2, [sp, #16]
100045f8:	9a0b      	ldr	r2, [sp, #44]	@ 0x2c
100045fa:	9203      	str	r2, [sp, #12]
100045fc:	9402      	str	r4, [sp, #8]
100045fe:	681a      	ldr	r2, [r3, #0]
10004600:	685b      	ldr	r3, [r3, #4]
10004602:	9200      	str	r2, [sp, #0]
10004604:	9301      	str	r3, [sp, #4]
10004606:	465b      	mov	r3, fp
10004608:	002a      	movs	r2, r5
1000460a:	4651      	mov	r1, sl
1000460c:	0038      	movs	r0, r7
1000460e:	f7ff fc29 	bl	10003e64 <_ftoa>
10004612:	0005      	movs	r5, r0
10004614:	9b11      	ldr	r3, [sp, #68]	@ 0x44
10004616:	3301      	adds	r3, #1
10004618:	9311      	str	r3, [sp, #68]	@ 0x44
1000461a:	e5e0      	b.n	100041de <_vsnprintf+0x32>
1000461c:	2320      	movs	r3, #32
1000461e:	464a      	mov	r2, r9
10004620:	431a      	orrs	r2, r3
10004622:	4691      	mov	r9, r2
10004624:	e7df      	b.n	100045e6 <_vsnprintf+0x43a>
10004626:	2867      	cmp	r0, #103	@ 0x67
10004628:	d001      	beq.n	1000462e <_vsnprintf+0x482>
1000462a:	2847      	cmp	r0, #71	@ 0x47
1000462c:	d104      	bne.n	10004638 <_vsnprintf+0x48c>
1000462e:	2380      	movs	r3, #128	@ 0x80
10004630:	011b      	lsls	r3, r3, #4
10004632:	464a      	mov	r2, r9
10004634:	431a      	orrs	r2, r3
10004636:	4691      	mov	r9, r2
10004638:	2845      	cmp	r0, #69	@ 0x45
1000463a:	d001      	beq.n	10004640 <_vsnprintf+0x494>
1000463c:	2847      	cmp	r0, #71	@ 0x47
1000463e:	d103      	bne.n	10004648 <_vsnprintf+0x49c>
10004640:	2320      	movs	r3, #32
10004642:	464a      	mov	r2, r9
10004644:	431a      	orrs	r2, r3
10004646:	4691      	mov	r9, r2
10004648:	9b1c      	ldr	r3, [sp, #112]	@ 0x70
1000464a:	3307      	adds	r3, #7
1000464c:	2207      	movs	r2, #7
1000464e:	4393      	bics	r3, r2
10004650:	001a      	movs	r2, r3
10004652:	3208      	adds	r2, #8
10004654:	921c      	str	r2, [sp, #112]	@ 0x70
10004656:	464a      	mov	r2, r9
10004658:	9204      	str	r2, [sp, #16]
1000465a:	9a0b      	ldr	r2, [sp, #44]	@ 0x2c
1000465c:	9203      	str	r2, [sp, #12]
1000465e:	9402      	str	r4, [sp, #8]
10004660:	681a      	ldr	r2, [r3, #0]
10004662:	685b      	ldr	r3, [r3, #4]
10004664:	9200      	str	r2, [sp, #0]
10004666:	9301      	str	r3, [sp, #4]
10004668:	465b      	mov	r3, fp
1000466a:	002a      	movs	r2, r5
1000466c:	4651      	mov	r1, sl
1000466e:	0038      	movs	r0, r7
10004670:	f7ff f9e6 	bl	10003a40 <_etoa>
10004674:	0005      	movs	r5, r0
10004676:	9b11      	ldr	r3, [sp, #68]	@ 0x44
10004678:	3301      	adds	r3, #1
1000467a:	9311      	str	r3, [sp, #68]	@ 0x44
1000467c:	e5af      	b.n	100041de <_vsnprintf+0x32>
1000467e:	2302      	movs	r3, #2
10004680:	464e      	mov	r6, r9
10004682:	401e      	ands	r6, r3
10004684:	464a      	mov	r2, r9
10004686:	4213      	tst	r3, r2
10004688:	d01e      	beq.n	100046c8 <_vsnprintf+0x51c>
1000468a:	2401      	movs	r4, #1
1000468c:	9b1c      	ldr	r3, [sp, #112]	@ 0x70
1000468e:	1d1a      	adds	r2, r3, #4
10004690:	921c      	str	r2, [sp, #112]	@ 0x70
10004692:	1c6a      	adds	r2, r5, #1
10004694:	4690      	mov	r8, r2
10004696:	7818      	ldrb	r0, [r3, #0]
10004698:	465b      	mov	r3, fp
1000469a:	002a      	movs	r2, r5
1000469c:	4651      	mov	r1, sl
1000469e:	47b8      	blx	r7
100046a0:	2e00      	cmp	r6, #0
100046a2:	d114      	bne.n	100046ce <_vsnprintf+0x522>
100046a4:	9b11      	ldr	r3, [sp, #68]	@ 0x44
100046a6:	3301      	adds	r3, #1
100046a8:	9311      	str	r3, [sp, #68]	@ 0x44
100046aa:	4645      	mov	r5, r8
100046ac:	e597      	b.n	100041de <_vsnprintf+0x32>
100046ae:	1c55      	adds	r5, r2, #1
100046b0:	465b      	mov	r3, fp
100046b2:	4651      	mov	r1, sl
100046b4:	2020      	movs	r0, #32
100046b6:	47b8      	blx	r7
100046b8:	0023      	movs	r3, r4
100046ba:	002a      	movs	r2, r5
100046bc:	1c5c      	adds	r4, r3, #1
100046be:	990b      	ldr	r1, [sp, #44]	@ 0x2c
100046c0:	4299      	cmp	r1, r3
100046c2:	d8f4      	bhi.n	100046ae <_vsnprintf+0x502>
100046c4:	0015      	movs	r5, r2
100046c6:	e7e1      	b.n	1000468c <_vsnprintf+0x4e0>
100046c8:	2301      	movs	r3, #1
100046ca:	002a      	movs	r2, r5
100046cc:	e7f6      	b.n	100046bc <_vsnprintf+0x510>
100046ce:	4642      	mov	r2, r8
100046d0:	e006      	b.n	100046e0 <_vsnprintf+0x534>
100046d2:	1c56      	adds	r6, r2, #1
100046d4:	465b      	mov	r3, fp
100046d6:	4651      	mov	r1, sl
100046d8:	2020      	movs	r0, #32
100046da:	47b8      	blx	r7
100046dc:	002c      	movs	r4, r5
100046de:	0032      	movs	r2, r6
100046e0:	1c65      	adds	r5, r4, #1
100046e2:	9b0b      	ldr	r3, [sp, #44]	@ 0x2c
100046e4:	42a3      	cmp	r3, r4
100046e6:	d8f4      	bhi.n	100046d2 <_vsnprintf+0x526>
100046e8:	4690      	mov	r8, r2
100046ea:	e7db      	b.n	100046a4 <_vsnprintf+0x4f8>
100046ec:	3301      	adds	r3, #1
100046ee:	000a      	movs	r2, r1
100046f0:	7819      	ldrb	r1, [r3, #0]
100046f2:	2900      	cmp	r1, #0
100046f4:	d002      	beq.n	100046fc <_vsnprintf+0x550>
100046f6:	1e51      	subs	r1, r2, #1
100046f8:	2a00      	cmp	r2, #0
100046fa:	d1f7      	bne.n	100046ec <_vsnprintf+0x540>
100046fc:	1b9b      	subs	r3, r3, r6
100046fe:	2280      	movs	r2, #128	@ 0x80
10004700:	00d2      	lsls	r2, r2, #3
10004702:	4649      	mov	r1, r9
10004704:	4011      	ands	r1, r2
10004706:	4688      	mov	r8, r1
10004708:	4649      	mov	r1, r9
1000470a:	4211      	tst	r1, r2
1000470c:	d002      	beq.n	10004714 <_vsnprintf+0x568>
1000470e:	42a3      	cmp	r3, r4
10004710:	d900      	bls.n	10004714 <_vsnprintf+0x568>
10004712:	0023      	movs	r3, r4
10004714:	2202      	movs	r2, #2
10004716:	4649      	mov	r1, r9
10004718:	4011      	ands	r1, r2
1000471a:	9110      	str	r1, [sp, #64]	@ 0x40
1000471c:	4649      	mov	r1, r9
1000471e:	420a      	tst	r2, r1
10004720:	d008      	beq.n	10004734 <_vsnprintf+0x588>
10004722:	002a      	movs	r2, r5
10004724:	0025      	movs	r5, r4
10004726:	4699      	mov	r9, r3
10004728:	003b      	movs	r3, r7
1000472a:	4647      	mov	r7, r8
1000472c:	4698      	mov	r8, r3
1000472e:	e026      	b.n	1000477e <_vsnprintf+0x5d2>
10004730:	0022      	movs	r2, r4
10004732:	e644      	b.n	100043be <_vsnprintf+0x212>
10004734:	46a1      	mov	r9, r4
10004736:	002a      	movs	r2, r5
10004738:	4651      	mov	r1, sl
1000473a:	46b2      	mov	sl, r6
1000473c:	000e      	movs	r6, r1
1000473e:	e006      	b.n	1000474e <_vsnprintf+0x5a2>
10004740:	1c55      	adds	r5, r2, #1
10004742:	465b      	mov	r3, fp
10004744:	0031      	movs	r1, r6
10004746:	2020      	movs	r0, #32
10004748:	47b8      	blx	r7
1000474a:	0023      	movs	r3, r4
1000474c:	002a      	movs	r2, r5
1000474e:	1c5c      	adds	r4, r3, #1
10004750:	990b      	ldr	r1, [sp, #44]	@ 0x2c
10004752:	4299      	cmp	r1, r3
10004754:	d8f4      	bhi.n	10004740 <_vsnprintf+0x594>
10004756:	0015      	movs	r5, r2
10004758:	0022      	movs	r2, r4
1000475a:	464c      	mov	r4, r9
1000475c:	0033      	movs	r3, r6
1000475e:	4656      	mov	r6, sl
10004760:	469a      	mov	sl, r3
10004762:	4691      	mov	r9, r2
10004764:	002a      	movs	r2, r5
10004766:	0025      	movs	r5, r4
10004768:	003b      	movs	r3, r7
1000476a:	4647      	mov	r7, r8
1000476c:	4698      	mov	r8, r3
1000476e:	e006      	b.n	1000477e <_vsnprintf+0x5d2>
10004770:	001d      	movs	r5, r3
10004772:	3601      	adds	r6, #1
10004774:	1c54      	adds	r4, r2, #1
10004776:	465b      	mov	r3, fp
10004778:	4651      	mov	r1, sl
1000477a:	47c0      	blx	r8
1000477c:	0022      	movs	r2, r4
1000477e:	7830      	ldrb	r0, [r6, #0]
10004780:	2800      	cmp	r0, #0
10004782:	d004      	beq.n	1000478e <_vsnprintf+0x5e2>
10004784:	2f00      	cmp	r7, #0
10004786:	d0f4      	beq.n	10004772 <_vsnprintf+0x5c6>
10004788:	1e6b      	subs	r3, r5, #1
1000478a:	2d00      	cmp	r5, #0
1000478c:	d1f0      	bne.n	10004770 <_vsnprintf+0x5c4>
1000478e:	0015      	movs	r5, r2
10004790:	464b      	mov	r3, r9
10004792:	4647      	mov	r7, r8
10004794:	9a10      	ldr	r2, [sp, #64]	@ 0x40
10004796:	2a00      	cmp	r2, #0
10004798:	d103      	bne.n	100047a2 <_vsnprintf+0x5f6>
1000479a:	9b11      	ldr	r3, [sp, #68]	@ 0x44
1000479c:	3301      	adds	r3, #1
1000479e:	9311      	str	r3, [sp, #68]	@ 0x44
100047a0:	e51d      	b.n	100041de <_vsnprintf+0x32>
100047a2:	9e0b      	ldr	r6, [sp, #44]	@ 0x2c
100047a4:	002a      	movs	r2, r5
100047a6:	e006      	b.n	100047b6 <_vsnprintf+0x60a>
100047a8:	1c55      	adds	r5, r2, #1
100047aa:	465b      	mov	r3, fp
100047ac:	4651      	mov	r1, sl
100047ae:	2020      	movs	r0, #32
100047b0:	47b8      	blx	r7
100047b2:	0023      	movs	r3, r4
100047b4:	002a      	movs	r2, r5
100047b6:	1c5c      	adds	r4, r3, #1
100047b8:	429e      	cmp	r6, r3
100047ba:	d8f5      	bhi.n	100047a8 <_vsnprintf+0x5fc>
100047bc:	0015      	movs	r5, r2
100047be:	e7ec      	b.n	1000479a <_vsnprintf+0x5ee>
100047c0:	2321      	movs	r3, #33	@ 0x21
100047c2:	464a      	mov	r2, r9
100047c4:	431a      	orrs	r2, r3
100047c6:	0013      	movs	r3, r2
100047c8:	9a1c      	ldr	r2, [sp, #112]	@ 0x70
100047ca:	1d11      	adds	r1, r2, #4
100047cc:	911c      	str	r1, [sp, #112]	@ 0x70
100047ce:	6812      	ldr	r2, [r2, #0]
100047d0:	9305      	str	r3, [sp, #20]
100047d2:	2308      	movs	r3, #8
100047d4:	9304      	str	r3, [sp, #16]
100047d6:	9403      	str	r4, [sp, #12]
100047d8:	3308      	adds	r3, #8
100047da:	9302      	str	r3, [sp, #8]
100047dc:	2300      	movs	r3, #0
100047de:	9301      	str	r3, [sp, #4]
100047e0:	9200      	str	r2, [sp, #0]
100047e2:	465b      	mov	r3, fp
100047e4:	002a      	movs	r2, r5
100047e6:	4651      	mov	r1, sl
100047e8:	0038      	movs	r0, r7
100047ea:	f7ff f844 	bl	10003876 <_ntoa_long>
100047ee:	0005      	movs	r5, r0
100047f0:	9b11      	ldr	r3, [sp, #68]	@ 0x44
100047f2:	3301      	adds	r3, #1
100047f4:	9311      	str	r3, [sp, #68]	@ 0x44
100047f6:	e4f2      	b.n	100041de <_vsnprintf+0x32>
100047f8:	1c6c      	adds	r4, r5, #1
100047fa:	465b      	mov	r3, fp
100047fc:	002a      	movs	r2, r5
100047fe:	4651      	mov	r1, sl
10004800:	2025      	movs	r0, #37	@ 0x25
10004802:	47b8      	blx	r7
10004804:	9b11      	ldr	r3, [sp, #68]	@ 0x44
10004806:	3301      	adds	r3, #1
10004808:	9311      	str	r3, [sp, #68]	@ 0x44
1000480a:	0025      	movs	r5, r4
1000480c:	e4e7      	b.n	100041de <_vsnprintf+0x32>
1000480e:	1c6c      	adds	r4, r5, #1
10004810:	465b      	mov	r3, fp
10004812:	002a      	movs	r2, r5
10004814:	4651      	mov	r1, sl
10004816:	47b8      	blx	r7
10004818:	9b11      	ldr	r3, [sp, #68]	@ 0x44
1000481a:	3301      	adds	r3, #1
1000481c:	9311      	str	r3, [sp, #68]	@ 0x44
1000481e:	0025      	movs	r5, r4
10004820:	e4dd      	b.n	100041de <_vsnprintf+0x32>
10004822:	4f0a      	ldr	r7, [pc, #40]	@ (1000484c <_vsnprintf+0x6a0>)
10004824:	e4d0      	b.n	100041c8 <_vsnprintf+0x1c>
10004826:	455d      	cmp	r5, fp
10004828:	d30d      	bcc.n	10004846 <_vsnprintf+0x69a>
1000482a:	465b      	mov	r3, fp
1000482c:	1e5a      	subs	r2, r3, #1
1000482e:	465b      	mov	r3, fp
10004830:	4651      	mov	r1, sl
10004832:	2000      	movs	r0, #0
10004834:	47b8      	blx	r7
10004836:	0028      	movs	r0, r5
10004838:	b013      	add	sp, #76	@ 0x4c
1000483a:	bcf0      	pop	{r4, r5, r6, r7}
1000483c:	46bb      	mov	fp, r7
1000483e:	46b2      	mov	sl, r6
10004840:	46a9      	mov	r9, r5
10004842:	46a0      	mov	r8, r4
10004844:	bdf0      	pop	{r4, r5, r6, r7, pc}
10004846:	002a      	movs	r2, r5
10004848:	e7f1      	b.n	1000482e <_vsnprintf+0x682>
1000484a:	46c0      	nop			@ (mov r8, r8)
1000484c:	10003685 	.word	0x10003685

10004850 <vfctprintf>:
10004850:	b510      	push	{r4, lr}
10004852:	b084      	sub	sp, #16
10004854:	000c      	movs	r4, r1
10004856:	a902      	add	r1, sp, #8
10004858:	9002      	str	r0, [sp, #8]
1000485a:	604c      	str	r4, [r1, #4]
1000485c:	2401      	movs	r4, #1
1000485e:	4804      	ldr	r0, [pc, #16]	@ (10004870 <vfctprintf+0x20>)
10004860:	9300      	str	r3, [sp, #0]
10004862:	0013      	movs	r3, r2
10004864:	4262      	negs	r2, r4
10004866:	f7ff fca1 	bl	100041ac <_vsnprintf>
1000486a:	b004      	add	sp, #16
1000486c:	bd10      	pop	{r4, pc}
1000486e:	46c0      	nop			@ (mov r8, r8)
10004870:	10003687 	.word	0x10003687

10004874 <_exit>:
10004874:	be00      	bkpt	0x0000
10004876:	e7fd      	b.n	10004874 <_exit>

10004878 <exit>:
10004878:	b510      	push	{r4, lr}
1000487a:	f7ff fffb 	bl	10004874 <_exit>
	...

10004880 <__assert_func>:
10004880:	b530      	push	{r4, r5, lr}
10004882:	b083      	sub	sp, #12
10004884:	000d      	movs	r5, r1
10004886:	0019      	movs	r1, r3
10004888:	2a00      	cmp	r2, #0
1000488a:	d00b      	beq.n	100048a4 <__assert_func+0x24>
1000488c:	4b07      	ldr	r3, [pc, #28]	@ (100048ac <__assert_func+0x2c>)
1000488e:	4c08      	ldr	r4, [pc, #32]	@ (100048b0 <__assert_func+0x30>)
10004890:	9201      	str	r2, [sp, #4]
10004892:	9300      	str	r3, [sp, #0]
10004894:	002b      	movs	r3, r5
10004896:	0002      	movs	r2, r0
10004898:	0020      	movs	r0, r4
1000489a:	f000 f9c5 	bl	10004c28 <__wrap_printf>
1000489e:	2001      	movs	r0, #1
100048a0:	f7ff ffe8 	bl	10004874 <_exit>
100048a4:	4b03      	ldr	r3, [pc, #12]	@ (100048b4 <__assert_func+0x34>)
100048a6:	001a      	movs	r2, r3
100048a8:	e7f1      	b.n	1000488e <__assert_func+0xe>
100048aa:	46c0      	nop			@ (mov r8, r8)
100048ac:	1000832c 	.word	0x1000832c
100048b0:	1000833c 	.word	0x1000833c
100048b4:	10008338 	.word	0x10008338

100048b8 <runtime_init>:
100048b8:	b510      	push	{r4, lr}
100048ba:	f3ef 8305 	mrs	r3, IPSR
100048be:	2b00      	cmp	r3, #0
100048c0:	d000      	beq.n	100048c4 <runtime_init+0xc>
100048c2:	be00      	bkpt	0x0000
100048c4:	f7fd fe5c 	bl	10002580 <runtime_run_initializers>
100048c8:	4c03      	ldr	r4, [pc, #12]	@ (100048d8 <runtime_init+0x20>)
100048ca:	e001      	b.n	100048d0 <runtime_init+0x18>
100048cc:	cc08      	ldmia	r4!, {r3}
100048ce:	4798      	blx	r3
100048d0:	4b02      	ldr	r3, [pc, #8]	@ (100048dc <runtime_init+0x24>)
100048d2:	429c      	cmp	r4, r3
100048d4:	d3fa      	bcc.n	100048cc <runtime_init+0x14>
100048d6:	bd10      	pop	{r4, pc}
100048d8:	10007b1c 	.word	0x10007b1c
100048dc:	10007b24 	.word	0x10007b24

100048e0 <stdio_out_chars_no_crlf>:
100048e0:	b510      	push	{r4, lr}
100048e2:	0003      	movs	r3, r0
100048e4:	0008      	movs	r0, r1
100048e6:	0011      	movs	r1, r2
100048e8:	681b      	ldr	r3, [r3, #0]
100048ea:	4798      	blx	r3
100048ec:	bd10      	pop	{r4, pc}
	...

100048f0 <stdio_out_chars_crlf>:
100048f0:	b5f8      	push	{r3, r4, r5, r6, r7, lr}
100048f2:	0007      	movs	r7, r0
100048f4:	000d      	movs	r5, r1
100048f6:	0016      	movs	r6, r2
100048f8:	7d43      	ldrb	r3, [r0, #21]
100048fa:	2b00      	cmp	r3, #0
100048fc:	d002      	beq.n	10004904 <stdio_out_chars_crlf+0x14>
100048fe:	2400      	movs	r4, #0
10004900:	2000      	movs	r0, #0
10004902:	e00c      	b.n	1000491e <stdio_out_chars_crlf+0x2e>
10004904:	6803      	ldr	r3, [r0, #0]
10004906:	0011      	movs	r1, r2
10004908:	0028      	movs	r0, r5
1000490a:	4798      	blx	r3
1000490c:	e02d      	b.n	1000496a <stdio_out_chars_crlf+0x7a>
1000490e:	7d3b      	ldrb	r3, [r7, #20]
10004910:	e010      	b.n	10004934 <stdio_out_chars_crlf+0x44>
10004912:	683b      	ldr	r3, [r7, #0]
10004914:	4815      	ldr	r0, [pc, #84]	@ (1000496c <stdio_out_chars_crlf+0x7c>)
10004916:	2102      	movs	r1, #2
10004918:	4798      	blx	r3
1000491a:	1c60      	adds	r0, r4, #1
1000491c:	3401      	adds	r4, #1
1000491e:	42b4      	cmp	r4, r6
10004920:	da14      	bge.n	1000494c <stdio_out_chars_crlf+0x5c>
10004922:	2c00      	cmp	r4, #0
10004924:	ddf3      	ble.n	1000490e <stdio_out_chars_crlf+0x1e>
10004926:	192b      	adds	r3, r5, r4
10004928:	3b01      	subs	r3, #1
1000492a:	781b      	ldrb	r3, [r3, #0]
1000492c:	3b0d      	subs	r3, #13
1000492e:	425a      	negs	r2, r3
10004930:	4153      	adcs	r3, r2
10004932:	b2db      	uxtb	r3, r3
10004934:	5d2a      	ldrb	r2, [r5, r4]
10004936:	2a0a      	cmp	r2, #10
10004938:	d1f0      	bne.n	1000491c <stdio_out_chars_crlf+0x2c>
1000493a:	2b00      	cmp	r3, #0
1000493c:	d1ee      	bne.n	1000491c <stdio_out_chars_crlf+0x2c>
1000493e:	42a0      	cmp	r0, r4
10004940:	dae7      	bge.n	10004912 <stdio_out_chars_crlf+0x22>
10004942:	683b      	ldr	r3, [r7, #0]
10004944:	1a21      	subs	r1, r4, r0
10004946:	1828      	adds	r0, r5, r0
10004948:	4798      	blx	r3
1000494a:	e7e2      	b.n	10004912 <stdio_out_chars_crlf+0x22>
1000494c:	42b0      	cmp	r0, r6
1000494e:	da03      	bge.n	10004958 <stdio_out_chars_crlf+0x68>
10004950:	683b      	ldr	r3, [r7, #0]
10004952:	1a31      	subs	r1, r6, r0
10004954:	1828      	adds	r0, r5, r0
10004956:	4798      	blx	r3
10004958:	2e00      	cmp	r6, #0
1000495a:	dd06      	ble.n	1000496a <stdio_out_chars_crlf+0x7a>
1000495c:	19ad      	adds	r5, r5, r6
1000495e:	3d01      	subs	r5, #1
10004960:	782b      	ldrb	r3, [r5, #0]
10004962:	3b0d      	subs	r3, #13
10004964:	425a      	negs	r2, r3
10004966:	4153      	adcs	r3, r2
10004968:	753b      	strb	r3, [r7, #20]
1000496a:	bdf8      	pop	{r3, r4, r5, r6, r7, pc}
1000496c:	10008c34 	.word	0x10008c34

10004970 <stdio_stack_buffer_flush>:
10004970:	b570      	push	{r4, r5, r6, lr}
10004972:	0005      	movs	r5, r0
10004974:	6803      	ldr	r3, [r0, #0]
10004976:	2b00      	cmp	r3, #0
10004978:	d016      	beq.n	100049a8 <stdio_stack_buffer_flush+0x38>
1000497a:	4b0c      	ldr	r3, [pc, #48]	@ (100049ac <stdio_stack_buffer_flush+0x3c>)
1000497c:	681c      	ldr	r4, [r3, #0]
1000497e:	e005      	b.n	1000498c <stdio_stack_buffer_flush+0x1c>
10004980:	0029      	movs	r1, r5
10004982:	c904      	ldmia	r1!, {r2}
10004984:	0020      	movs	r0, r4
10004986:	f7ff ffb3 	bl	100048f0 <stdio_out_chars_crlf>
1000498a:	6924      	ldr	r4, [r4, #16]
1000498c:	2c00      	cmp	r4, #0
1000498e:	d009      	beq.n	100049a4 <stdio_stack_buffer_flush+0x34>
10004990:	6823      	ldr	r3, [r4, #0]
10004992:	2b00      	cmp	r3, #0
10004994:	d0f9      	beq.n	1000498a <stdio_stack_buffer_flush+0x1a>
10004996:	4b06      	ldr	r3, [pc, #24]	@ (100049b0 <stdio_stack_buffer_flush+0x40>)
10004998:	681b      	ldr	r3, [r3, #0]
1000499a:	2b00      	cmp	r3, #0
1000499c:	d0f0      	beq.n	10004980 <stdio_stack_buffer_flush+0x10>
1000499e:	42a3      	cmp	r3, r4
100049a0:	d1f3      	bne.n	1000498a <stdio_stack_buffer_flush+0x1a>
100049a2:	e7ed      	b.n	10004980 <stdio_stack_buffer_flush+0x10>
100049a4:	2300      	movs	r3, #0
100049a6:	602b      	str	r3, [r5, #0]
100049a8:	bd70      	pop	{r4, r5, r6, pc}
100049aa:	46c0      	nop			@ (mov r8, r8)
100049ac:	20002a0c 	.word	0x20002a0c
100049b0:	20003694 	.word	0x20003694

100049b4 <stdio_buffered_printer>:
100049b4:	b570      	push	{r4, r5, r6, lr}
100049b6:	0005      	movs	r5, r0
100049b8:	000c      	movs	r4, r1
100049ba:	680b      	ldr	r3, [r1, #0]
100049bc:	2b80      	cmp	r3, #128	@ 0x80
100049be:	d005      	beq.n	100049cc <stdio_buffered_printer+0x18>
100049c0:	6823      	ldr	r3, [r4, #0]
100049c2:	1c5a      	adds	r2, r3, #1
100049c4:	6022      	str	r2, [r4, #0]
100049c6:	18e4      	adds	r4, r4, r3
100049c8:	7125      	strb	r5, [r4, #4]
100049ca:	bd70      	pop	{r4, r5, r6, pc}
100049cc:	0008      	movs	r0, r1
100049ce:	f7ff ffcf 	bl	10004970 <stdio_stack_buffer_flush>
100049d2:	e7f5      	b.n	100049c0 <stdio_buffered_printer+0xc>

100049d4 <stdout_serialize_begin>:
100049d4:	b510      	push	{r4, lr}
100049d6:	f7fd fbcb 	bl	10002170 <time_us_64>
100049da:	4a07      	ldr	r2, [pc, #28]	@ (100049f8 <stdout_serialize_begin+0x24>)
100049dc:	2300      	movs	r3, #0
100049de:	1812      	adds	r2, r2, r0
100049e0:	414b      	adcs	r3, r1
100049e2:	2b00      	cmp	r3, #0
100049e4:	db03      	blt.n	100049ee <stdout_serialize_begin+0x1a>
100049e6:	4805      	ldr	r0, [pc, #20]	@ (100049fc <stdout_serialize_begin+0x28>)
100049e8:	f003 f852 	bl	10007a90 <__mutex_try_enter_block_until_veneer>
100049ec:	bd10      	pop	{r4, pc}
100049ee:	2201      	movs	r2, #1
100049f0:	4252      	negs	r2, r2
100049f2:	4b03      	ldr	r3, [pc, #12]	@ (10004a00 <stdout_serialize_begin+0x2c>)
100049f4:	e7f7      	b.n	100049e6 <stdout_serialize_begin+0x12>
100049f6:	46c0      	nop			@ (mov r8, r8)
100049f8:	000f4240 	.word	0x000f4240
100049fc:	20000cc8 	.word	0x20000cc8
10004a00:	7fffffff 	.word	0x7fffffff

10004a04 <stdout_serialize_end>:
10004a04:	b510      	push	{r4, lr}
10004a06:	4802      	ldr	r0, [pc, #8]	@ (10004a10 <stdout_serialize_end+0xc>)
10004a08:	f003 f812 	bl	10007a30 <__mutex_exit_veneer>
10004a0c:	bd10      	pop	{r4, pc}
10004a0e:	46c0      	nop			@ (mov r8, r8)
10004a10:	20000cc8 	.word	0x20000cc8

10004a14 <stdio_put_string>:
10004a14:	b5f0      	push	{r4, r5, r6, r7, lr}
10004a16:	46ce      	mov	lr, r9
10004a18:	4647      	mov	r7, r8
10004a1a:	b580      	push	{r7, lr}
10004a1c:	b083      	sub	sp, #12
10004a1e:	0006      	movs	r6, r0
10004a20:	000d      	movs	r5, r1
10004a22:	4690      	mov	r8, r2
10004a24:	001c      	movs	r4, r3
10004a26:	f7ff ffd5 	bl	100049d4 <stdout_serialize_begin>
10004a2a:	4681      	mov	r9, r0
10004a2c:	1c6b      	adds	r3, r5, #1
10004a2e:	d005      	beq.n	10004a3c <stdio_put_string+0x28>
10004a30:	2c00      	cmp	r4, #0
10004a32:	d008      	beq.n	10004a46 <stdio_put_string+0x32>
10004a34:	4f18      	ldr	r7, [pc, #96]	@ (10004a98 <stdio_put_string+0x84>)
10004a36:	4b19      	ldr	r3, [pc, #100]	@ (10004a9c <stdio_put_string+0x88>)
10004a38:	681c      	ldr	r4, [r3, #0]
10004a3a:	e007      	b.n	10004a4c <stdio_put_string+0x38>
10004a3c:	0030      	movs	r0, r6
10004a3e:	f002 ffb5 	bl	100079ac <strlen>
10004a42:	0005      	movs	r5, r0
10004a44:	e7f4      	b.n	10004a30 <stdio_put_string+0x1c>
10004a46:	4f16      	ldr	r7, [pc, #88]	@ (10004aa0 <stdio_put_string+0x8c>)
10004a48:	e7f5      	b.n	10004a36 <stdio_put_string+0x22>
10004a4a:	6924      	ldr	r4, [r4, #16]
10004a4c:	2c00      	cmp	r4, #0
10004a4e:	d017      	beq.n	10004a80 <stdio_put_string+0x6c>
10004a50:	6823      	ldr	r3, [r4, #0]
10004a52:	2b00      	cmp	r3, #0
10004a54:	d0f9      	beq.n	10004a4a <stdio_put_string+0x36>
10004a56:	4b13      	ldr	r3, [pc, #76]	@ (10004aa4 <stdio_put_string+0x90>)
10004a58:	681b      	ldr	r3, [r3, #0]
10004a5a:	2b00      	cmp	r3, #0
10004a5c:	d001      	beq.n	10004a62 <stdio_put_string+0x4e>
10004a5e:	42a3      	cmp	r3, r4
10004a60:	d1f3      	bne.n	10004a4a <stdio_put_string+0x36>
10004a62:	002a      	movs	r2, r5
10004a64:	0031      	movs	r1, r6
10004a66:	0020      	movs	r0, r4
10004a68:	47b8      	blx	r7
10004a6a:	4643      	mov	r3, r8
10004a6c:	2b00      	cmp	r3, #0
10004a6e:	d0ec      	beq.n	10004a4a <stdio_put_string+0x36>
10004a70:	466b      	mov	r3, sp
10004a72:	1dd9      	adds	r1, r3, #7
10004a74:	230a      	movs	r3, #10
10004a76:	700b      	strb	r3, [r1, #0]
10004a78:	2201      	movs	r2, #1
10004a7a:	0020      	movs	r0, r4
10004a7c:	47b8      	blx	r7
10004a7e:	e7e4      	b.n	10004a4a <stdio_put_string+0x36>
10004a80:	464b      	mov	r3, r9
10004a82:	2b00      	cmp	r3, #0
10004a84:	d105      	bne.n	10004a92 <stdio_put_string+0x7e>
10004a86:	0028      	movs	r0, r5
10004a88:	b003      	add	sp, #12
10004a8a:	bcc0      	pop	{r6, r7}
10004a8c:	46b9      	mov	r9, r7
10004a8e:	46b0      	mov	r8, r6
10004a90:	bdf0      	pop	{r4, r5, r6, r7, pc}
10004a92:	f7ff ffb7 	bl	10004a04 <stdout_serialize_end>
10004a96:	e7f6      	b.n	10004a86 <stdio_put_string+0x72>
10004a98:	100048f1 	.word	0x100048f1
10004a9c:	20002a0c 	.word	0x20002a0c
10004aa0:	100048e1 	.word	0x100048e1
10004aa4:	20003694 	.word	0x20003694

10004aa8 <stdio_get_until>:
10004aa8:	b5f0      	push	{r4, r5, r6, r7, lr}
10004aaa:	b083      	sub	sp, #12
10004aac:	0006      	movs	r6, r0
10004aae:	000f      	movs	r7, r1
10004ab0:	9201      	str	r2, [sp, #4]
10004ab2:	9300      	str	r3, [sp, #0]
10004ab4:	4b16      	ldr	r3, [pc, #88]	@ (10004b10 <stdio_get_until+0x68>)
10004ab6:	681c      	ldr	r4, [r3, #0]
10004ab8:	e008      	b.n	10004acc <stdio_get_until+0x24>
10004aba:	68a3      	ldr	r3, [r4, #8]
10004abc:	2b00      	cmp	r3, #0
10004abe:	d004      	beq.n	10004aca <stdio_get_until+0x22>
10004ac0:	0039      	movs	r1, r7
10004ac2:	0030      	movs	r0, r6
10004ac4:	4798      	blx	r3
10004ac6:	2800      	cmp	r0, #0
10004ac8:	dc20      	bgt.n	10004b0c <stdio_get_until+0x64>
10004aca:	6924      	ldr	r4, [r4, #16]
10004acc:	2c00      	cmp	r4, #0
10004ace:	d006      	beq.n	10004ade <stdio_get_until+0x36>
10004ad0:	4b10      	ldr	r3, [pc, #64]	@ (10004b14 <stdio_get_until+0x6c>)
10004ad2:	681d      	ldr	r5, [r3, #0]
10004ad4:	2d00      	cmp	r5, #0
10004ad6:	d0f0      	beq.n	10004aba <stdio_get_until+0x12>
10004ad8:	42a5      	cmp	r5, r4
10004ada:	d1f6      	bne.n	10004aca <stdio_get_until+0x22>
10004adc:	e7ed      	b.n	10004aba <stdio_get_until+0x12>
10004ade:	9900      	ldr	r1, [sp, #0]
10004ae0:	000a      	movs	r2, r1
10004ae2:	4b0d      	ldr	r3, [pc, #52]	@ (10004b18 <stdio_get_until+0x70>)
10004ae4:	6a5b      	ldr	r3, [r3, #36]	@ 0x24
10004ae6:	4299      	cmp	r1, r3
10004ae8:	d809      	bhi.n	10004afe <stdio_get_until+0x56>
10004aea:	490b      	ldr	r1, [pc, #44]	@ (10004b18 <stdio_get_until+0x70>)
10004aec:	6a89      	ldr	r1, [r1, #40]	@ 0x28
10004aee:	9801      	ldr	r0, [sp, #4]
10004af0:	4281      	cmp	r1, r0
10004af2:	d209      	bcs.n	10004b08 <stdio_get_until+0x60>
10004af4:	429a      	cmp	r2, r3
10004af6:	d002      	beq.n	10004afe <stdio_get_until+0x56>
10004af8:	2002      	movs	r0, #2
10004afa:	4240      	negs	r0, r0
10004afc:	e006      	b.n	10004b0c <stdio_get_until+0x64>
10004afe:	2001      	movs	r0, #1
10004b00:	2100      	movs	r1, #0
10004b02:	f7fd fb3d 	bl	10002180 <busy_wait_us>
10004b06:	e7d5      	b.n	10004ab4 <stdio_get_until+0xc>
10004b08:	2002      	movs	r0, #2
10004b0a:	4240      	negs	r0, r0
10004b0c:	b003      	add	sp, #12
10004b0e:	bdf0      	pop	{r4, r5, r6, r7, pc}
10004b10:	20002a0c 	.word	0x20002a0c
10004b14:	20003694 	.word	0x20003694
10004b18:	40054000 	.word	0x40054000

10004b1c <stdio_set_driver_enabled>:
10004b1c:	4a0a      	ldr	r2, [pc, #40]	@ (10004b48 <stdio_set_driver_enabled+0x2c>)
10004b1e:	6813      	ldr	r3, [r2, #0]
10004b20:	e002      	b.n	10004b28 <stdio_set_driver_enabled+0xc>
10004b22:	001a      	movs	r2, r3
10004b24:	3210      	adds	r2, #16
10004b26:	691b      	ldr	r3, [r3, #16]
10004b28:	2b00      	cmp	r3, #0
10004b2a:	d009      	beq.n	10004b40 <stdio_set_driver_enabled+0x24>
10004b2c:	6813      	ldr	r3, [r2, #0]
10004b2e:	4283      	cmp	r3, r0
10004b30:	d1f7      	bne.n	10004b22 <stdio_set_driver_enabled+0x6>
10004b32:	2900      	cmp	r1, #0
10004b34:	d107      	bne.n	10004b46 <stdio_set_driver_enabled+0x2a>
10004b36:	6903      	ldr	r3, [r0, #16]
10004b38:	6013      	str	r3, [r2, #0]
10004b3a:	2300      	movs	r3, #0
10004b3c:	6103      	str	r3, [r0, #16]
10004b3e:	e002      	b.n	10004b46 <stdio_set_driver_enabled+0x2a>
10004b40:	2900      	cmp	r1, #0
10004b42:	d000      	beq.n	10004b46 <stdio_set_driver_enabled+0x2a>
10004b44:	6010      	str	r0, [r2, #0]
10004b46:	4770      	bx	lr
10004b48:	20002a0c 	.word	0x20002a0c

10004b4c <stdio_flush>:
10004b4c:	b510      	push	{r4, lr}
10004b4e:	4b06      	ldr	r3, [pc, #24]	@ (10004b68 <stdio_flush+0x1c>)
10004b50:	681c      	ldr	r4, [r3, #0]
10004b52:	e000      	b.n	10004b56 <stdio_flush+0xa>
10004b54:	6924      	ldr	r4, [r4, #16]
10004b56:	2c00      	cmp	r4, #0
10004b58:	d004      	beq.n	10004b64 <stdio_flush+0x18>
10004b5a:	6863      	ldr	r3, [r4, #4]
10004b5c:	2b00      	cmp	r3, #0
10004b5e:	d0f9      	beq.n	10004b54 <stdio_flush+0x8>
10004b60:	4798      	blx	r3
10004b62:	e7f7      	b.n	10004b54 <stdio_flush+0x8>
10004b64:	bd10      	pop	{r4, pc}
10004b66:	46c0      	nop			@ (mov r8, r8)
10004b68:	20002a0c 	.word	0x20002a0c

10004b6c <stdio_init_all>:
10004b6c:	b510      	push	{r4, lr}
10004b6e:	f000 f9f1 	bl	10004f54 <stdio_usb_init>
10004b72:	bd10      	pop	{r4, pc}

10004b74 <stdio_getchar_timeout_us>:
10004b74:	b530      	push	{r4, r5, lr}
10004b76:	b083      	sub	sp, #12
10004b78:	0004      	movs	r4, r0
10004b7a:	2500      	movs	r5, #0
10004b7c:	f7fd faf8 	bl	10002170 <time_us_64>
10004b80:	0022      	movs	r2, r4
10004b82:	002b      	movs	r3, r5
10004b84:	1812      	adds	r2, r2, r0
10004b86:	414b      	adcs	r3, r1
10004b88:	2b00      	cmp	r3, #0
10004b8a:	db0a      	blt.n	10004ba2 <stdio_getchar_timeout_us+0x2e>
10004b8c:	2101      	movs	r1, #1
10004b8e:	a801      	add	r0, sp, #4
10004b90:	f7ff ff8a 	bl	10004aa8 <stdio_get_until>
10004b94:	2800      	cmp	r0, #0
10004b96:	db02      	blt.n	10004b9e <stdio_getchar_timeout_us+0x2a>
10004b98:	d007      	beq.n	10004baa <stdio_getchar_timeout_us+0x36>
10004b9a:	ab01      	add	r3, sp, #4
10004b9c:	7818      	ldrb	r0, [r3, #0]
10004b9e:	b003      	add	sp, #12
10004ba0:	bd30      	pop	{r4, r5, pc}
10004ba2:	2201      	movs	r2, #1
10004ba4:	4252      	negs	r2, r2
10004ba6:	4b04      	ldr	r3, [pc, #16]	@ (10004bb8 <stdio_getchar_timeout_us+0x44>)
10004ba8:	e7f0      	b.n	10004b8c <stdio_getchar_timeout_us+0x18>
10004baa:	4b04      	ldr	r3, [pc, #16]	@ (10004bbc <stdio_getchar_timeout_us+0x48>)
10004bac:	4a04      	ldr	r2, [pc, #16]	@ (10004bc0 <stdio_getchar_timeout_us+0x4c>)
10004bae:	2104      	movs	r1, #4
10004bb0:	4804      	ldr	r0, [pc, #16]	@ (10004bc4 <stdio_getchar_timeout_us+0x50>)
10004bb2:	31ff      	adds	r1, #255	@ 0xff
10004bb4:	f7ff fe64 	bl	10004880 <__assert_func>
10004bb8:	7fffffff 	.word	0x7fffffff
10004bbc:	1000836c 	.word	0x1000836c
10004bc0:	10008c18 	.word	0x10008c18
10004bc4:	10008370 	.word	0x10008370

10004bc8 <__wrap_puts>:
10004bc8:	b570      	push	{r4, r5, r6, lr}
10004bca:	0005      	movs	r5, r0
10004bcc:	f002 feee 	bl	100079ac <strlen>
10004bd0:	0004      	movs	r4, r0
10004bd2:	2301      	movs	r3, #1
10004bd4:	2201      	movs	r2, #1
10004bd6:	0001      	movs	r1, r0
10004bd8:	0028      	movs	r0, r5
10004bda:	f7ff ff1b 	bl	10004a14 <stdio_put_string>
10004bde:	f7ff ffb5 	bl	10004b4c <stdio_flush>
10004be2:	0020      	movs	r0, r4
10004be4:	bd70      	pop	{r4, r5, r6, pc}
	...

10004be8 <__wrap_vprintf>:
10004be8:	b5f0      	push	{r4, r5, r6, r7, lr}
10004bea:	b0a3      	sub	sp, #140	@ 0x8c
10004bec:	0004      	movs	r4, r0
10004bee:	000e      	movs	r6, r1
10004bf0:	f7ff fef0 	bl	100049d4 <stdout_serialize_begin>
10004bf4:	0005      	movs	r5, r0
10004bf6:	af01      	add	r7, sp, #4
10004bf8:	2300      	movs	r3, #0
10004bfa:	9301      	str	r3, [sp, #4]
10004bfc:	4809      	ldr	r0, [pc, #36]	@ (10004c24 <__wrap_vprintf+0x3c>)
10004bfe:	0033      	movs	r3, r6
10004c00:	0022      	movs	r2, r4
10004c02:	0039      	movs	r1, r7
10004c04:	f7ff fe24 	bl	10004850 <vfctprintf>
10004c08:	0004      	movs	r4, r0
10004c0a:	0038      	movs	r0, r7
10004c0c:	f7ff feb0 	bl	10004970 <stdio_stack_buffer_flush>
10004c10:	f7ff ff9c 	bl	10004b4c <stdio_flush>
10004c14:	2d00      	cmp	r5, #0
10004c16:	d102      	bne.n	10004c1e <__wrap_vprintf+0x36>
10004c18:	0020      	movs	r0, r4
10004c1a:	b023      	add	sp, #140	@ 0x8c
10004c1c:	bdf0      	pop	{r4, r5, r6, r7, pc}
10004c1e:	f7ff fef1 	bl	10004a04 <stdout_serialize_end>
10004c22:	e7f9      	b.n	10004c18 <__wrap_vprintf+0x30>
10004c24:	100049b5 	.word	0x100049b5

10004c28 <__wrap_printf>:
10004c28:	b40f      	push	{r0, r1, r2, r3}
10004c2a:	b500      	push	{lr}
10004c2c:	b083      	sub	sp, #12
10004c2e:	a904      	add	r1, sp, #16
10004c30:	c901      	ldmia	r1!, {r0}
10004c32:	9101      	str	r1, [sp, #4]
10004c34:	f7ff ffd8 	bl	10004be8 <__wrap_vprintf>
10004c38:	b003      	add	sp, #12
10004c3a:	bc08      	pop	{r3}
10004c3c:	b004      	add	sp, #16
10004c3e:	4718      	bx	r3

10004c40 <resetd_init>:
10004c40:	4770      	bx	lr
	...

10004c44 <resetd_reset>:
10004c44:	4b01      	ldr	r3, [pc, #4]	@ (10004c4c <resetd_reset+0x8>)
10004c46:	2200      	movs	r2, #0
10004c48:	701a      	strb	r2, [r3, #0]
10004c4a:	4770      	bx	lr
10004c4c:	20014159 	.word	0x20014159

10004c50 <resetd_open>:
10004c50:	794b      	ldrb	r3, [r1, #5]
10004c52:	2bff      	cmp	r3, #255	@ 0xff
10004c54:	d10c      	bne.n	10004c70 <resetd_open+0x20>
10004c56:	798b      	ldrb	r3, [r1, #6]
10004c58:	2b00      	cmp	r3, #0
10004c5a:	d10b      	bne.n	10004c74 <resetd_open+0x24>
10004c5c:	79cb      	ldrb	r3, [r1, #7]
10004c5e:	2b01      	cmp	r3, #1
10004c60:	d10a      	bne.n	10004c78 <resetd_open+0x28>
10004c62:	2a08      	cmp	r2, #8
10004c64:	d90a      	bls.n	10004c7c <resetd_open+0x2c>
10004c66:	788a      	ldrb	r2, [r1, #2]
10004c68:	4b05      	ldr	r3, [pc, #20]	@ (10004c80 <resetd_open+0x30>)
10004c6a:	701a      	strb	r2, [r3, #0]
10004c6c:	2009      	movs	r0, #9
10004c6e:	e000      	b.n	10004c72 <resetd_open+0x22>
10004c70:	2000      	movs	r0, #0
10004c72:	4770      	bx	lr
10004c74:	2000      	movs	r0, #0
10004c76:	e7fc      	b.n	10004c72 <resetd_open+0x22>
10004c78:	2000      	movs	r0, #0
10004c7a:	e7fa      	b.n	10004c72 <resetd_open+0x22>
10004c7c:	2000      	movs	r0, #0
10004c7e:	e7f8      	b.n	10004c72 <resetd_open+0x22>
10004c80:	20014159 	.word	0x20014159

10004c84 <resetd_xfer_cb>:
10004c84:	2001      	movs	r0, #1
10004c86:	4770      	bx	lr

10004c88 <resetd_control_xfer_cb>:
10004c88:	b510      	push	{r4, lr}
10004c8a:	2901      	cmp	r1, #1
10004c8c:	d127      	bne.n	10004cde <resetd_control_xfer_cb+0x56>
10004c8e:	7911      	ldrb	r1, [r2, #4]
10004c90:	7953      	ldrb	r3, [r2, #5]
10004c92:	021b      	lsls	r3, r3, #8
10004c94:	430b      	orrs	r3, r1
10004c96:	4913      	ldr	r1, [pc, #76]	@ (10004ce4 <resetd_control_xfer_cb+0x5c>)
10004c98:	7809      	ldrb	r1, [r1, #0]
10004c9a:	428b      	cmp	r3, r1
10004c9c:	d001      	beq.n	10004ca2 <resetd_control_xfer_cb+0x1a>
10004c9e:	2000      	movs	r0, #0
10004ca0:	e01e      	b.n	10004ce0 <resetd_control_xfer_cb+0x58>
10004ca2:	7853      	ldrb	r3, [r2, #1]
10004ca4:	2b01      	cmp	r3, #1
10004ca6:	d003      	beq.n	10004cb0 <resetd_control_xfer_cb+0x28>
10004ca8:	2b02      	cmp	r3, #2
10004caa:	d011      	beq.n	10004cd0 <resetd_control_xfer_cb+0x48>
10004cac:	2000      	movs	r0, #0
10004cae:	e017      	b.n	10004ce0 <resetd_control_xfer_cb+0x58>
10004cb0:	7891      	ldrb	r1, [r2, #2]
10004cb2:	78d3      	ldrb	r3, [r2, #3]
10004cb4:	021b      	lsls	r3, r3, #8
10004cb6:	4319      	orrs	r1, r3
10004cb8:	05db      	lsls	r3, r3, #23
10004cba:	d506      	bpl.n	10004cca <resetd_control_xfer_cb+0x42>
10004cbc:	0a48      	lsrs	r0, r1, #9
10004cbe:	058a      	lsls	r2, r1, #22
10004cc0:	0fd2      	lsrs	r2, r2, #31
10004cc2:	237f      	movs	r3, #127	@ 0x7f
10004cc4:	4019      	ands	r1, r3
10004cc6:	f7fd fc25 	bl	10002514 <rom_reset_usb_boot_extra>
10004cca:	2001      	movs	r0, #1
10004ccc:	4240      	negs	r0, r0
10004cce:	e7f6      	b.n	10004cbe <resetd_control_xfer_cb+0x36>
10004cd0:	2264      	movs	r2, #100	@ 0x64
10004cd2:	2100      	movs	r1, #0
10004cd4:	2000      	movs	r0, #0
10004cd6:	f7fd fbc5 	bl	10002464 <watchdog_reboot>
10004cda:	2001      	movs	r0, #1
10004cdc:	e000      	b.n	10004ce0 <resetd_control_xfer_cb+0x58>
10004cde:	2001      	movs	r0, #1
10004ce0:	bd10      	pop	{r4, pc}
10004ce2:	46c0      	nop			@ (mov r8, r8)
10004ce4:	20014159 	.word	0x20014159

10004ce8 <tud_descriptor_bos_cb>:
10004ce8:	4800      	ldr	r0, [pc, #0]	@ (10004cec <tud_descriptor_bos_cb+0x4>)
10004cea:	4770      	bx	lr
10004cec:	10008d00 	.word	0x10008d00

10004cf0 <tud_vendor_control_xfer_cb>:
10004cf0:	b510      	push	{r4, lr}
10004cf2:	0014      	movs	r4, r2
10004cf4:	2901      	cmp	r1, #1
10004cf6:	d110      	bne.n	10004d1a <tud_vendor_control_xfer_cb+0x2a>
10004cf8:	7853      	ldrb	r3, [r2, #1]
10004cfa:	2b01      	cmp	r3, #1
10004cfc:	d10f      	bne.n	10004d1e <tud_vendor_control_xfer_cb+0x2e>
10004cfe:	7912      	ldrb	r2, [r2, #4]
10004d00:	7963      	ldrb	r3, [r4, #5]
10004d02:	021b      	lsls	r3, r3, #8
10004d04:	4313      	orrs	r3, r2
10004d06:	2b07      	cmp	r3, #7
10004d08:	d001      	beq.n	10004d0e <tud_vendor_control_xfer_cb+0x1e>
10004d0a:	2000      	movs	r0, #0
10004d0c:	e006      	b.n	10004d1c <tud_vendor_control_xfer_cb+0x2c>
10004d0e:	4a05      	ldr	r2, [pc, #20]	@ (10004d24 <tud_vendor_control_xfer_cb+0x34>)
10004d10:	339f      	adds	r3, #159	@ 0x9f
10004d12:	0021      	movs	r1, r4
10004d14:	f001 fb54 	bl	100063c0 <tud_control_xfer>
10004d18:	e000      	b.n	10004d1c <tud_vendor_control_xfer_cb+0x2c>
10004d1a:	2001      	movs	r0, #1
10004d1c:	bd10      	pop	{r4, pc}
10004d1e:	2000      	movs	r0, #0
10004d20:	e7fc      	b.n	10004d1c <tud_vendor_control_xfer_cb+0x2c>
10004d22:	46c0      	nop			@ (mov r8, r8)
10004d24:	10008c58 	.word	0x10008c58

10004d28 <usbd_app_driver_get_cb>:
10004d28:	2301      	movs	r3, #1
10004d2a:	7003      	strb	r3, [r0, #0]
10004d2c:	4800      	ldr	r0, [pc, #0]	@ (10004d30 <usbd_app_driver_get_cb+0x8>)
10004d2e:	4770      	bx	lr
10004d30:	10008c38 	.word	0x10008c38

10004d34 <tud_cdc_line_coding_cb>:
10004d34:	b510      	push	{r4, lr}
10004d36:	780a      	ldrb	r2, [r1, #0]
10004d38:	784b      	ldrb	r3, [r1, #1]
10004d3a:	021b      	lsls	r3, r3, #8
10004d3c:	4313      	orrs	r3, r2
10004d3e:	788a      	ldrb	r2, [r1, #2]
10004d40:	0412      	lsls	r2, r2, #16
10004d42:	431a      	orrs	r2, r3
10004d44:	78cb      	ldrb	r3, [r1, #3]
10004d46:	061b      	lsls	r3, r3, #24
10004d48:	4313      	orrs	r3, r2
10004d4a:	2296      	movs	r2, #150	@ 0x96
10004d4c:	00d2      	lsls	r2, r2, #3
10004d4e:	4293      	cmp	r3, r2
10004d50:	d000      	beq.n	10004d54 <tud_cdc_line_coding_cb+0x20>
10004d52:	bd10      	pop	{r4, pc}
10004d54:	2001      	movs	r0, #1
10004d56:	2200      	movs	r2, #0
10004d58:	0011      	movs	r1, r2
10004d5a:	4240      	negs	r0, r0
10004d5c:	f7fd fbda 	bl	10002514 <rom_reset_usb_boot_extra>

10004d60 <stdio_usb_set_chars_available_callback>:
10004d60:	4b02      	ldr	r3, [pc, #8]	@ (10004d6c <stdio_usb_set_chars_available_callback+0xc>)
10004d62:	6018      	str	r0, [r3, #0]
10004d64:	4b02      	ldr	r3, [pc, #8]	@ (10004d70 <stdio_usb_set_chars_available_callback+0x10>)
10004d66:	6019      	str	r1, [r3, #0]
10004d68:	4770      	bx	lr
10004d6a:	46c0      	nop			@ (mov r8, r8)
10004d6c:	200029ac 	.word	0x200029ac
10004d70:	200029b0 	.word	0x200029b0

10004d74 <stdio_usb_out_flush>:
10004d74:	b510      	push	{r4, lr}
10004d76:	f7fd f9fb 	bl	10002170 <time_us_64>
10004d7a:	4a0e      	ldr	r2, [pc, #56]	@ (10004db4 <stdio_usb_out_flush+0x40>)
10004d7c:	2300      	movs	r3, #0
10004d7e:	1812      	adds	r2, r2, r0
10004d80:	414b      	adcs	r3, r1
10004d82:	2b00      	cmp	r3, #0
10004d84:	db12      	blt.n	10004dac <stdio_usb_out_flush+0x38>
10004d86:	480c      	ldr	r0, [pc, #48]	@ (10004db8 <stdio_usb_out_flush+0x44>)
10004d88:	f002 fe82 	bl	10007a90 <__mutex_try_enter_block_until_veneer>
10004d8c:	2800      	cmp	r0, #0
10004d8e:	d00c      	beq.n	10004daa <stdio_usb_out_flush+0x36>
10004d90:	2001      	movs	r0, #1
10004d92:	2100      	movs	r1, #0
10004d94:	4240      	negs	r0, r0
10004d96:	f001 f9d9 	bl	1000614c <tud_task_ext>
10004d9a:	2000      	movs	r0, #0
10004d9c:	f001 fc78 	bl	10006690 <tud_cdc_n_write_flush>
10004da0:	2800      	cmp	r0, #0
10004da2:	d1f5      	bne.n	10004d90 <stdio_usb_out_flush+0x1c>
10004da4:	4804      	ldr	r0, [pc, #16]	@ (10004db8 <stdio_usb_out_flush+0x44>)
10004da6:	f002 fe43 	bl	10007a30 <__mutex_exit_veneer>
10004daa:	bd10      	pop	{r4, pc}
10004dac:	2201      	movs	r2, #1
10004dae:	4252      	negs	r2, r2
10004db0:	4b02      	ldr	r3, [pc, #8]	@ (10004dbc <stdio_usb_out_flush+0x48>)
10004db2:	e7e8      	b.n	10004d86 <stdio_usb_out_flush+0x12>
10004db4:	000f4240 	.word	0x000f4240
10004db8:	20014138 	.word	0x20014138
10004dbc:	7fffffff 	.word	0x7fffffff

10004dc0 <usb_irq>:
10004dc0:	b510      	push	{r4, lr}
10004dc2:	4b02      	ldr	r3, [pc, #8]	@ (10004dcc <usb_irq+0xc>)
10004dc4:	7818      	ldrb	r0, [r3, #0]
10004dc6:	f7fc fb21 	bl	1000140c <irq_set_pending>
10004dca:	bd10      	pop	{r4, pc}
10004dcc:	2001415a 	.word	0x2001415a

10004dd0 <timer_task>:
10004dd0:	b570      	push	{r4, r5, r6, lr}
10004dd2:	4b17      	ldr	r3, [pc, #92]	@ (10004e30 <timer_task+0x60>)
10004dd4:	681b      	ldr	r3, [r3, #0]
10004dd6:	2b00      	cmp	r3, #0
10004dd8:	d020      	beq.n	10004e1c <timer_task+0x4c>
10004dda:	f3ef 8210 	mrs	r2, PRIMASK
10004dde:	b672      	cpsid	i
10004de0:	0010      	movs	r0, r2
10004de2:	6819      	ldr	r1, [r3, #0]
10004de4:	2900      	cmp	r1, #0
10004de6:	d0fc      	beq.n	10004de2 <timer_task+0x12>
10004de8:	f3bf 8f5f 	dmb	sy
10004dec:	4910      	ldr	r1, [pc, #64]	@ (10004e30 <timer_task+0x60>)
10004dee:	604a      	str	r2, [r1, #4]
10004df0:	4b10      	ldr	r3, [pc, #64]	@ (10004e34 <timer_task+0x64>)
10004df2:	2200      	movs	r2, #0
10004df4:	701a      	strb	r2, [r3, #0]
10004df6:	680b      	ldr	r3, [r1, #0]
10004df8:	f3bf 8f5f 	dmb	sy
10004dfc:	601a      	str	r2, [r3, #0]
10004dfe:	f380 8810 	msr	PRIMASK, r0
10004e02:	2400      	movs	r4, #0
10004e04:	2500      	movs	r5, #0
10004e06:	4b0c      	ldr	r3, [pc, #48]	@ (10004e38 <timer_task+0x68>)
10004e08:	7818      	ldrb	r0, [r3, #0]
10004e0a:	f7fc fadb 	bl	100013c4 <irq_is_enabled>
10004e0e:	2800      	cmp	r0, #0
10004e10:	d108      	bne.n	10004e24 <timer_task+0x54>
10004e12:	2400      	movs	r4, #0
10004e14:	2500      	movs	r5, #0
10004e16:	0020      	movs	r0, r4
10004e18:	0029      	movs	r1, r5
10004e1a:	bd70      	pop	{r4, r5, r6, pc}
10004e1c:	24fa      	movs	r4, #250	@ 0xfa
10004e1e:	00a4      	lsls	r4, r4, #2
10004e20:	2500      	movs	r5, #0
10004e22:	e7f0      	b.n	10004e06 <timer_task+0x36>
10004e24:	4b04      	ldr	r3, [pc, #16]	@ (10004e38 <timer_task+0x68>)
10004e26:	7818      	ldrb	r0, [r3, #0]
10004e28:	f7fc faf0 	bl	1000140c <irq_set_pending>
10004e2c:	e7f3      	b.n	10004e16 <timer_task+0x46>
10004e2e:	46c0      	nop			@ (mov r8, r8)
10004e30:	2000ff10 	.word	0x2000ff10
10004e34:	2001415b 	.word	0x2001415b
10004e38:	2001415a 	.word	0x2001415a

10004e3c <alarm_pool_add_alarm_in_us>:
10004e3c:	b5f0      	push	{r4, r5, r6, r7, lr}
10004e3e:	b085      	sub	sp, #20
10004e40:	0006      	movs	r6, r0
10004e42:	0014      	movs	r4, r2
10004e44:	001d      	movs	r5, r3
10004e46:	ab0c      	add	r3, sp, #48	@ 0x30
10004e48:	781f      	ldrb	r7, [r3, #0]
10004e4a:	f7fd f991 	bl	10002170 <time_us_64>
10004e4e:	0022      	movs	r2, r4
10004e50:	002b      	movs	r3, r5
10004e52:	1812      	adds	r2, r2, r0
10004e54:	414b      	adcs	r3, r1
10004e56:	2b00      	cmp	r3, #0
10004e58:	db09      	blt.n	10004e6e <alarm_pool_add_alarm_in_us+0x32>
10004e5a:	9702      	str	r7, [sp, #8]
10004e5c:	990b      	ldr	r1, [sp, #44]	@ 0x2c
10004e5e:	9101      	str	r1, [sp, #4]
10004e60:	990a      	ldr	r1, [sp, #40]	@ 0x28
10004e62:	9100      	str	r1, [sp, #0]
10004e64:	0030      	movs	r0, r6
10004e66:	f7fc ff73 	bl	10001d50 <alarm_pool_add_alarm_at>
10004e6a:	b005      	add	sp, #20
10004e6c:	bdf0      	pop	{r4, r5, r6, r7, pc}
10004e6e:	2201      	movs	r2, #1
10004e70:	4252      	negs	r2, r2
10004e72:	4b01      	ldr	r3, [pc, #4]	@ (10004e78 <alarm_pool_add_alarm_in_us+0x3c>)
10004e74:	e7f1      	b.n	10004e5a <alarm_pool_add_alarm_in_us+0x1e>
10004e76:	46c0      	nop			@ (mov r8, r8)
10004e78:	7fffffff 	.word	0x7fffffff

10004e7c <add_alarm_in_us>:
10004e7c:	b5f0      	push	{r4, r5, r6, r7, lr}
10004e7e:	46c6      	mov	lr, r8
10004e80:	b500      	push	{lr}
10004e82:	b084      	sub	sp, #16
10004e84:	0005      	movs	r5, r0
10004e86:	4688      	mov	r8, r1
10004e88:	0016      	movs	r6, r2
10004e8a:	001f      	movs	r7, r3
10004e8c:	ab0a      	add	r3, sp, #40	@ 0x28
10004e8e:	781c      	ldrb	r4, [r3, #0]
10004e90:	f7fc fef6 	bl	10001c80 <alarm_pool_get_default>
10004e94:	9402      	str	r4, [sp, #8]
10004e96:	9701      	str	r7, [sp, #4]
10004e98:	9600      	str	r6, [sp, #0]
10004e9a:	002a      	movs	r2, r5
10004e9c:	4643      	mov	r3, r8
10004e9e:	f7ff ffcd 	bl	10004e3c <alarm_pool_add_alarm_in_us>
10004ea2:	b004      	add	sp, #16
10004ea4:	bc80      	pop	{r7}
10004ea6:	46b8      	mov	r8, r7
10004ea8:	bdf0      	pop	{r4, r5, r6, r7, pc}
	...

10004eac <low_priority_worker_irq>:
10004eac:	b510      	push	{r4, lr}
10004eae:	b082      	sub	sp, #8
10004eb0:	4822      	ldr	r0, [pc, #136]	@ (10004f3c <low_priority_worker_irq+0x90>)
10004eb2:	2100      	movs	r1, #0
10004eb4:	f002 fdd4 	bl	10007a60 <__mutex_try_enter_veneer>
10004eb8:	2800      	cmp	r0, #0
10004eba:	d11e      	bne.n	10004efa <low_priority_worker_irq+0x4e>
10004ebc:	4b20      	ldr	r3, [pc, #128]	@ (10004f40 <low_priority_worker_irq+0x94>)
10004ebe:	681b      	ldr	r3, [r3, #0]
10004ec0:	2b00      	cmp	r3, #0
10004ec2:	d018      	beq.n	10004ef6 <low_priority_worker_irq+0x4a>
10004ec4:	f3ef 8110 	mrs	r1, PRIMASK
10004ec8:	b672      	cpsid	i
10004eca:	0008      	movs	r0, r1
10004ecc:	681a      	ldr	r2, [r3, #0]
10004ece:	2a00      	cmp	r2, #0
10004ed0:	d0fc      	beq.n	10004ecc <low_priority_worker_irq+0x20>
10004ed2:	f3bf 8f5f 	dmb	sy
10004ed6:	4a1a      	ldr	r2, [pc, #104]	@ (10004f40 <low_priority_worker_irq+0x94>)
10004ed8:	6051      	str	r1, [r2, #4]
10004eda:	491a      	ldr	r1, [pc, #104]	@ (10004f44 <low_priority_worker_irq+0x98>)
10004edc:	780b      	ldrb	r3, [r1, #0]
10004ede:	b2db      	uxtb	r3, r3
10004ee0:	2401      	movs	r4, #1
10004ee2:	700c      	strb	r4, [r1, #0]
10004ee4:	6812      	ldr	r2, [r2, #0]
10004ee6:	f3bf 8f5f 	dmb	sy
10004eea:	2100      	movs	r1, #0
10004eec:	6011      	str	r1, [r2, #0]
10004eee:	f380 8810 	msr	PRIMASK, r0
10004ef2:	2b00      	cmp	r3, #0
10004ef4:	d017      	beq.n	10004f26 <low_priority_worker_irq+0x7a>
10004ef6:	b002      	add	sp, #8
10004ef8:	bd10      	pop	{r4, pc}
10004efa:	2001      	movs	r0, #1
10004efc:	2100      	movs	r1, #0
10004efe:	4240      	negs	r0, r0
10004f00:	f001 f924 	bl	1000614c <tud_task_ext>
10004f04:	2000      	movs	r0, #0
10004f06:	f001 fb9b 	bl	10006640 <tud_cdc_n_available>
10004f0a:	0004      	movs	r4, r0
10004f0c:	480b      	ldr	r0, [pc, #44]	@ (10004f3c <low_priority_worker_irq+0x90>)
10004f0e:	f002 fd8f 	bl	10007a30 <__mutex_exit_veneer>
10004f12:	2c00      	cmp	r4, #0
10004f14:	d0ef      	beq.n	10004ef6 <low_priority_worker_irq+0x4a>
10004f16:	4b0c      	ldr	r3, [pc, #48]	@ (10004f48 <low_priority_worker_irq+0x9c>)
10004f18:	681b      	ldr	r3, [r3, #0]
10004f1a:	2b00      	cmp	r3, #0
10004f1c:	d0eb      	beq.n	10004ef6 <low_priority_worker_irq+0x4a>
10004f1e:	4a0b      	ldr	r2, [pc, #44]	@ (10004f4c <low_priority_worker_irq+0xa0>)
10004f20:	6810      	ldr	r0, [r2, #0]
10004f22:	4798      	blx	r3
10004f24:	e7e7      	b.n	10004ef6 <low_priority_worker_irq+0x4a>
10004f26:	4a0a      	ldr	r2, [pc, #40]	@ (10004f50 <low_priority_worker_irq+0xa4>)
10004f28:	3301      	adds	r3, #1
10004f2a:	9300      	str	r3, [sp, #0]
10004f2c:	2300      	movs	r3, #0
10004f2e:	20fa      	movs	r0, #250	@ 0xfa
10004f30:	0080      	lsls	r0, r0, #2
10004f32:	2100      	movs	r1, #0
10004f34:	f7ff ffa2 	bl	10004e7c <add_alarm_in_us>
10004f38:	e7dd      	b.n	10004ef6 <low_priority_worker_irq+0x4a>
10004f3a:	46c0      	nop			@ (mov r8, r8)
10004f3c:	20014138 	.word	0x20014138
10004f40:	2000ff10 	.word	0x2000ff10
10004f44:	2001415b 	.word	0x2001415b
10004f48:	200029ac 	.word	0x200029ac
10004f4c:	200029b0 	.word	0x200029b0
10004f50:	10004dd1 	.word	0x10004dd1

10004f54 <stdio_usb_init>:
10004f54:	b510      	push	{r4, lr}
10004f56:	b082      	sub	sp, #8
10004f58:	23d0      	movs	r3, #208	@ 0xd0
10004f5a:	061b      	lsls	r3, r3, #24
10004f5c:	681c      	ldr	r4, [r3, #0]
10004f5e:	f7fc fe8f 	bl	10001c80 <alarm_pool_get_default>
10004f62:	f7fc ff6f 	bl	10001e44 <alarm_pool_core_num>
10004f66:	42a0      	cmp	r0, r4
10004f68:	d130      	bne.n	10004fcc <stdio_usb_init+0x78>
10004f6a:	4b27      	ldr	r3, [pc, #156]	@ (10005008 <stdio_usb_init+0xb4>)
10004f6c:	781b      	ldrb	r3, [r3, #0]
10004f6e:	2100      	movs	r1, #0
10004f70:	2000      	movs	r0, #0
10004f72:	f002 f84f 	bl	10007014 <tusb_rhport_init>
10004f76:	4b25      	ldr	r3, [pc, #148]	@ (1000500c <stdio_usb_init+0xb8>)
10004f78:	681b      	ldr	r3, [r3, #0]
10004f7a:	2b00      	cmp	r3, #0
10004f7c:	d02c      	beq.n	10004fd8 <stdio_usb_init+0x84>
10004f7e:	2001      	movs	r0, #1
10004f80:	f7fc fc12 	bl	100017a8 <user_irq_claim_unused>
10004f84:	4c22      	ldr	r4, [pc, #136]	@ (10005010 <stdio_usb_init+0xbc>)
10004f86:	7020      	strb	r0, [r4, #0]
10004f88:	4922      	ldr	r1, [pc, #136]	@ (10005014 <stdio_usb_init+0xc0>)
10004f8a:	23ff      	movs	r3, #255	@ 0xff
10004f8c:	4018      	ands	r0, r3
10004f8e:	f7fc fa5b 	bl	10001448 <irq_set_exclusive_handler>
10004f92:	7820      	ldrb	r0, [r4, #0]
10004f94:	2101      	movs	r1, #1
10004f96:	f7fc fa2f 	bl	100013f8 <irq_set_enabled>
10004f9a:	2005      	movs	r0, #5
10004f9c:	f7fc fa46 	bl	1000142c <irq_has_shared_handler>
10004fa0:	1e04      	subs	r4, r0, #0
10004fa2:	d01d      	beq.n	10004fe0 <stdio_usb_init+0x8c>
10004fa4:	2001      	movs	r0, #1
10004fa6:	f7fc f989 	bl	100012bc <spin_lock_claim_unused>
10004faa:	0001      	movs	r1, r0
10004fac:	4b1a      	ldr	r3, [pc, #104]	@ (10005018 <stdio_usb_init+0xc4>)
10004fae:	0018      	movs	r0, r3
10004fb0:	f7fc fc5a 	bl	10001868 <critical_section_init_with_lock_num>
10004fb4:	4919      	ldr	r1, [pc, #100]	@ (1000501c <stdio_usb_init+0xc8>)
10004fb6:	2200      	movs	r2, #0
10004fb8:	2005      	movs	r0, #5
10004fba:	f7fc fa6f 	bl	1000149c <irq_add_shared_handler>
10004fbe:	4818      	ldr	r0, [pc, #96]	@ (10005020 <stdio_usb_init+0xcc>)
10004fc0:	2101      	movs	r1, #1
10004fc2:	f7ff fdab 	bl	10004b1c <stdio_set_driver_enabled>
10004fc6:	0020      	movs	r0, r4
10004fc8:	b002      	add	sp, #8
10004fca:	bd10      	pop	{r4, pc}
10004fcc:	4b15      	ldr	r3, [pc, #84]	@ (10005024 <stdio_usb_init+0xd0>)
10004fce:	4a16      	ldr	r2, [pc, #88]	@ (10005028 <stdio_usb_init+0xd4>)
10004fd0:	4816      	ldr	r0, [pc, #88]	@ (1000502c <stdio_usb_init+0xd8>)
10004fd2:	21c6      	movs	r1, #198	@ 0xc6
10004fd4:	f7ff fc54 	bl	10004880 <__assert_func>
10004fd8:	480c      	ldr	r0, [pc, #48]	@ (1000500c <stdio_usb_init+0xb8>)
10004fda:	f7fc fc03 	bl	100017e4 <mutex_init>
10004fde:	e7ce      	b.n	10004f7e <stdio_usb_init+0x2a>
10004fe0:	480d      	ldr	r0, [pc, #52]	@ (10005018 <stdio_usb_init+0xc4>)
10004fe2:	2208      	movs	r2, #8
10004fe4:	2100      	movs	r1, #0
10004fe6:	f7fe fb41 	bl	1000366c <__wrap_memset>
10004fea:	4a11      	ldr	r2, [pc, #68]	@ (10005030 <stdio_usb_init+0xdc>)
10004fec:	2301      	movs	r3, #1
10004fee:	9300      	str	r3, [sp, #0]
10004ff0:	2300      	movs	r3, #0
10004ff2:	20fa      	movs	r0, #250	@ 0xfa
10004ff4:	0080      	lsls	r0, r0, #2
10004ff6:	2100      	movs	r1, #0
10004ff8:	f7ff ff40 	bl	10004e7c <add_alarm_in_us>
10004ffc:	43c0      	mvns	r0, r0
10004ffe:	0fc4      	lsrs	r4, r0, #31
10005000:	2800      	cmp	r0, #0
10005002:	dae0      	bge.n	10004fc6 <stdio_usb_init+0x72>
10005004:	e7db      	b.n	10004fbe <stdio_usb_init+0x6a>
10005006:	46c0      	nop			@ (mov r8, r8)
10005008:	10009100 	.word	0x10009100
1000500c:	20014138 	.word	0x20014138
10005010:	2001415a 	.word	0x2001415a
10005014:	10004ead 	.word	0x10004ead
10005018:	2000ff10 	.word	0x2000ff10
1000501c:	10004dc1 	.word	0x10004dc1
10005020:	20000c90 	.word	0x20000c90
10005024:	100083bc 	.word	0x100083bc
10005028:	10008d30 	.word	0x10008d30
1000502c:	100083c4 	.word	0x100083c4
10005030:	10004dd1 	.word	0x10004dd1

10005034 <stdio_usb_connected>:
10005034:	b510      	push	{r4, lr}
10005036:	2000      	movs	r0, #0
10005038:	f001 fae6 	bl	10006608 <tud_cdc_n_connected>
1000503c:	bd10      	pop	{r4, pc}
	...

10005040 <stdio_usb_in_chars>:
10005040:	b570      	push	{r4, r5, r6, lr}
10005042:	0005      	movs	r5, r0
10005044:	000c      	movs	r4, r1
10005046:	f7ff fff5 	bl	10005034 <stdio_usb_connected>
1000504a:	2800      	cmp	r0, #0
1000504c:	d034      	beq.n	100050b8 <stdio_usb_in_chars+0x78>
1000504e:	2000      	movs	r0, #0
10005050:	f001 faf6 	bl	10006640 <tud_cdc_n_available>
10005054:	2800      	cmp	r0, #0
10005056:	d032      	beq.n	100050be <stdio_usb_in_chars+0x7e>
10005058:	f7fd f88a 	bl	10002170 <time_us_64>
1000505c:	4a1b      	ldr	r2, [pc, #108]	@ (100050cc <stdio_usb_in_chars+0x8c>)
1000505e:	2300      	movs	r3, #0
10005060:	1812      	adds	r2, r2, r0
10005062:	414b      	adcs	r3, r1
10005064:	2b00      	cmp	r3, #0
10005066:	db19      	blt.n	1000509c <stdio_usb_in_chars+0x5c>
10005068:	4819      	ldr	r0, [pc, #100]	@ (100050d0 <stdio_usb_in_chars+0x90>)
1000506a:	f002 fd11 	bl	10007a90 <__mutex_try_enter_block_until_veneer>
1000506e:	2800      	cmp	r0, #0
10005070:	d028      	beq.n	100050c4 <stdio_usb_in_chars+0x84>
10005072:	f7ff ffdf 	bl	10005034 <stdio_usb_connected>
10005076:	2800      	cmp	r0, #0
10005078:	d004      	beq.n	10005084 <stdio_usb_in_chars+0x44>
1000507a:	2000      	movs	r0, #0
1000507c:	f001 fae0 	bl	10006640 <tud_cdc_n_available>
10005080:	2800      	cmp	r0, #0
10005082:	d10f      	bne.n	100050a4 <stdio_usb_in_chars+0x64>
10005084:	2001      	movs	r0, #1
10005086:	2100      	movs	r1, #0
10005088:	4240      	negs	r0, r0
1000508a:	f001 f85f 	bl	1000614c <tud_task_ext>
1000508e:	2403      	movs	r4, #3
10005090:	4264      	negs	r4, r4
10005092:	480f      	ldr	r0, [pc, #60]	@ (100050d0 <stdio_usb_in_chars+0x90>)
10005094:	f002 fccc 	bl	10007a30 <__mutex_exit_veneer>
10005098:	0020      	movs	r0, r4
1000509a:	bd70      	pop	{r4, r5, r6, pc}
1000509c:	2201      	movs	r2, #1
1000509e:	4252      	negs	r2, r2
100050a0:	4b0c      	ldr	r3, [pc, #48]	@ (100050d4 <stdio_usb_in_chars+0x94>)
100050a2:	e7e1      	b.n	10005068 <stdio_usb_in_chars+0x28>
100050a4:	0022      	movs	r2, r4
100050a6:	0029      	movs	r1, r5
100050a8:	2000      	movs	r0, #0
100050aa:	f001 fad5 	bl	10006658 <tud_cdc_n_read>
100050ae:	1e04      	subs	r4, r0, #0
100050b0:	d1ef      	bne.n	10005092 <stdio_usb_in_chars+0x52>
100050b2:	2403      	movs	r4, #3
100050b4:	4264      	negs	r4, r4
100050b6:	e7ec      	b.n	10005092 <stdio_usb_in_chars+0x52>
100050b8:	2403      	movs	r4, #3
100050ba:	4264      	negs	r4, r4
100050bc:	e7ec      	b.n	10005098 <stdio_usb_in_chars+0x58>
100050be:	2403      	movs	r4, #3
100050c0:	4264      	negs	r4, r4
100050c2:	e7e9      	b.n	10005098 <stdio_usb_in_chars+0x58>
100050c4:	2403      	movs	r4, #3
100050c6:	4264      	negs	r4, r4
100050c8:	e7e6      	b.n	10005098 <stdio_usb_in_chars+0x58>
100050ca:	46c0      	nop			@ (mov r8, r8)
100050cc:	000f4240 	.word	0x000f4240
100050d0:	20014138 	.word	0x20014138
100050d4:	7fffffff 	.word	0x7fffffff

100050d8 <stdio_usb_out_chars>:
100050d8:	b5f0      	push	{r4, r5, r6, r7, lr}
100050da:	46c6      	mov	lr, r8
100050dc:	b500      	push	{lr}
100050de:	4680      	mov	r8, r0
100050e0:	000c      	movs	r4, r1
100050e2:	f7fd f845 	bl	10002170 <time_us_64>
100050e6:	4a31      	ldr	r2, [pc, #196]	@ (100051ac <stdio_usb_out_chars+0xd4>)
100050e8:	2300      	movs	r3, #0
100050ea:	1812      	adds	r2, r2, r0
100050ec:	414b      	adcs	r3, r1
100050ee:	2b00      	cmp	r3, #0
100050f0:	db07      	blt.n	10005102 <stdio_usb_out_chars+0x2a>
100050f2:	482f      	ldr	r0, [pc, #188]	@ (100051b0 <stdio_usb_out_chars+0xd8>)
100050f4:	f002 fccc 	bl	10007a90 <__mutex_try_enter_block_until_veneer>
100050f8:	2800      	cmp	r0, #0
100050fa:	d106      	bne.n	1000510a <stdio_usb_out_chars+0x32>
100050fc:	bc80      	pop	{r7}
100050fe:	46b8      	mov	r8, r7
10005100:	bdf0      	pop	{r4, r5, r6, r7, pc}
10005102:	2201      	movs	r2, #1
10005104:	4252      	negs	r2, r2
10005106:	4b2b      	ldr	r3, [pc, #172]	@ (100051b4 <stdio_usb_out_chars+0xdc>)
10005108:	e7f3      	b.n	100050f2 <stdio_usb_out_chars+0x1a>
1000510a:	f7ff ff93 	bl	10005034 <stdio_usb_connected>
1000510e:	2800      	cmp	r0, #0
10005110:	d149      	bne.n	100051a6 <stdio_usb_out_chars+0xce>
10005112:	4b29      	ldr	r3, [pc, #164]	@ (100051b8 <stdio_usb_out_chars+0xe0>)
10005114:	2000      	movs	r0, #0
10005116:	2100      	movs	r1, #0
10005118:	6018      	str	r0, [r3, #0]
1000511a:	6059      	str	r1, [r3, #4]
1000511c:	4824      	ldr	r0, [pc, #144]	@ (100051b0 <stdio_usb_out_chars+0xd8>)
1000511e:	f002 fc87 	bl	10007a30 <__mutex_exit_veneer>
10005122:	e7eb      	b.n	100050fc <stdio_usb_out_chars+0x24>
10005124:	2001      	movs	r0, #1
10005126:	2100      	movs	r1, #0
10005128:	4240      	negs	r0, r0
1000512a:	f001 f80f 	bl	1000614c <tud_task_ext>
1000512e:	2000      	movs	r0, #0
10005130:	f001 faae 	bl	10006690 <tud_cdc_n_write_flush>
10005134:	f7ff ff7e 	bl	10005034 <stdio_usb_connected>
10005138:	2800      	cmp	r0, #0
1000513a:	d0ef      	beq.n	1000511c <stdio_usb_out_chars+0x44>
1000513c:	2000      	movs	r0, #0
1000513e:	f001 fb23 	bl	10006788 <tud_cdc_n_write_available>
10005142:	2800      	cmp	r0, #0
10005144:	d020      	beq.n	10005188 <stdio_usb_out_chars+0xb0>
10005146:	42a5      	cmp	r5, r4
10005148:	dae8      	bge.n	1000511c <stdio_usb_out_chars+0x44>
1000514a:	1b66      	subs	r6, r4, r5
1000514c:	2000      	movs	r0, #0
1000514e:	f001 fb1b 	bl	10006788 <tud_cdc_n_write_available>
10005152:	0002      	movs	r2, r0
10005154:	4286      	cmp	r6, r0
10005156:	dc00      	bgt.n	1000515a <stdio_usb_out_chars+0x82>
10005158:	0032      	movs	r2, r6
1000515a:	2a00      	cmp	r2, #0
1000515c:	d0e2      	beq.n	10005124 <stdio_usb_out_chars+0x4c>
1000515e:	4643      	mov	r3, r8
10005160:	1959      	adds	r1, r3, r5
10005162:	2000      	movs	r0, #0
10005164:	f001 faec 	bl	10006740 <tud_cdc_n_write>
10005168:	0006      	movs	r6, r0
1000516a:	2001      	movs	r0, #1
1000516c:	2100      	movs	r1, #0
1000516e:	4240      	negs	r0, r0
10005170:	f000 ffec 	bl	1000614c <tud_task_ext>
10005174:	2000      	movs	r0, #0
10005176:	f001 fa8b 	bl	10006690 <tud_cdc_n_write_flush>
1000517a:	19ad      	adds	r5, r5, r6
1000517c:	f7fc fff8 	bl	10002170 <time_us_64>
10005180:	4b0d      	ldr	r3, [pc, #52]	@ (100051b8 <stdio_usb_out_chars+0xe0>)
10005182:	6018      	str	r0, [r3, #0]
10005184:	6059      	str	r1, [r3, #4]
10005186:	e7de      	b.n	10005146 <stdio_usb_out_chars+0x6e>
10005188:	f7fc fff2 	bl	10002170 <time_us_64>
1000518c:	4b0a      	ldr	r3, [pc, #40]	@ (100051b8 <stdio_usb_out_chars+0xe0>)
1000518e:	681e      	ldr	r6, [r3, #0]
10005190:	685f      	ldr	r7, [r3, #4]
10005192:	4a0a      	ldr	r2, [pc, #40]	@ (100051bc <stdio_usb_out_chars+0xe4>)
10005194:	2300      	movs	r3, #0
10005196:	1992      	adds	r2, r2, r6
10005198:	417b      	adcs	r3, r7
1000519a:	4299      	cmp	r1, r3
1000519c:	d8be      	bhi.n	1000511c <stdio_usb_out_chars+0x44>
1000519e:	d1d2      	bne.n	10005146 <stdio_usb_out_chars+0x6e>
100051a0:	4290      	cmp	r0, r2
100051a2:	d9d0      	bls.n	10005146 <stdio_usb_out_chars+0x6e>
100051a4:	e7ba      	b.n	1000511c <stdio_usb_out_chars+0x44>
100051a6:	2500      	movs	r5, #0
100051a8:	e7cd      	b.n	10005146 <stdio_usb_out_chars+0x6e>
100051aa:	46c0      	nop			@ (mov r8, r8)
100051ac:	000f4240 	.word	0x000f4240
100051b0:	20014138 	.word	0x20014138
100051b4:	7fffffff 	.word	0x7fffffff
100051b8:	20000e50 	.word	0x20000e50
100051bc:	0007a120 	.word	0x0007a120

100051c0 <tud_descriptor_device_cb>:
100051c0:	4800      	ldr	r0, [pc, #0]	@ (100051c4 <tud_descriptor_device_cb+0x4>)
100051c2:	4770      	bx	lr
100051c4:	10008dac 	.word	0x10008dac

100051c8 <tud_descriptor_configuration_cb>:
100051c8:	4800      	ldr	r0, [pc, #0]	@ (100051cc <tud_descriptor_configuration_cb+0x4>)
100051ca:	4770      	bx	lr
100051cc:	10008d58 	.word	0x10008d58

100051d0 <tud_descriptor_string_cb>:
100051d0:	b510      	push	{r4, lr}
100051d2:	0004      	movs	r4, r0
100051d4:	4b15      	ldr	r3, [pc, #84]	@ (1000522c <tud_descriptor_string_cb+0x5c>)
100051d6:	781b      	ldrb	r3, [r3, #0]
100051d8:	2b00      	cmp	r3, #0
100051da:	d00e      	beq.n	100051fa <tud_descriptor_string_cb+0x2a>
100051dc:	2c00      	cmp	r4, #0
100051de:	d111      	bne.n	10005204 <tud_descriptor_string_cb+0x34>
100051e0:	4b13      	ldr	r3, [pc, #76]	@ (10005230 <tud_descriptor_string_cb+0x60>)
100051e2:	4a14      	ldr	r2, [pc, #80]	@ (10005234 <tud_descriptor_string_cb+0x64>)
100051e4:	805a      	strh	r2, [r3, #2]
100051e6:	2301      	movs	r3, #1
100051e8:	3301      	adds	r3, #1
100051ea:	005b      	lsls	r3, r3, #1
100051ec:	b29b      	uxth	r3, r3
100051ee:	4810      	ldr	r0, [pc, #64]	@ (10005230 <tud_descriptor_string_cb+0x60>)
100051f0:	22c0      	movs	r2, #192	@ 0xc0
100051f2:	0092      	lsls	r2, r2, #2
100051f4:	4313      	orrs	r3, r2
100051f6:	8003      	strh	r3, [r0, #0]
100051f8:	bd10      	pop	{r4, pc}
100051fa:	480c      	ldr	r0, [pc, #48]	@ (1000522c <tud_descriptor_string_cb+0x5c>)
100051fc:	2111      	movs	r1, #17
100051fe:	f000 f825 	bl	1000524c <pico_get_unique_board_id_string>
10005202:	e7eb      	b.n	100051dc <tud_descriptor_string_cb+0xc>
10005204:	2c05      	cmp	r4, #5
10005206:	d80e      	bhi.n	10005226 <tud_descriptor_string_cb+0x56>
10005208:	4b0b      	ldr	r3, [pc, #44]	@ (10005238 <tud_descriptor_string_cb+0x68>)
1000520a:	00a4      	lsls	r4, r4, #2
1000520c:	58e4      	ldr	r4, [r4, r3]
1000520e:	2300      	movs	r3, #0
10005210:	2b12      	cmp	r3, #18
10005212:	d8e9      	bhi.n	100051e8 <tud_descriptor_string_cb+0x18>
10005214:	5ce1      	ldrb	r1, [r4, r3]
10005216:	2900      	cmp	r1, #0
10005218:	d0e6      	beq.n	100051e8 <tud_descriptor_string_cb+0x18>
1000521a:	3301      	adds	r3, #1
1000521c:	4a04      	ldr	r2, [pc, #16]	@ (10005230 <tud_descriptor_string_cb+0x60>)
1000521e:	0058      	lsls	r0, r3, #1
10005220:	5281      	strh	r1, [r0, r2]
10005222:	b2db      	uxtb	r3, r3
10005224:	e7f4      	b.n	10005210 <tud_descriptor_string_cb+0x40>
10005226:	2000      	movs	r0, #0
10005228:	e7e6      	b.n	100051f8 <tud_descriptor_string_cb+0x28>
1000522a:	46c0      	nop			@ (mov r8, r8)
1000522c:	20014140 	.word	0x20014140
10005230:	200029e4 	.word	0x200029e4
10005234:	00000409 	.word	0x00000409
10005238:	10008d40 	.word	0x10008d40

1000523c <_retrieve_unique_id_on_boot>:
1000523c:	b510      	push	{r4, lr}
1000523e:	4802      	ldr	r0, [pc, #8]	@ (10005248 <_retrieve_unique_id_on_boot+0xc>)
10005240:	f000 f830 	bl	100052a4 <flash_get_unique_id>
10005244:	bd10      	pop	{r4, pc}
10005246:	46c0      	nop			@ (mov r8, r8)
10005248:	2000ff28 	.word	0x2000ff28

1000524c <pico_get_unique_board_id_string>:
1000524c:	b510      	push	{r4, lr}
1000524e:	2900      	cmp	r1, #0
10005250:	d001      	beq.n	10005256 <pico_get_unique_board_id_string+0xa>
10005252:	2300      	movs	r3, #0
10005254:	e008      	b.n	10005268 <pico_get_unique_board_id_string+0x1c>
10005256:	4b0f      	ldr	r3, [pc, #60]	@ (10005294 <pico_get_unique_board_id_string+0x48>)
10005258:	4a0f      	ldr	r2, [pc, #60]	@ (10005298 <pico_get_unique_board_id_string+0x4c>)
1000525a:	4810      	ldr	r0, [pc, #64]	@ (1000529c <pico_get_unique_board_id_string+0x50>)
1000525c:	313b      	adds	r1, #59	@ 0x3b
1000525e:	f7ff fb0f 	bl	10004880 <__assert_func>
10005262:	3237      	adds	r2, #55	@ 0x37
10005264:	54c2      	strb	r2, [r0, r3]
10005266:	3301      	adds	r3, #1
10005268:	1e4a      	subs	r2, r1, #1
1000526a:	429a      	cmp	r2, r3
1000526c:	d90e      	bls.n	1000528c <pico_get_unique_board_id_string+0x40>
1000526e:	2b0f      	cmp	r3, #15
10005270:	d80c      	bhi.n	1000528c <pico_get_unique_board_id_string+0x40>
10005272:	085a      	lsrs	r2, r3, #1
10005274:	4c0a      	ldr	r4, [pc, #40]	@ (100052a0 <pico_get_unique_board_id_string+0x54>)
10005276:	5ca4      	ldrb	r4, [r4, r2]
10005278:	2201      	movs	r2, #1
1000527a:	439a      	bics	r2, r3
1000527c:	0092      	lsls	r2, r2, #2
1000527e:	4114      	asrs	r4, r2
10005280:	220f      	movs	r2, #15
10005282:	4022      	ands	r2, r4
10005284:	2a09      	cmp	r2, #9
10005286:	dcec      	bgt.n	10005262 <pico_get_unique_board_id_string+0x16>
10005288:	3230      	adds	r2, #48	@ 0x30
1000528a:	e7eb      	b.n	10005264 <pico_get_unique_board_id_string+0x18>
1000528c:	18c0      	adds	r0, r0, r3
1000528e:	2300      	movs	r3, #0
10005290:	7003      	strb	r3, [r0, #0]
10005292:	bd10      	pop	{r4, pc}
10005294:	10008458 	.word	0x10008458
10005298:	10008dc0 	.word	0x10008dc0
1000529c:	10008460 	.word	0x10008460
100052a0:	2000ff28 	.word	0x2000ff28

100052a4 <flash_get_unique_id>:
100052a4:	b570      	push	{r4, r5, r6, lr}
100052a6:	b088      	sub	sp, #32
100052a8:	0004      	movs	r4, r0
100052aa:	ad04      	add	r5, sp, #16
100052ac:	220d      	movs	r2, #13
100052ae:	2100      	movs	r1, #0
100052b0:	0028      	movs	r0, r5
100052b2:	f7fe f9db 	bl	1000366c <__wrap_memset>
100052b6:	220d      	movs	r2, #13
100052b8:	2100      	movs	r1, #0
100052ba:	4668      	mov	r0, sp
100052bc:	f7fe f9d6 	bl	1000366c <__wrap_memset>
100052c0:	234b      	movs	r3, #75	@ 0x4b
100052c2:	702b      	strb	r3, [r5, #0]
100052c4:	220d      	movs	r2, #13
100052c6:	4669      	mov	r1, sp
100052c8:	0028      	movs	r0, r5
100052ca:	f002 fba9 	bl	10007a20 <__flash_do_cmd_veneer>
100052ce:	2300      	movs	r3, #0
100052d0:	e004      	b.n	100052dc <flash_get_unique_id+0x38>
100052d2:	1d5a      	adds	r2, r3, #5
100052d4:	4669      	mov	r1, sp
100052d6:	5c8a      	ldrb	r2, [r1, r2]
100052d8:	54e2      	strb	r2, [r4, r3]
100052da:	3301      	adds	r3, #1
100052dc:	2b07      	cmp	r3, #7
100052de:	ddf8      	ble.n	100052d2 <flash_get_unique_id+0x2e>
100052e0:	b008      	add	sp, #32
100052e2:	bd70      	pop	{r4, r5, r6, pc}

100052e4 <hw_endpoint_init>:
100052e4:	b570      	push	{r4, r5, r6, lr}
100052e6:	b082      	sub	sp, #8
100052e8:	237f      	movs	r3, #127	@ 0x7f
100052ea:	4003      	ands	r3, r0
100052ec:	09c5      	lsrs	r5, r0, #7
100052ee:	4c27      	ldr	r4, [pc, #156]	@ (1000538c <hw_endpoint_init+0xa8>)
100052f0:	005e      	lsls	r6, r3, #1
100052f2:	1976      	adds	r6, r6, r5
100052f4:	0176      	lsls	r6, r6, #5
100052f6:	19a4      	adds	r4, r4, r6
100052f8:	70a0      	strb	r0, [r4, #2]
100052fa:	4268      	negs	r0, r5
100052fc:	4168      	adcs	r0, r5
100052fe:	7060      	strb	r0, [r4, #1]
10005300:	2000      	movs	r0, #0
10005302:	70e0      	strb	r0, [r4, #3]
10005304:	8321      	strh	r1, [r4, #24]
10005306:	76e2      	strb	r2, [r4, #27]
10005308:	2d01      	cmp	r5, #1
1000530a:	d01e      	beq.n	1000534a <hw_endpoint_init+0x66>
1000530c:	00d8      	lsls	r0, r3, #3
1000530e:	4a20      	ldr	r2, [pc, #128]	@ (10005390 <hw_endpoint_init+0xac>)
10005310:	4694      	mov	ip, r2
10005312:	4460      	add	r0, ip
10005314:	4a1d      	ldr	r2, [pc, #116]	@ (1000538c <hw_endpoint_init+0xa8>)
10005316:	0059      	lsls	r1, r3, #1
10005318:	1949      	adds	r1, r1, r5
1000531a:	0149      	lsls	r1, r1, #5
1000531c:	1852      	adds	r2, r2, r1
1000531e:	6090      	str	r0, [r2, #8]
10005320:	4a1a      	ldr	r2, [pc, #104]	@ (1000538c <hw_endpoint_init+0xa8>)
10005322:	0059      	lsls	r1, r3, #1
10005324:	1949      	adds	r1, r1, r5
10005326:	0149      	lsls	r1, r1, #5
10005328:	1852      	adds	r2, r2, r1
1000532a:	6892      	ldr	r2, [r2, #8]
1000532c:	2100      	movs	r1, #0
1000532e:	6011      	str	r1, [r2, #0]
10005330:	2b00      	cmp	r3, #0
10005332:	d110      	bne.n	10005356 <hw_endpoint_init+0x72>
10005334:	4a15      	ldr	r2, [pc, #84]	@ (1000538c <hw_endpoint_init+0xa8>)
10005336:	005b      	lsls	r3, r3, #1
10005338:	195b      	adds	r3, r3, r5
1000533a:	015b      	lsls	r3, r3, #5
1000533c:	18d3      	adds	r3, r2, r3
1000533e:	2200      	movs	r2, #0
10005340:	605a      	str	r2, [r3, #4]
10005342:	4a14      	ldr	r2, [pc, #80]	@ (10005394 <hw_endpoint_init+0xb0>)
10005344:	60da      	str	r2, [r3, #12]
10005346:	b002      	add	sp, #8
10005348:	bd70      	pop	{r4, r5, r6, pc}
1000534a:	00d8      	lsls	r0, r3, #3
1000534c:	4a12      	ldr	r2, [pc, #72]	@ (10005398 <hw_endpoint_init+0xb4>)
1000534e:	4694      	mov	ip, r2
10005350:	4460      	add	r0, ip
10005352:	60a0      	str	r0, [r4, #8]
10005354:	e7e4      	b.n	10005320 <hw_endpoint_init+0x3c>
10005356:	2d01      	cmp	r5, #1
10005358:	d00b      	beq.n	10005372 <hw_endpoint_init+0x8e>
1000535a:	1e59      	subs	r1, r3, #1
1000535c:	00c9      	lsls	r1, r1, #3
1000535e:	4a0f      	ldr	r2, [pc, #60]	@ (1000539c <hw_endpoint_init+0xb8>)
10005360:	4694      	mov	ip, r2
10005362:	4461      	add	r1, ip
10005364:	4a09      	ldr	r2, [pc, #36]	@ (1000538c <hw_endpoint_init+0xa8>)
10005366:	005b      	lsls	r3, r3, #1
10005368:	195b      	adds	r3, r3, r5
1000536a:	015b      	lsls	r3, r3, #5
1000536c:	18d2      	adds	r2, r2, r3
1000536e:	6051      	str	r1, [r2, #4]
10005370:	e7e9      	b.n	10005346 <hw_endpoint_init+0x62>
10005372:	1e59      	subs	r1, r3, #1
10005374:	00c9      	lsls	r1, r1, #3
10005376:	4a0a      	ldr	r2, [pc, #40]	@ (100053a0 <hw_endpoint_init+0xbc>)
10005378:	4694      	mov	ip, r2
1000537a:	4461      	add	r1, ip
1000537c:	4a03      	ldr	r2, [pc, #12]	@ (1000538c <hw_endpoint_init+0xa8>)
1000537e:	005b      	lsls	r3, r3, #1
10005380:	195b      	adds	r3, r3, r5
10005382:	015b      	lsls	r3, r3, #5
10005384:	18d2      	adds	r2, r2, r3
10005386:	6051      	str	r1, [r2, #4]
10005388:	e7dd      	b.n	10005346 <hw_endpoint_init+0x62>
1000538a:	46c0      	nop			@ (mov r8, r8)
1000538c:	2000faf0 	.word	0x2000faf0
10005390:	50100084 	.word	0x50100084
10005394:	50100100 	.word	0x50100100
10005398:	50100080 	.word	0x50100080
1000539c:	5010000c 	.word	0x5010000c
100053a0:	50100008 	.word	0x50100008

100053a4 <hw_endpoint_alloc>:
100053a4:	b510      	push	{r4, lr}
100053a6:	8b03      	ldrh	r3, [r0, #24]
100053a8:	333f      	adds	r3, #63	@ 0x3f
100053aa:	223f      	movs	r2, #63	@ 0x3f
100053ac:	4393      	bics	r3, r2
100053ae:	7ec2      	ldrb	r2, [r0, #27]
100053b0:	2a02      	cmp	r2, #2
100053b2:	d008      	beq.n	100053c6 <hw_endpoint_alloc+0x22>
100053b4:	4908      	ldr	r1, [pc, #32]	@ (100053d8 <hw_endpoint_alloc+0x34>)
100053b6:	680a      	ldr	r2, [r1, #0]
100053b8:	60c2      	str	r2, [r0, #12]
100053ba:	18d3      	adds	r3, r2, r3
100053bc:	600b      	str	r3, [r1, #0]
100053be:	4a07      	ldr	r2, [pc, #28]	@ (100053dc <hw_endpoint_alloc+0x38>)
100053c0:	4293      	cmp	r3, r2
100053c2:	d802      	bhi.n	100053ca <hw_endpoint_alloc+0x26>
100053c4:	bd10      	pop	{r4, pc}
100053c6:	005b      	lsls	r3, r3, #1
100053c8:	e7f4      	b.n	100053b4 <hw_endpoint_alloc+0x10>
100053ca:	4b05      	ldr	r3, [pc, #20]	@ (100053e0 <hw_endpoint_alloc+0x3c>)
100053cc:	4a05      	ldr	r2, [pc, #20]	@ (100053e4 <hw_endpoint_alloc+0x40>)
100053ce:	4806      	ldr	r0, [pc, #24]	@ (100053e8 <hw_endpoint_alloc+0x44>)
100053d0:	2152      	movs	r1, #82	@ 0x52
100053d2:	f7ff fa55 	bl	10004880 <__assert_func>
100053d6:	46c0      	nop			@ (mov r8, r8)
100053d8:	2000fef4 	.word	0x2000fef4
100053dc:	50100fff 	.word	0x50100fff
100053e0:	100086c0 	.word	0x100086c0
100053e4:	10008e20 	.word	0x10008e20
100053e8:	10008704 	.word	0x10008704

100053ec <hw_endpoint_open>:
100053ec:	b5f8      	push	{r3, r4, r5, r6, r7, lr}
100053ee:	257f      	movs	r5, #127	@ 0x7f
100053f0:	4005      	ands	r5, r0
100053f2:	09c6      	lsrs	r6, r0, #7
100053f4:	006b      	lsls	r3, r5, #1
100053f6:	199b      	adds	r3, r3, r6
100053f8:	015b      	lsls	r3, r3, #5
100053fa:	4c0e      	ldr	r4, [pc, #56]	@ (10005434 <hw_endpoint_open+0x48>)
100053fc:	191c      	adds	r4, r3, r4
100053fe:	f7ff ff71 	bl	100052e4 <hw_endpoint_init>
10005402:	2d00      	cmp	r5, #0
10005404:	d100      	bne.n	10005408 <hw_endpoint_open+0x1c>
10005406:	bdf8      	pop	{r3, r4, r5, r6, r7, pc}
10005408:	4b0a      	ldr	r3, [pc, #40]	@ (10005434 <hw_endpoint_open+0x48>)
1000540a:	006d      	lsls	r5, r5, #1
1000540c:	19ad      	adds	r5, r5, r6
1000540e:	016d      	lsls	r5, r5, #5
10005410:	195d      	adds	r5, r3, r5
10005412:	8b29      	ldrh	r1, [r5, #24]
10005414:	0020      	movs	r0, r4
10005416:	f7ff ffc5 	bl	100053a4 <hw_endpoint_alloc>
1000541a:	7eeb      	ldrb	r3, [r5, #27]
1000541c:	069b      	lsls	r3, r3, #26
1000541e:	68e9      	ldr	r1, [r5, #12]
10005420:	4a05      	ldr	r2, [pc, #20]	@ (10005438 <hw_endpoint_open+0x4c>)
10005422:	404a      	eors	r2, r1
10005424:	4313      	orrs	r3, r2
10005426:	2280      	movs	r2, #128	@ 0x80
10005428:	0612      	lsls	r2, r2, #24
1000542a:	4313      	orrs	r3, r2
1000542c:	686a      	ldr	r2, [r5, #4]
1000542e:	6013      	str	r3, [r2, #0]
10005430:	e7e9      	b.n	10005406 <hw_endpoint_open+0x1a>
10005432:	46c0      	nop			@ (mov r8, r8)
10005434:	2000faf0 	.word	0x2000faf0
10005438:	50100000 	.word	0x50100000

1000543c <hw_endpoint_xfer>:
1000543c:	b510      	push	{r4, lr}
1000543e:	0004      	movs	r4, r0
10005440:	207f      	movs	r0, #127	@ 0x7f
10005442:	4020      	ands	r0, r4
10005444:	09e4      	lsrs	r4, r4, #7
10005446:	0040      	lsls	r0, r0, #1
10005448:	1900      	adds	r0, r0, r4
1000544a:	0140      	lsls	r0, r0, #5
1000544c:	4b02      	ldr	r3, [pc, #8]	@ (10005458 <hw_endpoint_xfer+0x1c>)
1000544e:	18c0      	adds	r0, r0, r3
10005450:	f000 f926 	bl	100056a0 <hw_endpoint_xfer_start>
10005454:	bd10      	pop	{r4, pc}
10005456:	46c0      	nop			@ (mov r8, r8)
10005458:	2000faf0 	.word	0x2000faf0

1000545c <dcd_int_enable>:
1000545c:	b510      	push	{r4, lr}
1000545e:	2800      	cmp	r0, #0
10005460:	d104      	bne.n	1000546c <dcd_int_enable+0x10>
10005462:	2101      	movs	r1, #1
10005464:	2005      	movs	r0, #5
10005466:	f7fb ffc7 	bl	100013f8 <irq_set_enabled>
1000546a:	bd10      	pop	{r4, pc}
1000546c:	4b03      	ldr	r3, [pc, #12]	@ (1000547c <dcd_int_enable+0x20>)
1000546e:	4a04      	ldr	r2, [pc, #16]	@ (10005480 <dcd_int_enable+0x24>)
10005470:	2198      	movs	r1, #152	@ 0x98
10005472:	4804      	ldr	r0, [pc, #16]	@ (10005484 <dcd_int_enable+0x28>)
10005474:	31ff      	adds	r1, #255	@ 0xff
10005476:	f7ff fa03 	bl	10004880 <__assert_func>
1000547a:	46c0      	nop			@ (mov r8, r8)
1000547c:	10008778 	.word	0x10008778
10005480:	10008e10 	.word	0x10008e10
10005484:	10008704 	.word	0x10008704

10005488 <dcd_set_address>:
10005488:	b510      	push	{r4, lr}
1000548a:	2800      	cmp	r0, #0
1000548c:	d105      	bne.n	1000549a <dcd_set_address+0x12>
1000548e:	2200      	movs	r2, #0
10005490:	2100      	movs	r1, #0
10005492:	2080      	movs	r0, #128	@ 0x80
10005494:	f7ff ffd2 	bl	1000543c <hw_endpoint_xfer>
10005498:	bd10      	pop	{r4, pc}
1000549a:	4b03      	ldr	r3, [pc, #12]	@ (100054a8 <dcd_set_address+0x20>)
1000549c:	4a03      	ldr	r2, [pc, #12]	@ (100054ac <dcd_set_address+0x24>)
1000549e:	21a2      	movs	r1, #162	@ 0xa2
100054a0:	4803      	ldr	r0, [pc, #12]	@ (100054b0 <dcd_set_address+0x28>)
100054a2:	31ff      	adds	r1, #255	@ 0xff
100054a4:	f7ff f9ec 	bl	10004880 <__assert_func>
100054a8:	10008778 	.word	0x10008778
100054ac:	10008e00 	.word	0x10008e00
100054b0:	10008704 	.word	0x10008704

100054b4 <dcd_connect>:
100054b4:	4b02      	ldr	r3, [pc, #8]	@ (100054c0 <dcd_connect+0xc>)
100054b6:	2280      	movs	r2, #128	@ 0x80
100054b8:	0252      	lsls	r2, r2, #9
100054ba:	64da      	str	r2, [r3, #76]	@ 0x4c
100054bc:	4770      	bx	lr
100054be:	46c0      	nop			@ (mov r8, r8)
100054c0:	50112000 	.word	0x50112000

100054c4 <dcd_init>:
100054c4:	b570      	push	{r4, r5, r6, lr}
100054c6:	1e04      	subs	r4, r0, #0
100054c8:	d127      	bne.n	1000551a <dcd_init+0x56>
100054ca:	f000 f8c7 	bl	1000565c <rp2040_usb_init>
100054ce:	4d16      	ldr	r5, [pc, #88]	@ (10005528 <dcd_init+0x64>)
100054d0:	230c      	movs	r3, #12
100054d2:	67ab      	str	r3, [r5, #120]	@ 0x78
100054d4:	4915      	ldr	r1, [pc, #84]	@ (1000552c <dcd_init+0x68>)
100054d6:	22ff      	movs	r2, #255	@ 0xff
100054d8:	2005      	movs	r0, #5
100054da:	f7fb ffdf 	bl	1000149c <irq_add_shared_handler>
100054de:	4814      	ldr	r0, [pc, #80]	@ (10005530 <dcd_init+0x6c>)
100054e0:	2240      	movs	r2, #64	@ 0x40
100054e2:	2100      	movs	r1, #0
100054e4:	f7fe f8c2 	bl	1000366c <__wrap_memset>
100054e8:	2200      	movs	r2, #0
100054ea:	2140      	movs	r1, #64	@ 0x40
100054ec:	2000      	movs	r0, #0
100054ee:	f7ff ff7d 	bl	100053ec <hw_endpoint_open>
100054f2:	2200      	movs	r2, #0
100054f4:	2140      	movs	r1, #64	@ 0x40
100054f6:	2080      	movs	r0, #128	@ 0x80
100054f8:	f7ff ff78 	bl	100053ec <hw_endpoint_open>
100054fc:	f002 fae8 	bl	10007ad0 <__reset_non_control_endpoints_veneer>
10005500:	2301      	movs	r3, #1
10005502:	642b      	str	r3, [r5, #64]	@ 0x40
10005504:	2380      	movs	r3, #128	@ 0x80
10005506:	059b      	lsls	r3, r3, #22
10005508:	64eb      	str	r3, [r5, #76]	@ 0x4c
1000550a:	2390      	movs	r3, #144	@ 0x90
1000550c:	4a09      	ldr	r2, [pc, #36]	@ (10005534 <dcd_init+0x70>)
1000550e:	50ea      	str	r2, [r5, r3]
10005510:	0020      	movs	r0, r4
10005512:	f7ff ffcf 	bl	100054b4 <dcd_connect>
10005516:	2001      	movs	r0, #1
10005518:	bd70      	pop	{r4, r5, r6, pc}
1000551a:	4b07      	ldr	r3, [pc, #28]	@ (10005538 <dcd_init+0x74>)
1000551c:	4a07      	ldr	r2, [pc, #28]	@ (1000553c <dcd_init+0x78>)
1000551e:	2164      	movs	r1, #100	@ 0x64
10005520:	4807      	ldr	r0, [pc, #28]	@ (10005540 <dcd_init+0x7c>)
10005522:	31ff      	adds	r1, #255	@ 0xff
10005524:	f7ff f9ac 	bl	10004880 <__assert_func>
10005528:	50110000 	.word	0x50110000
1000552c:	200004bd 	.word	0x200004bd
10005530:	2000faf0 	.word	0x2000faf0
10005534:	0001d010 	.word	0x0001d010
10005538:	10008778 	.word	0x10008778
1000553c:	10008e34 	.word	0x10008e34
10005540:	10008704 	.word	0x10008704

10005544 <dcd_sof_enable>:
10005544:	4b04      	ldr	r3, [pc, #16]	@ (10005558 <dcd_sof_enable+0x14>)
10005546:	7019      	strb	r1, [r3, #0]
10005548:	2900      	cmp	r1, #0
1000554a:	d004      	beq.n	10005556 <dcd_sof_enable+0x12>
1000554c:	4a03      	ldr	r2, [pc, #12]	@ (1000555c <dcd_sof_enable+0x18>)
1000554e:	2390      	movs	r3, #144	@ 0x90
10005550:	2180      	movs	r1, #128	@ 0x80
10005552:	0289      	lsls	r1, r1, #10
10005554:	50d1      	str	r1, [r2, r3]
10005556:	4770      	bx	lr
10005558:	20014155 	.word	0x20014155
1000555c:	50112000 	.word	0x50112000

10005560 <dcd_edpt0_status_complete>:
10005560:	780b      	ldrb	r3, [r1, #0]
10005562:	065b      	lsls	r3, r3, #25
10005564:	d102      	bne.n	1000556c <dcd_edpt0_status_complete+0xc>
10005566:	784b      	ldrb	r3, [r1, #1]
10005568:	2b05      	cmp	r3, #5
1000556a:	d000      	beq.n	1000556e <dcd_edpt0_status_complete+0xe>
1000556c:	4770      	bx	lr
1000556e:	788a      	ldrb	r2, [r1, #2]
10005570:	4b01      	ldr	r3, [pc, #4]	@ (10005578 <dcd_edpt0_status_complete+0x18>)
10005572:	601a      	str	r2, [r3, #0]
10005574:	e7fa      	b.n	1000556c <dcd_edpt0_status_complete+0xc>
10005576:	46c0      	nop			@ (mov r8, r8)
10005578:	50110000 	.word	0x50110000

1000557c <dcd_edpt_open>:
1000557c:	b510      	push	{r4, lr}
1000557e:	78ca      	ldrb	r2, [r1, #3]
10005580:	0792      	lsls	r2, r2, #30
10005582:	0f92      	lsrs	r2, r2, #30
10005584:	2a01      	cmp	r2, #1
10005586:	d00a      	beq.n	1000559e <dcd_edpt_open+0x22>
10005588:	7888      	ldrb	r0, [r1, #2]
1000558a:	790b      	ldrb	r3, [r1, #4]
1000558c:	7949      	ldrb	r1, [r1, #5]
1000558e:	0209      	lsls	r1, r1, #8
10005590:	4319      	orrs	r1, r3
10005592:	0549      	lsls	r1, r1, #21
10005594:	0d49      	lsrs	r1, r1, #21
10005596:	f7ff ff29 	bl	100053ec <hw_endpoint_open>
1000559a:	2001      	movs	r0, #1
1000559c:	bd10      	pop	{r4, pc}
1000559e:	2000      	movs	r0, #0
100055a0:	e7fc      	b.n	1000559c <dcd_edpt_open+0x20>

100055a2 <dcd_edpt_close_all>:
100055a2:	b510      	push	{r4, lr}
100055a4:	f002 fa94 	bl	10007ad0 <__reset_non_control_endpoints_veneer>
100055a8:	bd10      	pop	{r4, pc}
	...

100055ac <dcd_edpt_xfer>:
100055ac:	b510      	push	{r4, lr}
100055ae:	0004      	movs	r4, r0
100055b0:	0008      	movs	r0, r1
100055b2:	0011      	movs	r1, r2
100055b4:	001a      	movs	r2, r3
100055b6:	2c00      	cmp	r4, #0
100055b8:	d103      	bne.n	100055c2 <dcd_edpt_xfer+0x16>
100055ba:	f7ff ff3f 	bl	1000543c <hw_endpoint_xfer>
100055be:	2001      	movs	r0, #1
100055c0:	bd10      	pop	{r4, pc}
100055c2:	4b03      	ldr	r3, [pc, #12]	@ (100055d0 <dcd_edpt_xfer+0x24>)
100055c4:	4a03      	ldr	r2, [pc, #12]	@ (100055d4 <dcd_edpt_xfer+0x28>)
100055c6:	2181      	movs	r1, #129	@ 0x81
100055c8:	4803      	ldr	r0, [pc, #12]	@ (100055d8 <dcd_edpt_xfer+0x2c>)
100055ca:	0089      	lsls	r1, r1, #2
100055cc:	f7ff f958 	bl	10004880 <__assert_func>
100055d0:	10008778 	.word	0x10008778
100055d4:	10008df0 	.word	0x10008df0
100055d8:	10008704 	.word	0x10008704

100055dc <dcd_edpt_stall>:
100055dc:	b510      	push	{r4, lr}
100055de:	237f      	movs	r3, #127	@ 0x7f
100055e0:	0018      	movs	r0, r3
100055e2:	4008      	ands	r0, r1
100055e4:	420b      	tst	r3, r1
100055e6:	d105      	bne.n	100055f4 <dcd_edpt_stall+0x18>
100055e8:	09cb      	lsrs	r3, r1, #7
100055ea:	2b01      	cmp	r3, #1
100055ec:	d00e      	beq.n	1000560c <dcd_edpt_stall+0x30>
100055ee:	2202      	movs	r2, #2
100055f0:	4b07      	ldr	r3, [pc, #28]	@ (10005610 <dcd_edpt_stall+0x34>)
100055f2:	669a      	str	r2, [r3, #104]	@ 0x68
100055f4:	09c9      	lsrs	r1, r1, #7
100055f6:	0040      	lsls	r0, r0, #1
100055f8:	1840      	adds	r0, r0, r1
100055fa:	0140      	lsls	r0, r0, #5
100055fc:	4b05      	ldr	r3, [pc, #20]	@ (10005614 <dcd_edpt_stall+0x38>)
100055fe:	18c0      	adds	r0, r0, r3
10005600:	2280      	movs	r2, #128	@ 0x80
10005602:	0112      	lsls	r2, r2, #4
10005604:	2100      	movs	r1, #0
10005606:	f002 fa5b 	bl	10007ac0 <___hw_endpoint_buffer_control_update32_veneer>
1000560a:	bd10      	pop	{r4, pc}
1000560c:	2201      	movs	r2, #1
1000560e:	e7ef      	b.n	100055f0 <dcd_edpt_stall+0x14>
10005610:	50112000 	.word	0x50112000
10005614:	2000faf0 	.word	0x2000faf0

10005618 <dcd_edpt_clear_stall>:
10005618:	b510      	push	{r4, lr}
1000561a:	227f      	movs	r2, #127	@ 0x7f
1000561c:	0010      	movs	r0, r2
1000561e:	4008      	ands	r0, r1
10005620:	420a      	tst	r2, r1
10005622:	d100      	bne.n	10005626 <dcd_edpt_clear_stall+0xe>
10005624:	bd10      	pop	{r4, pc}
10005626:	09c9      	lsrs	r1, r1, #7
10005628:	0040      	lsls	r0, r0, #1
1000562a:	1840      	adds	r0, r0, r1
1000562c:	0140      	lsls	r0, r0, #5
1000562e:	4b04      	ldr	r3, [pc, #16]	@ (10005640 <dcd_edpt_clear_stall+0x28>)
10005630:	18c0      	adds	r0, r0, r3
10005632:	2300      	movs	r3, #0
10005634:	70c3      	strb	r3, [r0, #3]
10005636:	2200      	movs	r2, #0
10005638:	4902      	ldr	r1, [pc, #8]	@ (10005644 <dcd_edpt_clear_stall+0x2c>)
1000563a:	f002 fa41 	bl	10007ac0 <___hw_endpoint_buffer_control_update32_veneer>
1000563e:	e7f1      	b.n	10005624 <dcd_edpt_clear_stall+0xc>
10005640:	2000faf0 	.word	0x2000faf0
10005644:	fffff7ff 	.word	0xfffff7ff

10005648 <unaligned_memcpy>:
10005648:	e004      	b.n	10005654 <unaligned_memcpy+0xc>
1000564a:	780a      	ldrb	r2, [r1, #0]
1000564c:	7002      	strb	r2, [r0, #0]
1000564e:	3101      	adds	r1, #1
10005650:	3001      	adds	r0, #1
10005652:	001a      	movs	r2, r3
10005654:	1e53      	subs	r3, r2, #1
10005656:	2a00      	cmp	r2, #0
10005658:	d1f7      	bne.n	1000564a <unaligned_memcpy+0x2>
1000565a:	4770      	bx	lr

1000565c <rp2040_usb_init>:
1000565c:	b510      	push	{r4, lr}
1000565e:	2380      	movs	r3, #128	@ 0x80
10005660:	045b      	lsls	r3, r3, #17
10005662:	4a0a      	ldr	r2, [pc, #40]	@ (1000568c <rp2040_usb_init+0x30>)
10005664:	6013      	str	r3, [r2, #0]
10005666:	4a0a      	ldr	r2, [pc, #40]	@ (10005690 <rp2040_usb_init+0x34>)
10005668:	6013      	str	r3, [r2, #0]
1000566a:	4b0a      	ldr	r3, [pc, #40]	@ (10005694 <rp2040_usb_init+0x38>)
1000566c:	681a      	ldr	r2, [r3, #0]
1000566e:	2380      	movs	r3, #128	@ 0x80
10005670:	045b      	lsls	r3, r3, #17
10005672:	4393      	bics	r3, r2
10005674:	d1f9      	bne.n	1000566a <rp2040_usb_init+0xe>
10005676:	2280      	movs	r2, #128	@ 0x80
10005678:	0152      	lsls	r2, r2, #5
1000567a:	2100      	movs	r1, #0
1000567c:	4806      	ldr	r0, [pc, #24]	@ (10005698 <rp2040_usb_init+0x3c>)
1000567e:	f7fd fff5 	bl	1000366c <__wrap_memset>
10005682:	4b06      	ldr	r3, [pc, #24]	@ (1000569c <rp2040_usb_init+0x40>)
10005684:	2209      	movs	r2, #9
10005686:	675a      	str	r2, [r3, #116]	@ 0x74
10005688:	bd10      	pop	{r4, pc}
1000568a:	46c0      	nop			@ (mov r8, r8)
1000568c:	4000e000 	.word	0x4000e000
10005690:	4000f000 	.word	0x4000f000
10005694:	4000c008 	.word	0x4000c008
10005698:	50100000 	.word	0x50100000
1000569c:	50110000 	.word	0x50110000

100056a0 <hw_endpoint_xfer_start>:
100056a0:	b570      	push	{r4, r5, r6, lr}
100056a2:	0004      	movs	r4, r0
100056a4:	000d      	movs	r5, r1
100056a6:	0016      	movs	r6, r2
100056a8:	7e83      	ldrb	r3, [r0, #26]
100056aa:	2b00      	cmp	r3, #0
100056ac:	d117      	bne.n	100056de <hw_endpoint_xfer_start+0x3e>
100056ae:	82a6      	strh	r6, [r4, #20]
100056b0:	2300      	movs	r3, #0
100056b2:	82e3      	strh	r3, [r4, #22]
100056b4:	3301      	adds	r3, #1
100056b6:	76a3      	strb	r3, [r4, #26]
100056b8:	6125      	str	r5, [r4, #16]
100056ba:	0020      	movs	r0, r4
100056bc:	f002 f9a8 	bl	10007a10 <__e15_is_bulkin_ep_veneer>
100056c0:	2800      	cmp	r0, #0
100056c2:	d004      	beq.n	100056ce <hw_endpoint_xfer_start+0x2e>
100056c4:	4a0c      	ldr	r2, [pc, #48]	@ (100056f8 <hw_endpoint_xfer_start+0x58>)
100056c6:	2390      	movs	r3, #144	@ 0x90
100056c8:	2180      	movs	r1, #128	@ 0x80
100056ca:	0289      	lsls	r1, r1, #10
100056cc:	50d1      	str	r1, [r2, r3]
100056ce:	0020      	movs	r0, r4
100056d0:	f002 f9d6 	bl	10007a80 <__e15_is_critical_frame_period_veneer>
100056d4:	2800      	cmp	r0, #0
100056d6:	d00a      	beq.n	100056ee <hw_endpoint_xfer_start+0x4e>
100056d8:	2301      	movs	r3, #1
100056da:	7723      	strb	r3, [r4, #28]
100056dc:	bd70      	pop	{r4, r5, r6, pc}
100056de:	7881      	ldrb	r1, [r0, #2]
100056e0:	4806      	ldr	r0, [pc, #24]	@ (100056fc <hw_endpoint_xfer_start+0x5c>)
100056e2:	f7ff faa1 	bl	10004c28 <__wrap_printf>
100056e6:	0020      	movs	r0, r4
100056e8:	f002 f9e2 	bl	10007ab0 <__hw_endpoint_reset_transfer_veneer>
100056ec:	e7df      	b.n	100056ae <hw_endpoint_xfer_start+0xe>
100056ee:	0020      	movs	r0, r4
100056f0:	f002 f9d6 	bl	10007aa0 <__hw_endpoint_start_next_buffer_veneer>
100056f4:	e7f2      	b.n	100056dc <hw_endpoint_xfer_start+0x3c>
100056f6:	46c0      	nop			@ (mov r8, r8)
100056f8:	50112000 	.word	0x50112000
100056fc:	1000886c 	.word	0x1000886c

10005700 <configuration_reset>:
10005700:	b570      	push	{r4, r5, r6, lr}
10005702:	0005      	movs	r5, r0
10005704:	2400      	movs	r4, #0
10005706:	e008      	b.n	1000571a <configuration_reset+0x1a>
10005708:	1a9b      	subs	r3, r3, r2
1000570a:	015b      	lsls	r3, r3, #5
1000570c:	4a16      	ldr	r2, [pc, #88]	@ (10005768 <configuration_reset+0x68>)
1000570e:	189b      	adds	r3, r3, r2
10005710:	68db      	ldr	r3, [r3, #12]
10005712:	0028      	movs	r0, r5
10005714:	4798      	blx	r3
10005716:	3401      	adds	r4, #1
10005718:	b2e4      	uxtb	r4, r4
1000571a:	4b14      	ldr	r3, [pc, #80]	@ (1000576c <configuration_reset+0x6c>)
1000571c:	781a      	ldrb	r2, [r3, #0]
1000571e:	0023      	movs	r3, r4
10005720:	1c51      	adds	r1, r2, #1
10005722:	42a1      	cmp	r1, r4
10005724:	db0d      	blt.n	10005742 <configuration_reset+0x42>
10005726:	42a2      	cmp	r2, r4
10005728:	d9ee      	bls.n	10005708 <configuration_reset+0x8>
1000572a:	4b11      	ldr	r3, [pc, #68]	@ (10005770 <configuration_reset+0x70>)
1000572c:	681b      	ldr	r3, [r3, #0]
1000572e:	0162      	lsls	r2, r4, #5
10005730:	189b      	adds	r3, r3, r2
10005732:	2b00      	cmp	r3, #0
10005734:	d1ec      	bne.n	10005710 <configuration_reset+0x10>
10005736:	490f      	ldr	r1, [pc, #60]	@ (10005774 <configuration_reset+0x74>)
10005738:	480f      	ldr	r0, [pc, #60]	@ (10005778 <configuration_reset+0x78>)
1000573a:	4a10      	ldr	r2, [pc, #64]	@ (1000577c <configuration_reset+0x7c>)
1000573c:	f7ff fa74 	bl	10004c28 <__wrap_printf>
10005740:	e010      	b.n	10005764 <configuration_reset+0x64>
10005742:	4c0f      	ldr	r4, [pc, #60]	@ (10005780 <configuration_reset+0x80>)
10005744:	2254      	movs	r2, #84	@ 0x54
10005746:	2100      	movs	r1, #0
10005748:	0020      	movs	r0, r4
1000574a:	f7fd ff8f 	bl	1000366c <__wrap_memset>
1000574e:	1d20      	adds	r0, r4, #4
10005750:	2210      	movs	r2, #16
10005752:	21ff      	movs	r1, #255	@ 0xff
10005754:	f7fd ff8a 	bl	1000366c <__wrap_memset>
10005758:	0020      	movs	r0, r4
1000575a:	3014      	adds	r0, #20
1000575c:	2220      	movs	r2, #32
1000575e:	21ff      	movs	r1, #255	@ 0xff
10005760:	f7fd ff84 	bl	1000366c <__wrap_memset>
10005764:	bd70      	pop	{r4, r5, r6, pc}
10005766:	46c0      	nop			@ (mov r8, r8)
10005768:	10008fb0 	.word	0x10008fb0
1000576c:	20014154 	.word	0x20014154
10005770:	20002314 	.word	0x20002314
10005774:	10008f7c 	.word	0x10008f7c
10005778:	100088a4 	.word	0x100088a4
1000577c:	00000225 	.word	0x00000225
10005780:	200024c4 	.word	0x200024c4

10005784 <usbd_reset>:
10005784:	b510      	push	{r4, lr}
10005786:	f7ff ffbb 	bl	10005700 <configuration_reset>
1000578a:	f000 fe65 	bl	10006458 <usbd_control_reset>
1000578e:	bd10      	pop	{r4, pc}

10005790 <invoke_class_control>:
10005790:	b570      	push	{r4, r5, r6, lr}
10005792:	0005      	movs	r5, r0
10005794:	000c      	movs	r4, r1
10005796:	0016      	movs	r6, r2
10005798:	6948      	ldr	r0, [r1, #20]
1000579a:	f000 fe67 	bl	1000646c <usbd_control_set_complete_callback>
1000579e:	6963      	ldr	r3, [r4, #20]
100057a0:	0032      	movs	r2, r6
100057a2:	2101      	movs	r1, #1
100057a4:	0028      	movs	r0, r5
100057a6:	4798      	blx	r3
100057a8:	bd70      	pop	{r4, r5, r6, pc}
	...

100057ac <process_set_config>:
100057ac:	b5f0      	push	{r4, r5, r6, r7, lr}
100057ae:	46de      	mov	lr, fp
100057b0:	4657      	mov	r7, sl
100057b2:	464e      	mov	r6, r9
100057b4:	4645      	mov	r5, r8
100057b6:	b5e0      	push	{r5, r6, r7, lr}
100057b8:	b083      	sub	sp, #12
100057ba:	4682      	mov	sl, r0
100057bc:	3901      	subs	r1, #1
100057be:	b2c8      	uxtb	r0, r1
100057c0:	f7ff fd02 	bl	100051c8 <tud_descriptor_configuration_cb>
100057c4:	2800      	cmp	r0, #0
100057c6:	d003      	beq.n	100057d0 <process_set_config+0x24>
100057c8:	7843      	ldrb	r3, [r0, #1]
100057ca:	4699      	mov	r9, r3
100057cc:	2b02      	cmp	r3, #2
100057ce:	d00c      	beq.n	100057ea <process_set_config+0x3e>
100057d0:	4956      	ldr	r1, [pc, #344]	@ (1000592c <process_set_config+0x180>)
100057d2:	4857      	ldr	r0, [pc, #348]	@ (10005930 <process_set_config+0x184>)
100057d4:	4a57      	ldr	r2, [pc, #348]	@ (10005934 <process_set_config+0x188>)
100057d6:	f7ff fa27 	bl	10004c28 <__wrap_printf>
100057da:	2000      	movs	r0, #0
100057dc:	b003      	add	sp, #12
100057de:	bcf0      	pop	{r4, r5, r6, r7}
100057e0:	46bb      	mov	fp, r7
100057e2:	46b2      	mov	sl, r6
100057e4:	46a9      	mov	r9, r5
100057e6:	46a0      	mov	r8, r4
100057e8:	bdf0      	pop	{r4, r5, r6, r7, pc}
100057ea:	79c5      	ldrb	r5, [r0, #7]
100057ec:	116c      	asrs	r4, r5, #5
100057ee:	2201      	movs	r2, #1
100057f0:	4b51      	ldr	r3, [pc, #324]	@ (10005938 <process_set_config+0x18c>)
100057f2:	4014      	ands	r4, r2
100057f4:	0124      	lsls	r4, r4, #4
100057f6:	7819      	ldrb	r1, [r3, #0]
100057f8:	2610      	movs	r6, #16
100057fa:	43b1      	bics	r1, r6
100057fc:	4321      	orrs	r1, r4
100057fe:	7019      	strb	r1, [r3, #0]
10005800:	11ad      	asrs	r5, r5, #6
10005802:	402a      	ands	r2, r5
10005804:	0152      	lsls	r2, r2, #5
10005806:	b2c9      	uxtb	r1, r1
10005808:	2420      	movs	r4, #32
1000580a:	43a1      	bics	r1, r4
1000580c:	430a      	orrs	r2, r1
1000580e:	701a      	strb	r2, [r3, #0]
10005810:	0006      	movs	r6, r0
10005812:	3609      	adds	r6, #9
10005814:	7882      	ldrb	r2, [r0, #2]
10005816:	78c3      	ldrb	r3, [r0, #3]
10005818:	021b      	lsls	r3, r3, #8
1000581a:	4313      	orrs	r3, r2
1000581c:	4683      	mov	fp, r0
1000581e:	449b      	add	fp, r3
10005820:	464b      	mov	r3, r9
10005822:	9301      	str	r3, [sp, #4]
10005824:	0037      	movs	r7, r6
10005826:	e066      	b.n	100058f6 <process_set_config+0x14a>
10005828:	78fb      	ldrb	r3, [r7, #3]
1000582a:	4699      	mov	r9, r3
1000582c:	783a      	ldrb	r2, [r7, #0]
1000582e:	18bf      	adds	r7, r7, r2
10005830:	e068      	b.n	10005904 <process_set_config+0x158>
10005832:	493e      	ldr	r1, [pc, #248]	@ (1000592c <process_set_config+0x180>)
10005834:	483e      	ldr	r0, [pc, #248]	@ (10005930 <process_set_config+0x184>)
10005836:	4a41      	ldr	r2, [pc, #260]	@ (1000593c <process_set_config+0x190>)
10005838:	f7ff f9f6 	bl	10004c28 <__wrap_printf>
1000583c:	2000      	movs	r0, #0
1000583e:	e7cd      	b.n	100057dc <process_set_config+0x30>
10005840:	9a00      	ldr	r2, [sp, #0]
10005842:	1ad3      	subs	r3, r2, r3
10005844:	015b      	lsls	r3, r3, #5
10005846:	4e3e      	ldr	r6, [pc, #248]	@ (10005940 <process_set_config+0x194>)
10005848:	199e      	adds	r6, r3, r6
1000584a:	6933      	ldr	r3, [r6, #16]
1000584c:	0022      	movs	r2, r4
1000584e:	0039      	movs	r1, r7
10005850:	4650      	mov	r0, sl
10005852:	4798      	blx	r3
10005854:	2808      	cmp	r0, #8
10005856:	d901      	bls.n	1000585c <process_set_config+0xb0>
10005858:	4284      	cmp	r4, r0
1000585a:	d216      	bcs.n	1000588a <process_set_config+0xde>
1000585c:	3501      	adds	r5, #1
1000585e:	b2ed      	uxtb	r5, r5
10005860:	4b38      	ldr	r3, [pc, #224]	@ (10005944 <process_set_config+0x198>)
10005862:	781b      	ldrb	r3, [r3, #0]
10005864:	9500      	str	r5, [sp, #0]
10005866:	1c5a      	adds	r2, r3, #1
10005868:	42aa      	cmp	r2, r5
1000586a:	db3e      	blt.n	100058ea <process_set_config+0x13e>
1000586c:	42ab      	cmp	r3, r5
1000586e:	d9e7      	bls.n	10005840 <process_set_config+0x94>
10005870:	4b35      	ldr	r3, [pc, #212]	@ (10005948 <process_set_config+0x19c>)
10005872:	681b      	ldr	r3, [r3, #0]
10005874:	016e      	lsls	r6, r5, #5
10005876:	199e      	adds	r6, r3, r6
10005878:	2e00      	cmp	r6, #0
1000587a:	d1e6      	bne.n	1000584a <process_set_config+0x9e>
1000587c:	492b      	ldr	r1, [pc, #172]	@ (1000592c <process_set_config+0x180>)
1000587e:	482c      	ldr	r0, [pc, #176]	@ (10005930 <process_set_config+0x184>)
10005880:	4a32      	ldr	r2, [pc, #200]	@ (1000594c <process_set_config+0x1a0>)
10005882:	f7ff f9d1 	bl	10004c28 <__wrap_printf>
10005886:	2000      	movs	r0, #0
10005888:	e7a8      	b.n	100057dc <process_set_config+0x30>
1000588a:	0034      	movs	r4, r6
1000588c:	9e00      	ldr	r6, [sp, #0]
1000588e:	9000      	str	r0, [sp, #0]
10005890:	464b      	mov	r3, r9
10005892:	2b01      	cmp	r3, #1
10005894:	d011      	beq.n	100058ba <process_set_config+0x10e>
10005896:	2000      	movs	r0, #0
10005898:	4649      	mov	r1, r9
1000589a:	4281      	cmp	r1, r0
1000589c:	d91b      	bls.n	100058d6 <process_set_config+0x12a>
1000589e:	78bb      	ldrb	r3, [r7, #2]
100058a0:	181b      	adds	r3, r3, r0
100058a2:	b2db      	uxtb	r3, r3
100058a4:	4a24      	ldr	r2, [pc, #144]	@ (10005938 <process_set_config+0x18c>)
100058a6:	18d2      	adds	r2, r2, r3
100058a8:	7912      	ldrb	r2, [r2, #4]
100058aa:	2aff      	cmp	r2, #255	@ 0xff
100058ac:	d10c      	bne.n	100058c8 <process_set_config+0x11c>
100058ae:	4a22      	ldr	r2, [pc, #136]	@ (10005938 <process_set_config+0x18c>)
100058b0:	18d3      	adds	r3, r2, r3
100058b2:	711d      	strb	r5, [r3, #4]
100058b4:	3001      	adds	r0, #1
100058b6:	b2c0      	uxtb	r0, r0
100058b8:	e7ef      	b.n	1000589a <process_set_config+0xee>
100058ba:	6921      	ldr	r1, [r4, #16]
100058bc:	4a24      	ldr	r2, [pc, #144]	@ (10005950 <process_set_config+0x1a4>)
100058be:	4291      	cmp	r1, r2
100058c0:	d1e9      	bne.n	10005896 <process_set_config+0xea>
100058c2:	9b01      	ldr	r3, [sp, #4]
100058c4:	4699      	mov	r9, r3
100058c6:	e7e6      	b.n	10005896 <process_set_config+0xea>
100058c8:	4918      	ldr	r1, [pc, #96]	@ (1000592c <process_set_config+0x180>)
100058ca:	4819      	ldr	r0, [pc, #100]	@ (10005930 <process_set_config+0x184>)
100058cc:	4a21      	ldr	r2, [pc, #132]	@ (10005954 <process_set_config+0x1a8>)
100058ce:	f7ff f9ab 	bl	10004c28 <__wrap_printf>
100058d2:	2000      	movs	r0, #0
100058d4:	e782      	b.n	100057dc <process_set_config+0x30>
100058d6:	4820      	ldr	r0, [pc, #128]	@ (10005958 <process_set_config+0x1ac>)
100058d8:	002b      	movs	r3, r5
100058da:	9c00      	ldr	r4, [sp, #0]
100058dc:	0022      	movs	r2, r4
100058de:	0039      	movs	r1, r7
100058e0:	f001 fc6e 	bl	100071c0 <tu_edpt_bind_driver>
100058e4:	46a4      	mov	ip, r4
100058e6:	4467      	add	r7, ip
100058e8:	e000      	b.n	100058ec <process_set_config+0x140>
100058ea:	002e      	movs	r6, r5
100058ec:	4b15      	ldr	r3, [pc, #84]	@ (10005944 <process_set_config+0x198>)
100058ee:	781b      	ldrb	r3, [r3, #0]
100058f0:	3301      	adds	r3, #1
100058f2:	429e      	cmp	r6, r3
100058f4:	dc0f      	bgt.n	10005916 <process_set_config+0x16a>
100058f6:	455f      	cmp	r7, fp
100058f8:	d215      	bcs.n	10005926 <process_set_config+0x17a>
100058fa:	787b      	ldrb	r3, [r7, #1]
100058fc:	2b0b      	cmp	r3, #11
100058fe:	d093      	beq.n	10005828 <process_set_config+0x7c>
10005900:	2301      	movs	r3, #1
10005902:	4699      	mov	r9, r3
10005904:	787a      	ldrb	r2, [r7, #1]
10005906:	2a04      	cmp	r2, #4
10005908:	d193      	bne.n	10005832 <process_set_config+0x86>
1000590a:	465b      	mov	r3, fp
1000590c:	1bda      	subs	r2, r3, r7
1000590e:	b293      	uxth	r3, r2
10005910:	2500      	movs	r5, #0
10005912:	001c      	movs	r4, r3
10005914:	e7a4      	b.n	10005860 <process_set_config+0xb4>
10005916:	2285      	movs	r2, #133	@ 0x85
10005918:	4904      	ldr	r1, [pc, #16]	@ (1000592c <process_set_config+0x180>)
1000591a:	4805      	ldr	r0, [pc, #20]	@ (10005930 <process_set_config+0x184>)
1000591c:	00d2      	lsls	r2, r2, #3
1000591e:	f7ff f983 	bl	10004c28 <__wrap_printf>
10005922:	2000      	movs	r0, #0
10005924:	e75a      	b.n	100057dc <process_set_config+0x30>
10005926:	2001      	movs	r0, #1
10005928:	e758      	b.n	100057dc <process_set_config+0x30>
1000592a:	46c0      	nop			@ (mov r8, r8)
1000592c:	10008f50 	.word	0x10008f50
10005930:	100088a4 	.word	0x100088a4
10005934:	000003d6 	.word	0x000003d6
10005938:	200024c4 	.word	0x200024c4
1000593c:	000003f1 	.word	0x000003f1
10005940:	10008fb0 	.word	0x10008fb0
10005944:	20014154 	.word	0x20014154
10005948:	20002314 	.word	0x20002314
1000594c:	000003fa 	.word	0x000003fa
10005950:	10006905 	.word	0x10006905
10005954:	00000419 	.word	0x00000419
10005958:	200024d8 	.word	0x200024d8

1000595c <tud_event_hook_cb>:
1000595c:	4770      	bx	lr

1000595e <tud_sof_cb>:
1000595e:	4770      	bx	lr

10005960 <tud_descriptor_device_qualifier_cb>:
10005960:	2000      	movs	r0, #0
10005962:	4770      	bx	lr

10005964 <tud_descriptor_other_speed_configuration_cb>:
10005964:	2000      	movs	r0, #0
10005966:	4770      	bx	lr

10005968 <process_get_descriptor>:
10005968:	b570      	push	{r4, r5, r6, lr}
1000596a:	0005      	movs	r5, r0
1000596c:	000c      	movs	r4, r1
1000596e:	78cb      	ldrb	r3, [r1, #3]
10005970:	7888      	ldrb	r0, [r1, #2]
10005972:	2b0f      	cmp	r3, #15
10005974:	d853      	bhi.n	10005a1e <process_get_descriptor+0xb6>
10005976:	009a      	lsls	r2, r3, #2
10005978:	492e      	ldr	r1, [pc, #184]	@ (10005a34 <process_get_descriptor+0xcc>)
1000597a:	588a      	ldr	r2, [r1, r2]
1000597c:	4697      	mov	pc, r2
1000597e:	f7ff fc1f 	bl	100051c0 <tud_descriptor_device_cb>
10005982:	1e02      	subs	r2, r0, #0
10005984:	d005      	beq.n	10005992 <process_get_descriptor+0x2a>
10005986:	2312      	movs	r3, #18
10005988:	0021      	movs	r1, r4
1000598a:	0028      	movs	r0, r5
1000598c:	f000 fd18 	bl	100063c0 <tud_control_xfer>
10005990:	e046      	b.n	10005a20 <process_get_descriptor+0xb8>
10005992:	4929      	ldr	r1, [pc, #164]	@ (10005a38 <process_get_descriptor+0xd0>)
10005994:	4829      	ldr	r0, [pc, #164]	@ (10005a3c <process_get_descriptor+0xd4>)
10005996:	4a2a      	ldr	r2, [pc, #168]	@ (10005a40 <process_get_descriptor+0xd8>)
10005998:	f7ff f946 	bl	10004c28 <__wrap_printf>
1000599c:	2000      	movs	r0, #0
1000599e:	e03f      	b.n	10005a20 <process_get_descriptor+0xb8>
100059a0:	f7ff f9a2 	bl	10004ce8 <tud_descriptor_bos_cb>
100059a4:	1e02      	subs	r2, r0, #0
100059a6:	d03c      	beq.n	10005a22 <process_get_descriptor+0xba>
100059a8:	7881      	ldrb	r1, [r0, #2]
100059aa:	78c3      	ldrb	r3, [r0, #3]
100059ac:	021b      	lsls	r3, r3, #8
100059ae:	430b      	orrs	r3, r1
100059b0:	0021      	movs	r1, r4
100059b2:	0028      	movs	r0, r5
100059b4:	f000 fd04 	bl	100063c0 <tud_control_xfer>
100059b8:	e032      	b.n	10005a20 <process_get_descriptor+0xb8>
100059ba:	2b02      	cmp	r3, #2
100059bc:	d00c      	beq.n	100059d8 <process_get_descriptor+0x70>
100059be:	f7ff ffd1 	bl	10005964 <tud_descriptor_other_speed_configuration_cb>
100059c2:	1e02      	subs	r2, r0, #0
100059c4:	d02f      	beq.n	10005a26 <process_get_descriptor+0xbe>
100059c6:	7891      	ldrb	r1, [r2, #2]
100059c8:	78d3      	ldrb	r3, [r2, #3]
100059ca:	021b      	lsls	r3, r3, #8
100059cc:	430b      	orrs	r3, r1
100059ce:	0021      	movs	r1, r4
100059d0:	0028      	movs	r0, r5
100059d2:	f000 fcf5 	bl	100063c0 <tud_control_xfer>
100059d6:	e023      	b.n	10005a20 <process_get_descriptor+0xb8>
100059d8:	f7ff fbf6 	bl	100051c8 <tud_descriptor_configuration_cb>
100059dc:	1e02      	subs	r2, r0, #0
100059de:	d1f2      	bne.n	100059c6 <process_get_descriptor+0x5e>
100059e0:	4915      	ldr	r1, [pc, #84]	@ (10005a38 <process_get_descriptor+0xd0>)
100059e2:	4816      	ldr	r0, [pc, #88]	@ (10005a3c <process_get_descriptor+0xd4>)
100059e4:	4a17      	ldr	r2, [pc, #92]	@ (10005a44 <process_get_descriptor+0xdc>)
100059e6:	f7ff f91f 	bl	10004c28 <__wrap_printf>
100059ea:	2000      	movs	r0, #0
100059ec:	e018      	b.n	10005a20 <process_get_descriptor+0xb8>
100059ee:	7923      	ldrb	r3, [r4, #4]
100059f0:	7961      	ldrb	r1, [r4, #5]
100059f2:	0209      	lsls	r1, r1, #8
100059f4:	4319      	orrs	r1, r3
100059f6:	f7ff fbeb 	bl	100051d0 <tud_descriptor_string_cb>
100059fa:	1e02      	subs	r2, r0, #0
100059fc:	d015      	beq.n	10005a2a <process_get_descriptor+0xc2>
100059fe:	7803      	ldrb	r3, [r0, #0]
10005a00:	0021      	movs	r1, r4
10005a02:	0028      	movs	r0, r5
10005a04:	f000 fcdc 	bl	100063c0 <tud_control_xfer>
10005a08:	e00a      	b.n	10005a20 <process_get_descriptor+0xb8>
10005a0a:	f7ff ffa9 	bl	10005960 <tud_descriptor_device_qualifier_cb>
10005a0e:	1e02      	subs	r2, r0, #0
10005a10:	d00d      	beq.n	10005a2e <process_get_descriptor+0xc6>
10005a12:	7803      	ldrb	r3, [r0, #0]
10005a14:	0021      	movs	r1, r4
10005a16:	0028      	movs	r0, r5
10005a18:	f000 fcd2 	bl	100063c0 <tud_control_xfer>
10005a1c:	e000      	b.n	10005a20 <process_get_descriptor+0xb8>
10005a1e:	2000      	movs	r0, #0
10005a20:	bd70      	pop	{r4, r5, r6, pc}
10005a22:	2000      	movs	r0, #0
10005a24:	e7fc      	b.n	10005a20 <process_get_descriptor+0xb8>
10005a26:	2000      	movs	r0, #0
10005a28:	e7fa      	b.n	10005a20 <process_get_descriptor+0xb8>
10005a2a:	2000      	movs	r0, #0
10005a2c:	e7f8      	b.n	10005a20 <process_get_descriptor+0xb8>
10005a2e:	2000      	movs	r0, #0
10005a30:	e7f6      	b.n	10005a20 <process_get_descriptor+0xb8>
10005a32:	46c0      	nop			@ (mov r8, r8)
10005a34:	10008e50 	.word	0x10008e50
10005a38:	10008f38 	.word	0x10008f38
10005a3c:	100088a4 	.word	0x100088a4
10005a40:	0000043a 	.word	0x0000043a
10005a44:	00000461 	.word	0x00000461

10005a48 <tud_mount_cb>:
10005a48:	4770      	bx	lr

10005a4a <tud_umount_cb>:
10005a4a:	4770      	bx	lr

10005a4c <tud_suspend_cb>:
10005a4c:	4770      	bx	lr

10005a4e <tud_resume_cb>:
10005a4e:	4770      	bx	lr

10005a50 <tud_mounted>:
10005a50:	4b02      	ldr	r3, [pc, #8]	@ (10005a5c <tud_mounted+0xc>)
10005a52:	7858      	ldrb	r0, [r3, #1]
10005a54:	1e43      	subs	r3, r0, #1
10005a56:	4198      	sbcs	r0, r3
10005a58:	b2c0      	uxtb	r0, r0
10005a5a:	4770      	bx	lr
10005a5c:	200024c4 	.word	0x200024c4

10005a60 <tud_suspended>:
10005a60:	4b02      	ldr	r3, [pc, #8]	@ (10005a6c <tud_suspended+0xc>)
10005a62:	7818      	ldrb	r0, [r3, #0]
10005a64:	0740      	lsls	r0, r0, #29
10005a66:	0fc0      	lsrs	r0, r0, #31
10005a68:	4770      	bx	lr
10005a6a:	46c0      	nop			@ (mov r8, r8)
10005a6c:	200024c4 	.word	0x200024c4

10005a70 <tud_inited>:
10005a70:	4b03      	ldr	r3, [pc, #12]	@ (10005a80 <tud_inited+0x10>)
10005a72:	7818      	ldrb	r0, [r3, #0]
10005a74:	38ff      	subs	r0, #255	@ 0xff
10005a76:	1e43      	subs	r3, r0, #1
10005a78:	4198      	sbcs	r0, r3
10005a7a:	b2c0      	uxtb	r0, r0
10005a7c:	4770      	bx	lr
10005a7e:	46c0      	nop			@ (mov r8, r8)
10005a80:	20000cc4 	.word	0x20000cc4

10005a84 <tud_rhport_init>:
10005a84:	b5f8      	push	{r3, r4, r5, r6, r7, lr}
10005a86:	0005      	movs	r5, r0
10005a88:	000f      	movs	r7, r1
10005a8a:	f7ff fff1 	bl	10005a70 <tud_inited>
10005a8e:	1e06      	subs	r6, r0, #0
10005a90:	d148      	bne.n	10005b24 <tud_rhport_init+0xa0>
10005a92:	2f00      	cmp	r7, #0
10005a94:	d021      	beq.n	10005ada <tud_rhport_init+0x56>
10005a96:	482e      	ldr	r0, [pc, #184]	@ (10005b50 <tud_rhport_init+0xcc>)
10005a98:	2254      	movs	r2, #84	@ 0x54
10005a9a:	2100      	movs	r1, #0
10005a9c:	f7fd fde6 	bl	1000366c <__wrap_memset>
10005aa0:	4b2c      	ldr	r3, [pc, #176]	@ (10005b54 <tud_rhport_init+0xd0>)
10005aa2:	2200      	movs	r2, #0
10005aa4:	701a      	strb	r2, [r3, #0]
10005aa6:	4c2c      	ldr	r4, [pc, #176]	@ (10005b58 <tud_rhport_init+0xd4>)
10005aa8:	0020      	movs	r0, r4
10005aaa:	f7fb fe9b 	bl	100017e4 <mutex_init>
10005aae:	4b2b      	ldr	r3, [pc, #172]	@ (10005b5c <tud_rhport_init+0xd8>)
10005ab0:	601c      	str	r4, [r3, #0]
10005ab2:	4c2b      	ldr	r4, [pc, #172]	@ (10005b60 <tud_rhport_init+0xdc>)
10005ab4:	0020      	movs	r0, r4
10005ab6:	f7fb fee1 	bl	1000187c <critical_section_init>
10005aba:	3c14      	subs	r4, #20
10005abc:	0020      	movs	r0, r4
10005abe:	f001 ff19 	bl	100078f4 <tu_fifo_clear>
10005ac2:	4b28      	ldr	r3, [pc, #160]	@ (10005b64 <tud_rhport_init+0xe0>)
10005ac4:	601c      	str	r4, [r3, #0]
10005ac6:	4b28      	ldr	r3, [pc, #160]	@ (10005b68 <tud_rhport_init+0xe4>)
10005ac8:	2b00      	cmp	r3, #0
10005aca:	d004      	beq.n	10005ad6 <tud_rhport_init+0x52>
10005acc:	4827      	ldr	r0, [pc, #156]	@ (10005b6c <tud_rhport_init+0xe8>)
10005ace:	f7ff f92b 	bl	10004d28 <usbd_app_driver_get_cb>
10005ad2:	4b27      	ldr	r3, [pc, #156]	@ (10005b70 <tud_rhport_init+0xec>)
10005ad4:	6018      	str	r0, [r3, #0]
10005ad6:	2400      	movs	r4, #0
10005ad8:	e010      	b.n	10005afc <tud_rhport_init+0x78>
10005ada:	22e9      	movs	r2, #233	@ 0xe9
10005adc:	4925      	ldr	r1, [pc, #148]	@ (10005b74 <tud_rhport_init+0xf0>)
10005ade:	4826      	ldr	r0, [pc, #152]	@ (10005b78 <tud_rhport_init+0xf4>)
10005ae0:	0052      	lsls	r2, r2, #1
10005ae2:	f7ff f8a1 	bl	10004c28 <__wrap_printf>
10005ae6:	e01d      	b.n	10005b24 <tud_rhport_init+0xa0>
10005ae8:	1a9b      	subs	r3, r3, r2
10005aea:	015b      	lsls	r3, r3, #5
10005aec:	4a23      	ldr	r2, [pc, #140]	@ (10005b7c <tud_rhport_init+0xf8>)
10005aee:	189b      	adds	r3, r3, r2
10005af0:	685b      	ldr	r3, [r3, #4]
10005af2:	2b00      	cmp	r3, #0
10005af4:	d010      	beq.n	10005b18 <tud_rhport_init+0x94>
10005af6:	4798      	blx	r3
10005af8:	3401      	adds	r4, #1
10005afa:	b2e4      	uxtb	r4, r4
10005afc:	4b1b      	ldr	r3, [pc, #108]	@ (10005b6c <tud_rhport_init+0xe8>)
10005afe:	781a      	ldrb	r2, [r3, #0]
10005b00:	0023      	movs	r3, r4
10005b02:	1c51      	adds	r1, r2, #1
10005b04:	42a1      	cmp	r1, r4
10005b06:	db0f      	blt.n	10005b28 <tud_rhport_init+0xa4>
10005b08:	42a2      	cmp	r2, r4
10005b0a:	d9ed      	bls.n	10005ae8 <tud_rhport_init+0x64>
10005b0c:	4b18      	ldr	r3, [pc, #96]	@ (10005b70 <tud_rhport_init+0xec>)
10005b0e:	681b      	ldr	r3, [r3, #0]
10005b10:	0162      	lsls	r2, r4, #5
10005b12:	189b      	adds	r3, r3, r2
10005b14:	2b00      	cmp	r3, #0
10005b16:	d1eb      	bne.n	10005af0 <tud_rhport_init+0x6c>
10005b18:	22f8      	movs	r2, #248	@ 0xf8
10005b1a:	4916      	ldr	r1, [pc, #88]	@ (10005b74 <tud_rhport_init+0xf0>)
10005b1c:	4816      	ldr	r0, [pc, #88]	@ (10005b78 <tud_rhport_init+0xf4>)
10005b1e:	0052      	lsls	r2, r2, #1
10005b20:	f7ff f882 	bl	10004c28 <__wrap_printf>
10005b24:	0030      	movs	r0, r6
10005b26:	bdf8      	pop	{r3, r4, r5, r6, r7, pc}
10005b28:	4b15      	ldr	r3, [pc, #84]	@ (10005b80 <tud_rhport_init+0xfc>)
10005b2a:	701d      	strb	r5, [r3, #0]
10005b2c:	0039      	movs	r1, r7
10005b2e:	0028      	movs	r0, r5
10005b30:	f7ff fcc8 	bl	100054c4 <dcd_init>
10005b34:	1e06      	subs	r6, r0, #0
10005b36:	d003      	beq.n	10005b40 <tud_rhport_init+0xbc>
10005b38:	0028      	movs	r0, r5
10005b3a:	f7ff fc8f 	bl	1000545c <dcd_int_enable>
10005b3e:	e7f1      	b.n	10005b24 <tud_rhport_init+0xa0>
10005b40:	22fc      	movs	r2, #252	@ 0xfc
10005b42:	490c      	ldr	r1, [pc, #48]	@ (10005b74 <tud_rhport_init+0xf0>)
10005b44:	480c      	ldr	r0, [pc, #48]	@ (10005b78 <tud_rhport_init+0xf4>)
10005b46:	0052      	lsls	r2, r2, #1
10005b48:	f7ff f86e 	bl	10004c28 <__wrap_printf>
10005b4c:	e7ea      	b.n	10005b24 <tud_rhport_init+0xa0>
10005b4e:	46c0      	nop			@ (mov r8, r8)
10005b50:	200024c4 	.word	0x200024c4
10005b54:	20014156 	.word	0x20014156
10005b58:	200024bc 	.word	0x200024bc
10005b5c:	20002518 	.word	0x20002518
10005b60:	20000cbc 	.word	0x20000cbc
10005b64:	2000251c 	.word	0x2000251c
10005b68:	10004d29 	.word	0x10004d29
10005b6c:	20014154 	.word	0x20014154
10005b70:	20002314 	.word	0x20002314
10005b74:	10008fa0 	.word	0x10008fa0
10005b78:	100088a4 	.word	0x100088a4
10005b7c:	10008fb0 	.word	0x10008fb0
10005b80:	20000cc4 	.word	0x20000cc4

10005b84 <usbd_edpt_open>:
10005b84:	b570      	push	{r4, r5, r6, lr}
10005b86:	000d      	movs	r5, r1
10005b88:	4b10      	ldr	r3, [pc, #64]	@ (10005bcc <usbd_edpt_open+0x48>)
10005b8a:	781e      	ldrb	r6, [r3, #0]
10005b8c:	788b      	ldrb	r3, [r1, #2]
10005b8e:	2270      	movs	r2, #112	@ 0x70
10005b90:	421a      	tst	r2, r3
10005b92:	d10d      	bne.n	10005bb0 <usbd_edpt_open+0x2c>
10005b94:	4b0e      	ldr	r3, [pc, #56]	@ (10005bd0 <usbd_edpt_open+0x4c>)
10005b96:	7899      	ldrb	r1, [r3, #2]
10005b98:	0028      	movs	r0, r5
10005b9a:	f001 fabb 	bl	10007114 <tu_edpt_validate>
10005b9e:	1e04      	subs	r4, r0, #0
10005ba0:	d00d      	beq.n	10005bbe <usbd_edpt_open+0x3a>
10005ba2:	0029      	movs	r1, r5
10005ba4:	0030      	movs	r0, r6
10005ba6:	f7ff fce9 	bl	1000557c <dcd_edpt_open>
10005baa:	0004      	movs	r4, r0
10005bac:	0020      	movs	r0, r4
10005bae:	bd70      	pop	{r4, r5, r6, pc}
10005bb0:	4908      	ldr	r1, [pc, #32]	@ (10005bd4 <usbd_edpt_open+0x50>)
10005bb2:	4809      	ldr	r0, [pc, #36]	@ (10005bd8 <usbd_edpt_open+0x54>)
10005bb4:	4a09      	ldr	r2, [pc, #36]	@ (10005bdc <usbd_edpt_open+0x58>)
10005bb6:	f7ff f837 	bl	10004c28 <__wrap_printf>
10005bba:	2400      	movs	r4, #0
10005bbc:	e7f6      	b.n	10005bac <usbd_edpt_open+0x28>
10005bbe:	4905      	ldr	r1, [pc, #20]	@ (10005bd4 <usbd_edpt_open+0x50>)
10005bc0:	4805      	ldr	r0, [pc, #20]	@ (10005bd8 <usbd_edpt_open+0x54>)
10005bc2:	4a07      	ldr	r2, [pc, #28]	@ (10005be0 <usbd_edpt_open+0x5c>)
10005bc4:	f7ff f830 	bl	10004c28 <__wrap_printf>
10005bc8:	e7f0      	b.n	10005bac <usbd_edpt_open+0x28>
10005bca:	46c0      	nop			@ (mov r8, r8)
10005bcc:	20000cc4 	.word	0x20000cc4
10005bd0:	200024c4 	.word	0x200024c4
10005bd4:	10008f08 	.word	0x10008f08
10005bd8:	100088a4 	.word	0x100088a4
10005bdc:	0000050b 	.word	0x0000050b
10005be0:	0000050c 	.word	0x0000050c

10005be4 <usbd_open_edpt_pair>:
10005be4:	b5f0      	push	{r4, r5, r6, r7, lr}
10005be6:	46d6      	mov	lr, sl
10005be8:	464f      	mov	r7, r9
10005bea:	4646      	mov	r6, r8
10005bec:	b5c0      	push	{r6, r7, lr}
10005bee:	4681      	mov	r9, r0
10005bf0:	000c      	movs	r4, r1
10005bf2:	0017      	movs	r7, r2
10005bf4:	4698      	mov	r8, r3
10005bf6:	9b08      	ldr	r3, [sp, #32]
10005bf8:	469a      	mov	sl, r3
10005bfa:	2500      	movs	r5, #0
10005bfc:	e017      	b.n	10005c2e <usbd_open_edpt_pair+0x4a>
10005bfe:	4918      	ldr	r1, [pc, #96]	@ (10005c60 <usbd_open_edpt_pair+0x7c>)
10005c00:	4818      	ldr	r0, [pc, #96]	@ (10005c64 <usbd_open_edpt_pair+0x80>)
10005c02:	4a19      	ldr	r2, [pc, #100]	@ (10005c68 <usbd_open_edpt_pair+0x84>)
10005c04:	f7ff f810 	bl	10004c28 <__wrap_printf>
10005c08:	2600      	movs	r6, #0
10005c0a:	0030      	movs	r0, r6
10005c0c:	bce0      	pop	{r5, r6, r7}
10005c0e:	46ba      	mov	sl, r7
10005c10:	46b1      	mov	r9, r6
10005c12:	46a8      	mov	r8, r5
10005c14:	bdf0      	pop	{r4, r5, r6, r7, pc}
10005c16:	229d      	movs	r2, #157	@ 0x9d
10005c18:	4911      	ldr	r1, [pc, #68]	@ (10005c60 <usbd_open_edpt_pair+0x7c>)
10005c1a:	4812      	ldr	r0, [pc, #72]	@ (10005c64 <usbd_open_edpt_pair+0x80>)
10005c1c:	00d2      	lsls	r2, r2, #3
10005c1e:	f7ff f803 	bl	10004c28 <__wrap_printf>
10005c22:	e7f2      	b.n	10005c0a <usbd_open_edpt_pair+0x26>
10005c24:	9a09      	ldr	r2, [sp, #36]	@ 0x24
10005c26:	7013      	strb	r3, [r2, #0]
10005c28:	7823      	ldrb	r3, [r4, #0]
10005c2a:	18e4      	adds	r4, r4, r3
10005c2c:	3501      	adds	r5, #1
10005c2e:	42af      	cmp	r7, r5
10005c30:	dd14      	ble.n	10005c5c <usbd_open_edpt_pair+0x78>
10005c32:	7863      	ldrb	r3, [r4, #1]
10005c34:	2b05      	cmp	r3, #5
10005c36:	d1e2      	bne.n	10005bfe <usbd_open_edpt_pair+0x1a>
10005c38:	78e1      	ldrb	r1, [r4, #3]
10005c3a:	0789      	lsls	r1, r1, #30
10005c3c:	0f89      	lsrs	r1, r1, #30
10005c3e:	4541      	cmp	r1, r8
10005c40:	d1dd      	bne.n	10005bfe <usbd_open_edpt_pair+0x1a>
10005c42:	0021      	movs	r1, r4
10005c44:	4648      	mov	r0, r9
10005c46:	f7ff ff9d 	bl	10005b84 <usbd_edpt_open>
10005c4a:	1e06      	subs	r6, r0, #0
10005c4c:	d0e3      	beq.n	10005c16 <usbd_open_edpt_pair+0x32>
10005c4e:	78a3      	ldrb	r3, [r4, #2]
10005c50:	09da      	lsrs	r2, r3, #7
10005c52:	2a01      	cmp	r2, #1
10005c54:	d0e6      	beq.n	10005c24 <usbd_open_edpt_pair+0x40>
10005c56:	4652      	mov	r2, sl
10005c58:	7013      	strb	r3, [r2, #0]
10005c5a:	e7e5      	b.n	10005c28 <usbd_open_edpt_pair+0x44>
10005c5c:	2601      	movs	r6, #1
10005c5e:	e7d4      	b.n	10005c0a <usbd_open_edpt_pair+0x26>
10005c60:	10008f18 	.word	0x10008f18
10005c64:	100088a4 	.word	0x100088a4
10005c68:	000004e7 	.word	0x000004e7

10005c6c <usbd_edpt_claim>:
10005c6c:	b510      	push	{r4, lr}
10005c6e:	207f      	movs	r0, #127	@ 0x7f
10005c70:	4008      	ands	r0, r1
10005c72:	09c9      	lsrs	r1, r1, #7
10005c74:	0040      	lsls	r0, r0, #1
10005c76:	1840      	adds	r0, r0, r1
10005c78:	3030      	adds	r0, #48	@ 0x30
10005c7a:	4b04      	ldr	r3, [pc, #16]	@ (10005c8c <usbd_edpt_claim+0x20>)
10005c7c:	18c0      	adds	r0, r0, r3
10005c7e:	3004      	adds	r0, #4
10005c80:	4b03      	ldr	r3, [pc, #12]	@ (10005c90 <usbd_edpt_claim+0x24>)
10005c82:	6819      	ldr	r1, [r3, #0]
10005c84:	f001 fa02 	bl	1000708c <tu_edpt_claim>
10005c88:	bd10      	pop	{r4, pc}
10005c8a:	46c0      	nop			@ (mov r8, r8)
10005c8c:	200024c4 	.word	0x200024c4
10005c90:	20002518 	.word	0x20002518

10005c94 <usbd_edpt_release>:
10005c94:	b510      	push	{r4, lr}
10005c96:	207f      	movs	r0, #127	@ 0x7f
10005c98:	4008      	ands	r0, r1
10005c9a:	09c9      	lsrs	r1, r1, #7
10005c9c:	0040      	lsls	r0, r0, #1
10005c9e:	1840      	adds	r0, r0, r1
10005ca0:	3030      	adds	r0, #48	@ 0x30
10005ca2:	4b04      	ldr	r3, [pc, #16]	@ (10005cb4 <usbd_edpt_release+0x20>)
10005ca4:	18c0      	adds	r0, r0, r3
10005ca6:	3004      	adds	r0, #4
10005ca8:	4b03      	ldr	r3, [pc, #12]	@ (10005cb8 <usbd_edpt_release+0x24>)
10005caa:	6819      	ldr	r1, [r3, #0]
10005cac:	f001 fa16 	bl	100070dc <tu_edpt_release>
10005cb0:	bd10      	pop	{r4, pc}
10005cb2:	46c0      	nop			@ (mov r8, r8)
10005cb4:	200024c4 	.word	0x200024c4
10005cb8:	20002518 	.word	0x20002518

10005cbc <usbd_edpt_xfer>:
10005cbc:	b5f0      	push	{r4, r5, r6, r7, lr}
10005cbe:	46c6      	mov	lr, r8
10005cc0:	b500      	push	{lr}
10005cc2:	b082      	sub	sp, #8
10005cc4:	9301      	str	r3, [sp, #4]
10005cc6:	481a      	ldr	r0, [pc, #104]	@ (10005d30 <usbd_edpt_xfer+0x74>)
10005cc8:	7800      	ldrb	r0, [r0, #0]
10005cca:	257f      	movs	r5, #127	@ 0x7f
10005ccc:	400d      	ands	r5, r1
10005cce:	09ce      	lsrs	r6, r1, #7
10005cd0:	4c18      	ldr	r4, [pc, #96]	@ (10005d34 <usbd_edpt_xfer+0x78>)
10005cd2:	006f      	lsls	r7, r5, #1
10005cd4:	19e4      	adds	r4, r4, r7
10005cd6:	19a4      	adds	r4, r4, r6
10005cd8:	3430      	adds	r4, #48	@ 0x30
10005cda:	7924      	ldrb	r4, [r4, #4]
10005cdc:	07e4      	lsls	r4, r4, #31
10005cde:	d41d      	bmi.n	10005d1c <usbd_edpt_xfer+0x60>
10005ce0:	4c14      	ldr	r4, [pc, #80]	@ (10005d34 <usbd_edpt_xfer+0x78>)
10005ce2:	006f      	lsls	r7, r5, #1
10005ce4:	19e4      	adds	r4, r4, r7
10005ce6:	19a4      	adds	r4, r4, r6
10005ce8:	3430      	adds	r4, #48	@ 0x30
10005cea:	7923      	ldrb	r3, [r4, #4]
10005cec:	2701      	movs	r7, #1
10005cee:	46bc      	mov	ip, r7
10005cf0:	4667      	mov	r7, ip
10005cf2:	433b      	orrs	r3, r7
10005cf4:	7123      	strb	r3, [r4, #4]
10005cf6:	9b01      	ldr	r3, [sp, #4]
10005cf8:	f7ff fc58 	bl	100055ac <dcd_edpt_xfer>
10005cfc:	2800      	cmp	r0, #0
10005cfe:	d113      	bne.n	10005d28 <usbd_edpt_xfer+0x6c>
10005d00:	4b0c      	ldr	r3, [pc, #48]	@ (10005d34 <usbd_edpt_xfer+0x78>)
10005d02:	006d      	lsls	r5, r5, #1
10005d04:	195b      	adds	r3, r3, r5
10005d06:	199b      	adds	r3, r3, r6
10005d08:	3330      	adds	r3, #48	@ 0x30
10005d0a:	791a      	ldrb	r2, [r3, #4]
10005d0c:	2101      	movs	r1, #1
10005d0e:	438a      	bics	r2, r1
10005d10:	711a      	strb	r2, [r3, #4]
10005d12:	791a      	ldrb	r2, [r3, #4]
10005d14:	3103      	adds	r1, #3
10005d16:	438a      	bics	r2, r1
10005d18:	711a      	strb	r2, [r3, #4]
10005d1a:	e005      	b.n	10005d28 <usbd_edpt_xfer+0x6c>
10005d1c:	4906      	ldr	r1, [pc, #24]	@ (10005d38 <usbd_edpt_xfer+0x7c>)
10005d1e:	4807      	ldr	r0, [pc, #28]	@ (10005d3c <usbd_edpt_xfer+0x80>)
10005d20:	4a07      	ldr	r2, [pc, #28]	@ (10005d40 <usbd_edpt_xfer+0x84>)
10005d22:	f7fe ff81 	bl	10004c28 <__wrap_printf>
10005d26:	2000      	movs	r0, #0
10005d28:	b002      	add	sp, #8
10005d2a:	bc80      	pop	{r7}
10005d2c:	46b8      	mov	r8, r7
10005d2e:	bdf0      	pop	{r4, r5, r6, r7, pc}
10005d30:	20000cc4 	.word	0x20000cc4
10005d34:	200024c4 	.word	0x200024c4
10005d38:	10008ef8 	.word	0x10008ef8
10005d3c:	100088a4 	.word	0x100088a4
10005d40:	00000539 	.word	0x00000539

10005d44 <usbd_edpt_stall>:
10005d44:	b570      	push	{r4, r5, r6, lr}
10005d46:	4b0a      	ldr	r3, [pc, #40]	@ (10005d70 <usbd_edpt_stall+0x2c>)
10005d48:	7818      	ldrb	r0, [r3, #0]
10005d4a:	247f      	movs	r4, #127	@ 0x7f
10005d4c:	400c      	ands	r4, r1
10005d4e:	09cd      	lsrs	r5, r1, #7
10005d50:	f7ff fc44 	bl	100055dc <dcd_edpt_stall>
10005d54:	4a07      	ldr	r2, [pc, #28]	@ (10005d74 <usbd_edpt_stall+0x30>)
10005d56:	0064      	lsls	r4, r4, #1
10005d58:	1913      	adds	r3, r2, r4
10005d5a:	195b      	adds	r3, r3, r5
10005d5c:	3330      	adds	r3, #48	@ 0x30
10005d5e:	791a      	ldrb	r2, [r3, #4]
10005d60:	2102      	movs	r1, #2
10005d62:	430a      	orrs	r2, r1
10005d64:	711a      	strb	r2, [r3, #4]
10005d66:	791a      	ldrb	r2, [r3, #4]
10005d68:	2101      	movs	r1, #1
10005d6a:	430a      	orrs	r2, r1
10005d6c:	711a      	strb	r2, [r3, #4]
10005d6e:	bd70      	pop	{r4, r5, r6, pc}
10005d70:	20000cc4 	.word	0x20000cc4
10005d74:	200024c4 	.word	0x200024c4

10005d78 <usbd_edpt_clear_stall>:
10005d78:	b570      	push	{r4, r5, r6, lr}
10005d7a:	4b0a      	ldr	r3, [pc, #40]	@ (10005da4 <usbd_edpt_clear_stall+0x2c>)
10005d7c:	7818      	ldrb	r0, [r3, #0]
10005d7e:	247f      	movs	r4, #127	@ 0x7f
10005d80:	400c      	ands	r4, r1
10005d82:	09cd      	lsrs	r5, r1, #7
10005d84:	f7ff fc48 	bl	10005618 <dcd_edpt_clear_stall>
10005d88:	4a07      	ldr	r2, [pc, #28]	@ (10005da8 <usbd_edpt_clear_stall+0x30>)
10005d8a:	0064      	lsls	r4, r4, #1
10005d8c:	1913      	adds	r3, r2, r4
10005d8e:	195b      	adds	r3, r3, r5
10005d90:	3330      	adds	r3, #48	@ 0x30
10005d92:	791a      	ldrb	r2, [r3, #4]
10005d94:	2102      	movs	r1, #2
10005d96:	438a      	bics	r2, r1
10005d98:	711a      	strb	r2, [r3, #4]
10005d9a:	791a      	ldrb	r2, [r3, #4]
10005d9c:	3901      	subs	r1, #1
10005d9e:	438a      	bics	r2, r1
10005da0:	711a      	strb	r2, [r3, #4]
10005da2:	bd70      	pop	{r4, r5, r6, pc}
10005da4:	20000cc4 	.word	0x20000cc4
10005da8:	200024c4 	.word	0x200024c4

10005dac <usbd_edpt_stalled>:
10005dac:	227f      	movs	r2, #127	@ 0x7f
10005dae:	400a      	ands	r2, r1
10005db0:	09c9      	lsrs	r1, r1, #7
10005db2:	4b04      	ldr	r3, [pc, #16]	@ (10005dc4 <usbd_edpt_stalled+0x18>)
10005db4:	0052      	lsls	r2, r2, #1
10005db6:	189b      	adds	r3, r3, r2
10005db8:	185b      	adds	r3, r3, r1
10005dba:	3330      	adds	r3, #48	@ 0x30
10005dbc:	7918      	ldrb	r0, [r3, #4]
10005dbe:	0780      	lsls	r0, r0, #30
10005dc0:	0fc0      	lsrs	r0, r0, #31
10005dc2:	4770      	bx	lr
10005dc4:	200024c4 	.word	0x200024c4

10005dc8 <process_control_request>:
10005dc8:	b5f0      	push	{r4, r5, r6, r7, lr}
10005dca:	b085      	sub	sp, #20
10005dcc:	0005      	movs	r5, r0
10005dce:	000c      	movs	r4, r1
10005dd0:	2000      	movs	r0, #0
10005dd2:	f000 fb4b 	bl	1000646c <usbd_control_set_complete_callback>
10005dd6:	7823      	ldrb	r3, [r4, #0]
10005dd8:	2260      	movs	r2, #96	@ 0x60
10005dda:	401a      	ands	r2, r3
10005ddc:	2a60      	cmp	r2, #96	@ 0x60
10005dde:	d01a      	beq.n	10005e16 <process_control_request+0x4e>
10005de0:	2a40      	cmp	r2, #64	@ 0x40
10005de2:	d020      	beq.n	10005e26 <process_control_request+0x5e>
10005de4:	7823      	ldrb	r3, [r4, #0]
10005de6:	06db      	lsls	r3, r3, #27
10005de8:	0edb      	lsrs	r3, r3, #27
10005dea:	2b01      	cmp	r3, #1
10005dec:	d100      	bne.n	10005df0 <process_control_request+0x28>
10005dee:	e0d6      	b.n	10005f9e <process_control_request+0x1d6>
10005df0:	2b02      	cmp	r3, #2
10005df2:	d100      	bne.n	10005df6 <process_control_request+0x2e>
10005df4:	e116      	b.n	10006024 <process_control_request+0x25c>
10005df6:	2b00      	cmp	r3, #0
10005df8:	d000      	beq.n	10005dfc <process_control_request+0x34>
10005dfa:	e17c      	b.n	100060f6 <process_control_request+0x32e>
10005dfc:	2a20      	cmp	r2, #32
10005dfe:	d01c      	beq.n	10005e3a <process_control_request+0x72>
10005e00:	2a00      	cmp	r2, #0
10005e02:	d000      	beq.n	10005e06 <process_control_request+0x3e>
10005e04:	e17f      	b.n	10006106 <process_control_request+0x33e>
10005e06:	7863      	ldrb	r3, [r4, #1]
10005e08:	2b09      	cmp	r3, #9
10005e0a:	d900      	bls.n	10005e0e <process_control_request+0x46>
10005e0c:	e17d      	b.n	1000610a <process_control_request+0x342>
10005e0e:	009b      	lsls	r3, r3, #2
10005e10:	4ac5      	ldr	r2, [pc, #788]	@ (10006128 <process_control_request+0x360>)
10005e12:	58d3      	ldr	r3, [r2, r3]
10005e14:	469f      	mov	pc, r3
10005e16:	3255      	adds	r2, #85	@ 0x55
10005e18:	49c4      	ldr	r1, [pc, #784]	@ (1000612c <process_control_request+0x364>)
10005e1a:	48c5      	ldr	r0, [pc, #788]	@ (10006130 <process_control_request+0x368>)
10005e1c:	0092      	lsls	r2, r2, #2
10005e1e:	f7fe ff03 	bl	10004c28 <__wrap_printf>
10005e22:	2600      	movs	r6, #0
10005e24:	e168      	b.n	100060f8 <process_control_request+0x330>
10005e26:	48c3      	ldr	r0, [pc, #780]	@ (10006134 <process_control_request+0x36c>)
10005e28:	f000 fb20 	bl	1000646c <usbd_control_set_complete_callback>
10005e2c:	0022      	movs	r2, r4
10005e2e:	2101      	movs	r1, #1
10005e30:	0028      	movs	r0, r5
10005e32:	f7fe ff5d 	bl	10004cf0 <tud_vendor_control_xfer_cb>
10005e36:	0006      	movs	r6, r0
10005e38:	e15e      	b.n	100060f8 <process_control_request+0x330>
10005e3a:	7923      	ldrb	r3, [r4, #4]
10005e3c:	2b0f      	cmp	r3, #15
10005e3e:	d900      	bls.n	10005e42 <process_control_request+0x7a>
10005e40:	e15d      	b.n	100060fe <process_control_request+0x336>
10005e42:	4abd      	ldr	r2, [pc, #756]	@ (10006138 <process_control_request+0x370>)
10005e44:	18d3      	adds	r3, r2, r3
10005e46:	791b      	ldrb	r3, [r3, #4]
10005e48:	4abc      	ldr	r2, [pc, #752]	@ (1000613c <process_control_request+0x374>)
10005e4a:	7812      	ldrb	r2, [r2, #0]
10005e4c:	4293      	cmp	r3, r2
10005e4e:	d207      	bcs.n	10005e60 <process_control_request+0x98>
10005e50:	4abb      	ldr	r2, [pc, #748]	@ (10006140 <process_control_request+0x378>)
10005e52:	6811      	ldr	r1, [r2, #0]
10005e54:	015b      	lsls	r3, r3, #5
10005e56:	18c9      	adds	r1, r1, r3
10005e58:	2900      	cmp	r1, #0
10005e5a:	d109      	bne.n	10005e70 <process_control_request+0xa8>
10005e5c:	2600      	movs	r6, #0
10005e5e:	e14b      	b.n	100060f8 <process_control_request+0x330>
10005e60:	1c51      	adds	r1, r2, #1
10005e62:	4299      	cmp	r1, r3
10005e64:	da00      	bge.n	10005e68 <process_control_request+0xa0>
10005e66:	e14c      	b.n	10006102 <process_control_request+0x33a>
10005e68:	1a9b      	subs	r3, r3, r2
10005e6a:	015b      	lsls	r3, r3, #5
10005e6c:	49b5      	ldr	r1, [pc, #724]	@ (10006144 <process_control_request+0x37c>)
10005e6e:	1859      	adds	r1, r3, r1
10005e70:	0022      	movs	r2, r4
10005e72:	0028      	movs	r0, r5
10005e74:	f7ff fc8c 	bl	10005790 <invoke_class_control>
10005e78:	0006      	movs	r6, r0
10005e7a:	e13d      	b.n	100060f8 <process_control_request+0x330>
10005e7c:	0020      	movs	r0, r4
10005e7e:	f000 fafb 	bl	10006478 <usbd_control_set_request>
10005e82:	78a1      	ldrb	r1, [r4, #2]
10005e84:	0028      	movs	r0, r5
10005e86:	f7ff faff 	bl	10005488 <dcd_set_address>
10005e8a:	4aab      	ldr	r2, [pc, #684]	@ (10006138 <process_control_request+0x370>)
10005e8c:	7813      	ldrb	r3, [r2, #0]
10005e8e:	2102      	movs	r1, #2
10005e90:	430b      	orrs	r3, r1
10005e92:	7013      	strb	r3, [r2, #0]
10005e94:	2601      	movs	r6, #1
10005e96:	e12f      	b.n	100060f8 <process_control_request+0x330>
10005e98:	4ba7      	ldr	r3, [pc, #668]	@ (10006138 <process_control_request+0x370>)
10005e9a:	785b      	ldrb	r3, [r3, #1]
10005e9c:	aa02      	add	r2, sp, #8
10005e9e:	3206      	adds	r2, #6
10005ea0:	7013      	strb	r3, [r2, #0]
10005ea2:	2301      	movs	r3, #1
10005ea4:	0021      	movs	r1, r4
10005ea6:	0028      	movs	r0, r5
10005ea8:	f000 fa8a 	bl	100063c0 <tud_control_xfer>
10005eac:	2601      	movs	r6, #1
10005eae:	e123      	b.n	100060f8 <process_control_request+0x330>
10005eb0:	78a6      	ldrb	r6, [r4, #2]
10005eb2:	4ba1      	ldr	r3, [pc, #644]	@ (10006138 <process_control_request+0x370>)
10005eb4:	785b      	ldrb	r3, [r3, #1]
10005eb6:	42b3      	cmp	r3, r6
10005eb8:	d02c      	beq.n	10005f14 <process_control_request+0x14c>
10005eba:	4b9f      	ldr	r3, [pc, #636]	@ (10006138 <process_control_request+0x370>)
10005ebc:	785b      	ldrb	r3, [r3, #1]
10005ebe:	2b00      	cmp	r3, #0
10005ec0:	d10c      	bne.n	10005edc <process_control_request+0x114>
10005ec2:	4b9d      	ldr	r3, [pc, #628]	@ (10006138 <process_control_request+0x370>)
10005ec4:	705e      	strb	r6, [r3, #1]
10005ec6:	2e00      	cmp	r6, #0
10005ec8:	d022      	beq.n	10005f10 <process_control_request+0x148>
10005eca:	0031      	movs	r1, r6
10005ecc:	0028      	movs	r0, r5
10005ece:	f7ff fc6d 	bl	100057ac <process_set_config>
10005ed2:	1e06      	subs	r6, r0, #0
10005ed4:	d012      	beq.n	10005efc <process_control_request+0x134>
10005ed6:	f7ff fdb7 	bl	10005a48 <tud_mount_cb>
10005eda:	e01b      	b.n	10005f14 <process_control_request+0x14c>
10005edc:	2100      	movs	r1, #0
10005ede:	0028      	movs	r0, r5
10005ee0:	f7ff fb30 	bl	10005544 <dcd_sof_enable>
10005ee4:	0028      	movs	r0, r5
10005ee6:	f7ff fb5c 	bl	100055a2 <dcd_edpt_close_all>
10005eea:	4f93      	ldr	r7, [pc, #588]	@ (10006138 <process_control_request+0x370>)
10005eec:	78bb      	ldrb	r3, [r7, #2]
10005eee:	9301      	str	r3, [sp, #4]
10005ef0:	0028      	movs	r0, r5
10005ef2:	f7ff fc05 	bl	10005700 <configuration_reset>
10005ef6:	9b01      	ldr	r3, [sp, #4]
10005ef8:	70bb      	strb	r3, [r7, #2]
10005efa:	e7e2      	b.n	10005ec2 <process_control_request+0xfa>
10005efc:	22c9      	movs	r2, #201	@ 0xc9
10005efe:	498b      	ldr	r1, [pc, #556]	@ (1000612c <process_control_request+0x364>)
10005f00:	488b      	ldr	r0, [pc, #556]	@ (10006130 <process_control_request+0x368>)
10005f02:	0092      	lsls	r2, r2, #2
10005f04:	f7fe fe90 	bl	10004c28 <__wrap_printf>
10005f08:	4b8b      	ldr	r3, [pc, #556]	@ (10006138 <process_control_request+0x370>)
10005f0a:	2200      	movs	r2, #0
10005f0c:	705a      	strb	r2, [r3, #1]
10005f0e:	e0f3      	b.n	100060f8 <process_control_request+0x330>
10005f10:	f7ff fd9b 	bl	10005a4a <tud_umount_cb>
10005f14:	0021      	movs	r1, r4
10005f16:	0028      	movs	r0, r5
10005f18:	f000 fa3e 	bl	10006398 <tud_control_status>
10005f1c:	2601      	movs	r6, #1
10005f1e:	e0eb      	b.n	100060f8 <process_control_request+0x330>
10005f20:	0021      	movs	r1, r4
10005f22:	0028      	movs	r0, r5
10005f24:	f7ff fd20 	bl	10005968 <process_get_descriptor>
10005f28:	0006      	movs	r6, r0
10005f2a:	e0e5      	b.n	100060f8 <process_control_request+0x330>
10005f2c:	78a2      	ldrb	r2, [r4, #2]
10005f2e:	78e3      	ldrb	r3, [r4, #3]
10005f30:	021b      	lsls	r3, r3, #8
10005f32:	4313      	orrs	r3, r2
10005f34:	2b01      	cmp	r3, #1
10005f36:	d001      	beq.n	10005f3c <process_control_request+0x174>
10005f38:	2600      	movs	r6, #0
10005f3a:	e0dd      	b.n	100060f8 <process_control_request+0x330>
10005f3c:	4a7e      	ldr	r2, [pc, #504]	@ (10006138 <process_control_request+0x370>)
10005f3e:	7813      	ldrb	r3, [r2, #0]
10005f40:	2108      	movs	r1, #8
10005f42:	430b      	orrs	r3, r1
10005f44:	7013      	strb	r3, [r2, #0]
10005f46:	0021      	movs	r1, r4
10005f48:	0028      	movs	r0, r5
10005f4a:	f000 fa25 	bl	10006398 <tud_control_status>
10005f4e:	2601      	movs	r6, #1
10005f50:	e0d2      	b.n	100060f8 <process_control_request+0x330>
10005f52:	78a2      	ldrb	r2, [r4, #2]
10005f54:	78e3      	ldrb	r3, [r4, #3]
10005f56:	021b      	lsls	r3, r3, #8
10005f58:	4313      	orrs	r3, r2
10005f5a:	2b01      	cmp	r3, #1
10005f5c:	d001      	beq.n	10005f62 <process_control_request+0x19a>
10005f5e:	2600      	movs	r6, #0
10005f60:	e0ca      	b.n	100060f8 <process_control_request+0x330>
10005f62:	4a75      	ldr	r2, [pc, #468]	@ (10006138 <process_control_request+0x370>)
10005f64:	7813      	ldrb	r3, [r2, #0]
10005f66:	2108      	movs	r1, #8
10005f68:	438b      	bics	r3, r1
10005f6a:	7013      	strb	r3, [r2, #0]
10005f6c:	0021      	movs	r1, r4
10005f6e:	0028      	movs	r0, r5
10005f70:	f000 fa12 	bl	10006398 <tud_control_status>
10005f74:	2601      	movs	r6, #1
10005f76:	e0bf      	b.n	100060f8 <process_control_request+0x330>
10005f78:	4b6f      	ldr	r3, [pc, #444]	@ (10006138 <process_control_request+0x370>)
10005f7a:	781a      	ldrb	r2, [r3, #0]
10005f7c:	0951      	lsrs	r1, r2, #5
10005f7e:	0892      	lsrs	r2, r2, #2
10005f80:	2302      	movs	r3, #2
10005f82:	4013      	ands	r3, r2
10005f84:	2201      	movs	r2, #1
10005f86:	400a      	ands	r2, r1
10005f88:	4313      	orrs	r3, r2
10005f8a:	aa02      	add	r2, sp, #8
10005f8c:	3206      	adds	r2, #6
10005f8e:	8013      	strh	r3, [r2, #0]
10005f90:	2302      	movs	r3, #2
10005f92:	0021      	movs	r1, r4
10005f94:	0028      	movs	r0, r5
10005f96:	f000 fa13 	bl	100063c0 <tud_control_xfer>
10005f9a:	2601      	movs	r6, #1
10005f9c:	e0ac      	b.n	100060f8 <process_control_request+0x330>
10005f9e:	7923      	ldrb	r3, [r4, #4]
10005fa0:	2b0f      	cmp	r3, #15
10005fa2:	d900      	bls.n	10005fa6 <process_control_request+0x1de>
10005fa4:	e0b3      	b.n	1000610e <process_control_request+0x346>
10005fa6:	4a64      	ldr	r2, [pc, #400]	@ (10006138 <process_control_request+0x370>)
10005fa8:	18d3      	adds	r3, r2, r3
10005faa:	791b      	ldrb	r3, [r3, #4]
10005fac:	4a63      	ldr	r2, [pc, #396]	@ (1000613c <process_control_request+0x374>)
10005fae:	7812      	ldrb	r2, [r2, #0]
10005fb0:	4293      	cmp	r3, r2
10005fb2:	d223      	bcs.n	10005ffc <process_control_request+0x234>
10005fb4:	4a62      	ldr	r2, [pc, #392]	@ (10006140 <process_control_request+0x378>)
10005fb6:	6811      	ldr	r1, [r2, #0]
10005fb8:	015b      	lsls	r3, r3, #5
10005fba:	18c9      	adds	r1, r1, r3
10005fbc:	2900      	cmp	r1, #0
10005fbe:	d100      	bne.n	10005fc2 <process_control_request+0x1fa>
10005fc0:	e0a7      	b.n	10006112 <process_control_request+0x34a>
10005fc2:	0022      	movs	r2, r4
10005fc4:	0028      	movs	r0, r5
10005fc6:	f7ff fbe3 	bl	10005790 <invoke_class_control>
10005fca:	1e06      	subs	r6, r0, #0
10005fcc:	d000      	beq.n	10005fd0 <process_control_request+0x208>
10005fce:	e093      	b.n	100060f8 <process_control_request+0x330>
10005fd0:	7823      	ldrb	r3, [r4, #0]
10005fd2:	2260      	movs	r2, #96	@ 0x60
10005fd4:	421a      	tst	r2, r3
10005fd6:	d000      	beq.n	10005fda <process_control_request+0x212>
10005fd8:	e08e      	b.n	100060f8 <process_control_request+0x330>
10005fda:	7863      	ldrb	r3, [r4, #1]
10005fdc:	3b0a      	subs	r3, #10
10005fde:	2b01      	cmp	r3, #1
10005fe0:	d900      	bls.n	10005fe4 <process_control_request+0x21c>
10005fe2:	e089      	b.n	100060f8 <process_control_request+0x330>
10005fe4:	2000      	movs	r0, #0
10005fe6:	f000 fa41 	bl	1000646c <usbd_control_set_complete_callback>
10005fea:	7863      	ldrb	r3, [r4, #1]
10005fec:	2b0a      	cmp	r3, #10
10005fee:	d00e      	beq.n	1000600e <process_control_request+0x246>
10005ff0:	0021      	movs	r1, r4
10005ff2:	0028      	movs	r0, r5
10005ff4:	f000 f9d0 	bl	10006398 <tud_control_status>
10005ff8:	2601      	movs	r6, #1
10005ffa:	e07d      	b.n	100060f8 <process_control_request+0x330>
10005ffc:	1c51      	adds	r1, r2, #1
10005ffe:	4299      	cmp	r1, r3
10006000:	da00      	bge.n	10006004 <process_control_request+0x23c>
10006002:	e088      	b.n	10006116 <process_control_request+0x34e>
10006004:	1a9b      	subs	r3, r3, r2
10006006:	015b      	lsls	r3, r3, #5
10006008:	494e      	ldr	r1, [pc, #312]	@ (10006144 <process_control_request+0x37c>)
1000600a:	1859      	adds	r1, r3, r1
1000600c:	e7d9      	b.n	10005fc2 <process_control_request+0x1fa>
1000600e:	ab02      	add	r3, sp, #8
10006010:	1d9a      	adds	r2, r3, #6
10006012:	2300      	movs	r3, #0
10006014:	7013      	strb	r3, [r2, #0]
10006016:	3301      	adds	r3, #1
10006018:	0021      	movs	r1, r4
1000601a:	0028      	movs	r0, r5
1000601c:	f000 f9d0 	bl	100063c0 <tud_control_xfer>
10006020:	3601      	adds	r6, #1
10006022:	e069      	b.n	100060f8 <process_control_request+0x330>
10006024:	7921      	ldrb	r1, [r4, #4]
10006026:	207f      	movs	r0, #127	@ 0x7f
10006028:	4008      	ands	r0, r1
1000602a:	09ce      	lsrs	r6, r1, #7
1000602c:	2370      	movs	r3, #112	@ 0x70
1000602e:	420b      	tst	r3, r1
10006030:	d117      	bne.n	10006062 <process_control_request+0x29a>
10006032:	4b41      	ldr	r3, [pc, #260]	@ (10006138 <process_control_request+0x370>)
10006034:	0040      	lsls	r0, r0, #1
10006036:	181b      	adds	r3, r3, r0
10006038:	199b      	adds	r3, r3, r6
1000603a:	7d1b      	ldrb	r3, [r3, #20]
1000603c:	483f      	ldr	r0, [pc, #252]	@ (1000613c <process_control_request+0x374>)
1000603e:	7800      	ldrb	r0, [r0, #0]
10006040:	4283      	cmp	r3, r0
10006042:	d215      	bcs.n	10006070 <process_control_request+0x2a8>
10006044:	483e      	ldr	r0, [pc, #248]	@ (10006140 <process_control_request+0x378>)
10006046:	6806      	ldr	r6, [r0, #0]
10006048:	015b      	lsls	r3, r3, #5
1000604a:	18f6      	adds	r6, r6, r3
1000604c:	2a00      	cmp	r2, #0
1000604e:	d019      	beq.n	10006084 <process_control_request+0x2bc>
10006050:	2e00      	cmp	r6, #0
10006052:	d062      	beq.n	1000611a <process_control_request+0x352>
10006054:	0022      	movs	r2, r4
10006056:	0031      	movs	r1, r6
10006058:	0028      	movs	r0, r5
1000605a:	f7ff fb99 	bl	10005790 <invoke_class_control>
1000605e:	0006      	movs	r6, r0
10006060:	e04a      	b.n	100060f8 <process_control_request+0x330>
10006062:	4932      	ldr	r1, [pc, #200]	@ (1000612c <process_control_request+0x364>)
10006064:	4832      	ldr	r0, [pc, #200]	@ (10006130 <process_control_request+0x368>)
10006066:	4a38      	ldr	r2, [pc, #224]	@ (10006148 <process_control_request+0x380>)
10006068:	f7fe fdde 	bl	10004c28 <__wrap_printf>
1000606c:	2600      	movs	r6, #0
1000606e:	e043      	b.n	100060f8 <process_control_request+0x330>
10006070:	1c46      	adds	r6, r0, #1
10006072:	429e      	cmp	r6, r3
10006074:	db04      	blt.n	10006080 <process_control_request+0x2b8>
10006076:	1a1b      	subs	r3, r3, r0
10006078:	015b      	lsls	r3, r3, #5
1000607a:	4e32      	ldr	r6, [pc, #200]	@ (10006144 <process_control_request+0x37c>)
1000607c:	199e      	adds	r6, r3, r6
1000607e:	e7e5      	b.n	1000604c <process_control_request+0x284>
10006080:	2600      	movs	r6, #0
10006082:	e7e3      	b.n	1000604c <process_control_request+0x284>
10006084:	7863      	ldrb	r3, [r4, #1]
10006086:	2b01      	cmp	r3, #1
10006088:	d010      	beq.n	100060ac <process_control_request+0x2e4>
1000608a:	2b03      	cmp	r3, #3
1000608c:	d00e      	beq.n	100060ac <process_control_request+0x2e4>
1000608e:	2b00      	cmp	r3, #0
10006090:	d145      	bne.n	1000611e <process_control_request+0x356>
10006092:	0028      	movs	r0, r5
10006094:	f7ff fe8a 	bl	10005dac <usbd_edpt_stalled>
10006098:	ab02      	add	r3, sp, #8
1000609a:	1d9a      	adds	r2, r3, #6
1000609c:	8010      	strh	r0, [r2, #0]
1000609e:	2302      	movs	r3, #2
100060a0:	0021      	movs	r1, r4
100060a2:	0028      	movs	r0, r5
100060a4:	f000 f98c 	bl	100063c0 <tud_control_xfer>
100060a8:	2601      	movs	r6, #1
100060aa:	e025      	b.n	100060f8 <process_control_request+0x330>
100060ac:	78a0      	ldrb	r0, [r4, #2]
100060ae:	78e2      	ldrb	r2, [r4, #3]
100060b0:	0212      	lsls	r2, r2, #8
100060b2:	4302      	orrs	r2, r0
100060b4:	d104      	bne.n	100060c0 <process_control_request+0x2f8>
100060b6:	2b01      	cmp	r3, #1
100060b8:	d019      	beq.n	100060ee <process_control_request+0x326>
100060ba:	0028      	movs	r0, r5
100060bc:	f7ff fe42 	bl	10005d44 <usbd_edpt_stall>
100060c0:	2e00      	cmp	r6, #0
100060c2:	d02e      	beq.n	10006122 <process_control_request+0x35a>
100060c4:	0022      	movs	r2, r4
100060c6:	0031      	movs	r1, r6
100060c8:	0028      	movs	r0, r5
100060ca:	f7ff fb61 	bl	10005790 <invoke_class_control>
100060ce:	2000      	movs	r0, #0
100060d0:	f000 f9cc 	bl	1000646c <usbd_control_set_complete_callback>
100060d4:	4b18      	ldr	r3, [pc, #96]	@ (10006138 <process_control_request+0x370>)
100060d6:	2235      	movs	r2, #53	@ 0x35
100060d8:	5c9b      	ldrb	r3, [r3, r2]
100060da:	07db      	lsls	r3, r3, #31
100060dc:	0fde      	lsrs	r6, r3, #31
100060de:	2b00      	cmp	r3, #0
100060e0:	d10a      	bne.n	100060f8 <process_control_request+0x330>
100060e2:	0021      	movs	r1, r4
100060e4:	0028      	movs	r0, r5
100060e6:	f000 f957 	bl	10006398 <tud_control_status>
100060ea:	2601      	movs	r6, #1
100060ec:	e004      	b.n	100060f8 <process_control_request+0x330>
100060ee:	0028      	movs	r0, r5
100060f0:	f7ff fe42 	bl	10005d78 <usbd_edpt_clear_stall>
100060f4:	e7e4      	b.n	100060c0 <process_control_request+0x2f8>
100060f6:	2600      	movs	r6, #0
100060f8:	0030      	movs	r0, r6
100060fa:	b005      	add	sp, #20
100060fc:	bdf0      	pop	{r4, r5, r6, r7, pc}
100060fe:	2600      	movs	r6, #0
10006100:	e7fa      	b.n	100060f8 <process_control_request+0x330>
10006102:	2600      	movs	r6, #0
10006104:	e7f8      	b.n	100060f8 <process_control_request+0x330>
10006106:	2600      	movs	r6, #0
10006108:	e7f6      	b.n	100060f8 <process_control_request+0x330>
1000610a:	2600      	movs	r6, #0
1000610c:	e7f4      	b.n	100060f8 <process_control_request+0x330>
1000610e:	2600      	movs	r6, #0
10006110:	e7f2      	b.n	100060f8 <process_control_request+0x330>
10006112:	2600      	movs	r6, #0
10006114:	e7f0      	b.n	100060f8 <process_control_request+0x330>
10006116:	2600      	movs	r6, #0
10006118:	e7ee      	b.n	100060f8 <process_control_request+0x330>
1000611a:	2600      	movs	r6, #0
1000611c:	e7ec      	b.n	100060f8 <process_control_request+0x330>
1000611e:	2600      	movs	r6, #0
10006120:	e7ea      	b.n	100060f8 <process_control_request+0x330>
10006122:	2601      	movs	r6, #1
10006124:	e7e8      	b.n	100060f8 <process_control_request+0x330>
10006126:	46c0      	nop			@ (mov r8, r8)
10006128:	10008eac 	.word	0x10008eac
1000612c:	10008f64 	.word	0x10008f64
10006130:	100088a4 	.word	0x100088a4
10006134:	10004cf1 	.word	0x10004cf1
10006138:	200024c4 	.word	0x200024c4
1000613c:	20014154 	.word	0x20014154
10006140:	20002314 	.word	0x20002314
10006144:	10008fb0 	.word	0x10008fb0
10006148:	00000395 	.word	0x00000395

1000614c <tud_task_ext>:
1000614c:	b530      	push	{r4, r5, lr}
1000614e:	b085      	sub	sp, #20
10006150:	f7ff fc8e 	bl	10005a70 <tud_inited>
10006154:	2800      	cmp	r0, #0
10006156:	d108      	bne.n	1000616a <tud_task_ext+0x1e>
10006158:	b005      	add	sp, #20
1000615a:	bd30      	pop	{r4, r5, pc}
1000615c:	ac01      	add	r4, sp, #4
1000615e:	7820      	ldrb	r0, [r4, #0]
10006160:	f7ff fb10 	bl	10005784 <usbd_reset>
10006164:	7922      	ldrb	r2, [r4, #4]
10006166:	4b63      	ldr	r3, [pc, #396]	@ (100062f4 <tud_task_ext+0x1a8>)
10006168:	709a      	strb	r2, [r3, #2]
1000616a:	4b63      	ldr	r3, [pc, #396]	@ (100062f8 <tud_task_ext+0x1ac>)
1000616c:	681c      	ldr	r4, [r3, #0]
1000616e:	6962      	ldr	r2, [r4, #20]
10006170:	f3ef 8110 	mrs	r1, PRIMASK
10006174:	b672      	cpsid	i
10006176:	6813      	ldr	r3, [r2, #0]
10006178:	2b00      	cmp	r3, #0
1000617a:	d0fc      	beq.n	10006176 <tud_task_ext+0x2a>
1000617c:	f3bf 8f5f 	dmb	sy
10006180:	61a1      	str	r1, [r4, #24]
10006182:	a901      	add	r1, sp, #4
10006184:	0020      	movs	r0, r4
10006186:	f001 fb58 	bl	1000783a <tu_fifo_read>
1000618a:	6962      	ldr	r2, [r4, #20]
1000618c:	69a3      	ldr	r3, [r4, #24]
1000618e:	f3bf 8f5f 	dmb	sy
10006192:	2100      	movs	r1, #0
10006194:	6011      	str	r1, [r2, #0]
10006196:	f383 8810 	msr	PRIMASK, r3
1000619a:	2800      	cmp	r0, #0
1000619c:	d0dc      	beq.n	10006158 <tud_task_ext+0xc>
1000619e:	ab01      	add	r3, sp, #4
100061a0:	785b      	ldrb	r3, [r3, #1]
100061a2:	2b08      	cmp	r3, #8
100061a4:	d8e1      	bhi.n	1000616a <tud_task_ext+0x1e>
100061a6:	009b      	lsls	r3, r3, #2
100061a8:	4a54      	ldr	r2, [pc, #336]	@ (100062fc <tud_task_ext+0x1b0>)
100061aa:	58d3      	ldr	r3, [r2, r3]
100061ac:	469f      	mov	pc, r3
100061ae:	ab01      	add	r3, sp, #4
100061b0:	7818      	ldrb	r0, [r3, #0]
100061b2:	f7ff fae7 	bl	10005784 <usbd_reset>
100061b6:	f7ff fc48 	bl	10005a4a <tud_umount_cb>
100061ba:	e7d6      	b.n	1000616a <tud_task_ext+0x1e>
100061bc:	4b50      	ldr	r3, [pc, #320]	@ (10006300 <tud_task_ext+0x1b4>)
100061be:	781b      	ldrb	r3, [r3, #0]
100061c0:	2b00      	cmp	r3, #0
100061c2:	d02d      	beq.n	10006220 <tud_task_ext+0xd4>
100061c4:	4a4e      	ldr	r2, [pc, #312]	@ (10006300 <tud_task_ext+0x1b4>)
100061c6:	7813      	ldrb	r3, [r2, #0]
100061c8:	3b01      	subs	r3, #1
100061ca:	b2db      	uxtb	r3, r3
100061cc:	7013      	strb	r3, [r2, #0]
100061ce:	7813      	ldrb	r3, [r2, #0]
100061d0:	2b00      	cmp	r3, #0
100061d2:	d1ca      	bne.n	1000616a <tud_task_ext+0x1e>
100061d4:	4b47      	ldr	r3, [pc, #284]	@ (100062f4 <tud_task_ext+0x1a8>)
100061d6:	781a      	ldrb	r2, [r3, #0]
100061d8:	2401      	movs	r4, #1
100061da:	2101      	movs	r1, #1
100061dc:	430a      	orrs	r2, r1
100061de:	701a      	strb	r2, [r3, #0]
100061e0:	2234      	movs	r2, #52	@ 0x34
100061e2:	5c99      	ldrb	r1, [r3, r2]
100061e4:	43a1      	bics	r1, r4
100061e6:	5499      	strb	r1, [r3, r2]
100061e8:	5c99      	ldrb	r1, [r3, r2]
100061ea:	2004      	movs	r0, #4
100061ec:	4381      	bics	r1, r0
100061ee:	5499      	strb	r1, [r3, r2]
100061f0:	3201      	adds	r2, #1
100061f2:	5c99      	ldrb	r1, [r3, r2]
100061f4:	43a1      	bics	r1, r4
100061f6:	5499      	strb	r1, [r3, r2]
100061f8:	5c99      	ldrb	r1, [r3, r2]
100061fa:	4381      	bics	r1, r0
100061fc:	5499      	strb	r1, [r3, r2]
100061fe:	ab01      	add	r3, sp, #4
10006200:	7818      	ldrb	r0, [r3, #0]
10006202:	a902      	add	r1, sp, #8
10006204:	f7ff fde0 	bl	10005dc8 <process_control_request>
10006208:	2800      	cmp	r0, #0
1000620a:	d1ae      	bne.n	1000616a <tud_task_ext+0x1e>
1000620c:	ac01      	add	r4, sp, #4
1000620e:	7820      	ldrb	r0, [r4, #0]
10006210:	2100      	movs	r1, #0
10006212:	f7ff f9e3 	bl	100055dc <dcd_edpt_stall>
10006216:	7820      	ldrb	r0, [r4, #0]
10006218:	2180      	movs	r1, #128	@ 0x80
1000621a:	f7ff f9df 	bl	100055dc <dcd_edpt_stall>
1000621e:	e7a4      	b.n	1000616a <tud_task_ext+0x1e>
10006220:	4938      	ldr	r1, [pc, #224]	@ (10006304 <tud_task_ext+0x1b8>)
10006222:	4839      	ldr	r0, [pc, #228]	@ (10006308 <tud_task_ext+0x1bc>)
10006224:	4a39      	ldr	r2, [pc, #228]	@ (1000630c <tud_task_ext+0x1c0>)
10006226:	f7fe fcff 	bl	10004c28 <__wrap_printf>
1000622a:	e795      	b.n	10006158 <tud_task_ext+0xc>
1000622c:	ab01      	add	r3, sp, #4
1000622e:	7919      	ldrb	r1, [r3, #4]
10006230:	227f      	movs	r2, #127	@ 0x7f
10006232:	400a      	ands	r2, r1
10006234:	09cc      	lsrs	r4, r1, #7
10006236:	4b2f      	ldr	r3, [pc, #188]	@ (100062f4 <tud_task_ext+0x1a8>)
10006238:	0050      	lsls	r0, r2, #1
1000623a:	181b      	adds	r3, r3, r0
1000623c:	191b      	adds	r3, r3, r4
1000623e:	3330      	adds	r3, #48	@ 0x30
10006240:	7918      	ldrb	r0, [r3, #4]
10006242:	2501      	movs	r5, #1
10006244:	43a8      	bics	r0, r5
10006246:	7118      	strb	r0, [r3, #4]
10006248:	7918      	ldrb	r0, [r3, #4]
1000624a:	3503      	adds	r5, #3
1000624c:	43a8      	bics	r0, r5
1000624e:	7118      	strb	r0, [r3, #4]
10006250:	2a00      	cmp	r2, #0
10006252:	d015      	beq.n	10006280 <tud_task_ext+0x134>
10006254:	4b27      	ldr	r3, [pc, #156]	@ (100062f4 <tud_task_ext+0x1a8>)
10006256:	0052      	lsls	r2, r2, #1
10006258:	189b      	adds	r3, r3, r2
1000625a:	191b      	adds	r3, r3, r4
1000625c:	7d1b      	ldrb	r3, [r3, #20]
1000625e:	4a2c      	ldr	r2, [pc, #176]	@ (10006310 <tud_task_ext+0x1c4>)
10006260:	7812      	ldrb	r2, [r2, #0]
10006262:	4293      	cmp	r3, r2
10006264:	d213      	bcs.n	1000628e <tud_task_ext+0x142>
10006266:	4a2b      	ldr	r2, [pc, #172]	@ (10006314 <tud_task_ext+0x1c8>)
10006268:	6812      	ldr	r2, [r2, #0]
1000626a:	015b      	lsls	r3, r3, #5
1000626c:	18d3      	adds	r3, r2, r3
1000626e:	2b00      	cmp	r3, #0
10006270:	d015      	beq.n	1000629e <tud_task_ext+0x152>
10006272:	699c      	ldr	r4, [r3, #24]
10006274:	a801      	add	r0, sp, #4
10006276:	7942      	ldrb	r2, [r0, #5]
10006278:	9b03      	ldr	r3, [sp, #12]
1000627a:	7800      	ldrb	r0, [r0, #0]
1000627c:	47a0      	blx	r4
1000627e:	e774      	b.n	1000616a <tud_task_ext+0x1e>
10006280:	a801      	add	r0, sp, #4
10006282:	7942      	ldrb	r2, [r0, #5]
10006284:	9b03      	ldr	r3, [sp, #12]
10006286:	7800      	ldrb	r0, [r0, #0]
10006288:	f000 f904 	bl	10006494 <usbd_control_xfer_cb>
1000628c:	e76d      	b.n	1000616a <tud_task_ext+0x1e>
1000628e:	1c50      	adds	r0, r2, #1
10006290:	4298      	cmp	r0, r3
10006292:	db04      	blt.n	1000629e <tud_task_ext+0x152>
10006294:	1a9b      	subs	r3, r3, r2
10006296:	015b      	lsls	r3, r3, #5
10006298:	4a1f      	ldr	r2, [pc, #124]	@ (10006318 <tud_task_ext+0x1cc>)
1000629a:	189b      	adds	r3, r3, r2
1000629c:	e7e9      	b.n	10006272 <tud_task_ext+0x126>
1000629e:	22a4      	movs	r2, #164	@ 0xa4
100062a0:	4918      	ldr	r1, [pc, #96]	@ (10006304 <tud_task_ext+0x1b8>)
100062a2:	4819      	ldr	r0, [pc, #100]	@ (10006308 <tud_task_ext+0x1bc>)
100062a4:	0092      	lsls	r2, r2, #2
100062a6:	f7fe fcbf 	bl	10004c28 <__wrap_printf>
100062aa:	e755      	b.n	10006158 <tud_task_ext+0xc>
100062ac:	4b11      	ldr	r3, [pc, #68]	@ (100062f4 <tud_task_ext+0x1a8>)
100062ae:	781b      	ldrb	r3, [r3, #0]
100062b0:	07db      	lsls	r3, r3, #31
100062b2:	d400      	bmi.n	100062b6 <tud_task_ext+0x16a>
100062b4:	e759      	b.n	1000616a <tud_task_ext+0x1e>
100062b6:	4b0f      	ldr	r3, [pc, #60]	@ (100062f4 <tud_task_ext+0x1a8>)
100062b8:	7818      	ldrb	r0, [r3, #0]
100062ba:	0700      	lsls	r0, r0, #28
100062bc:	0fc0      	lsrs	r0, r0, #31
100062be:	f7ff fbc5 	bl	10005a4c <tud_suspend_cb>
100062c2:	e752      	b.n	1000616a <tud_task_ext+0x1e>
100062c4:	4b0b      	ldr	r3, [pc, #44]	@ (100062f4 <tud_task_ext+0x1a8>)
100062c6:	781b      	ldrb	r3, [r3, #0]
100062c8:	07db      	lsls	r3, r3, #31
100062ca:	d400      	bmi.n	100062ce <tud_task_ext+0x182>
100062cc:	e74d      	b.n	1000616a <tud_task_ext+0x1e>
100062ce:	f7ff fbbe 	bl	10005a4e <tud_resume_cb>
100062d2:	e74a      	b.n	1000616a <tud_task_ext+0x1e>
100062d4:	9b02      	ldr	r3, [sp, #8]
100062d6:	2b00      	cmp	r3, #0
100062d8:	d100      	bne.n	100062dc <tud_task_ext+0x190>
100062da:	e746      	b.n	1000616a <tud_task_ext+0x1e>
100062dc:	9803      	ldr	r0, [sp, #12]
100062de:	4798      	blx	r3
100062e0:	e743      	b.n	1000616a <tud_task_ext+0x1e>
100062e2:	4b04      	ldr	r3, [pc, #16]	@ (100062f4 <tud_task_ext+0x1a8>)
100062e4:	78db      	ldrb	r3, [r3, #3]
100062e6:	07db      	lsls	r3, r3, #31
100062e8:	d400      	bmi.n	100062ec <tud_task_ext+0x1a0>
100062ea:	e73e      	b.n	1000616a <tud_task_ext+0x1e>
100062ec:	9802      	ldr	r0, [sp, #8]
100062ee:	f7ff fb36 	bl	1000595e <tud_sof_cb>
100062f2:	e73a      	b.n	1000616a <tud_task_ext+0x1e>
100062f4:	200024c4 	.word	0x200024c4
100062f8:	2000251c 	.word	0x2000251c
100062fc:	10008ed4 	.word	0x10008ed4
10006300:	20014156 	.word	0x20014156
10006304:	10008f90 	.word	0x10008f90
10006308:	100088a4 	.word	0x100088a4
1000630c:	00000265 	.word	0x00000265
10006310:	20014154 	.word	0x20014154
10006314:	20002314 	.word	0x20002314
10006318:	10008fb0 	.word	0x10008fb0

1000631c <status_stage_xact>:
1000631c:	b510      	push	{r4, lr}
1000631e:	2300      	movs	r3, #0
10006320:	56cb      	ldrsb	r3, [r1, r3]
10006322:	2b00      	cmp	r3, #0
10006324:	db05      	blt.n	10006332 <status_stage_xact+0x16>
10006326:	2180      	movs	r1, #128	@ 0x80
10006328:	2300      	movs	r3, #0
1000632a:	2200      	movs	r2, #0
1000632c:	f7ff fcc6 	bl	10005cbc <usbd_edpt_xfer>
10006330:	bd10      	pop	{r4, pc}
10006332:	2100      	movs	r1, #0
10006334:	e7f8      	b.n	10006328 <status_stage_xact+0xc>
	...

10006338 <data_stage_xact>:
10006338:	b5f8      	push	{r3, r4, r5, r6, r7, lr}
1000633a:	0005      	movs	r5, r0
1000633c:	4b14      	ldr	r3, [pc, #80]	@ (10006390 <data_stage_xact+0x58>)
1000633e:	899f      	ldrh	r7, [r3, #12]
10006340:	89de      	ldrh	r6, [r3, #14]
10006342:	1bbb      	subs	r3, r7, r6
10006344:	b29b      	uxth	r3, r3
10006346:	1c1c      	adds	r4, r3, #0
10006348:	2b40      	cmp	r3, #64	@ 0x40
1000634a:	d900      	bls.n	1000634e <data_stage_xact+0x16>
1000634c:	2440      	movs	r4, #64	@ 0x40
1000634e:	b2a4      	uxth	r4, r4
10006350:	4b0f      	ldr	r3, [pc, #60]	@ (10006390 <data_stage_xact+0x58>)
10006352:	781b      	ldrb	r3, [r3, #0]
10006354:	b25b      	sxtb	r3, r3
10006356:	2b00      	cmp	r3, #0
10006358:	db08      	blt.n	1000636c <data_stage_xact+0x34>
1000635a:	2100      	movs	r1, #0
1000635c:	42b7      	cmp	r7, r6
1000635e:	d013      	beq.n	10006388 <data_stage_xact+0x50>
10006360:	4a0c      	ldr	r2, [pc, #48]	@ (10006394 <data_stage_xact+0x5c>)
10006362:	0023      	movs	r3, r4
10006364:	0028      	movs	r0, r5
10006366:	f7ff fca9 	bl	10005cbc <usbd_edpt_xfer>
1000636a:	bdf8      	pop	{r3, r4, r5, r6, r7, pc}
1000636c:	42b7      	cmp	r7, r6
1000636e:	d009      	beq.n	10006384 <data_stage_xact+0x4c>
10006370:	4b07      	ldr	r3, [pc, #28]	@ (10006390 <data_stage_xact+0x58>)
10006372:	6899      	ldr	r1, [r3, #8]
10006374:	2c40      	cmp	r4, #64	@ 0x40
10006376:	d809      	bhi.n	1000638c <data_stage_xact+0x54>
10006378:	4806      	ldr	r0, [pc, #24]	@ (10006394 <data_stage_xact+0x5c>)
1000637a:	0022      	movs	r2, r4
1000637c:	f7fd f97c 	bl	10003678 <__wrap___aeabi_memcpy>
10006380:	2180      	movs	r1, #128	@ 0x80
10006382:	e7eb      	b.n	1000635c <data_stage_xact+0x24>
10006384:	2180      	movs	r1, #128	@ 0x80
10006386:	e7e9      	b.n	1000635c <data_stage_xact+0x24>
10006388:	2200      	movs	r2, #0
1000638a:	e7ea      	b.n	10006362 <data_stage_xact+0x2a>
1000638c:	2000      	movs	r0, #0
1000638e:	e7ec      	b.n	1000636a <data_stage_xact+0x32>
10006390:	200024a4 	.word	0x200024a4
10006394:	20002464 	.word	0x20002464

10006398 <tud_control_status>:
10006398:	b570      	push	{r4, r5, r6, lr}
1000639a:	0006      	movs	r6, r0
1000639c:	000d      	movs	r5, r1
1000639e:	4c07      	ldr	r4, [pc, #28]	@ (100063bc <tud_control_status+0x24>)
100063a0:	2208      	movs	r2, #8
100063a2:	0020      	movs	r0, r4
100063a4:	f7fd f968 	bl	10003678 <__wrap___aeabi_memcpy>
100063a8:	2300      	movs	r3, #0
100063aa:	60a3      	str	r3, [r4, #8]
100063ac:	81e3      	strh	r3, [r4, #14]
100063ae:	81a3      	strh	r3, [r4, #12]
100063b0:	0029      	movs	r1, r5
100063b2:	0030      	movs	r0, r6
100063b4:	f7ff ffb2 	bl	1000631c <status_stage_xact>
100063b8:	bd70      	pop	{r4, r5, r6, pc}
100063ba:	46c0      	nop			@ (mov r8, r8)
100063bc:	200024a4 	.word	0x200024a4

100063c0 <tud_control_xfer>:
100063c0:	b5f0      	push	{r4, r5, r6, r7, lr}
100063c2:	46c6      	mov	lr, r8
100063c4:	b500      	push	{lr}
100063c6:	4680      	mov	r8, r0
100063c8:	000c      	movs	r4, r1
100063ca:	0016      	movs	r6, r2
100063cc:	001d      	movs	r5, r3
100063ce:	4b1f      	ldr	r3, [pc, #124]	@ (1000644c <tud_control_xfer+0x8c>)
100063d0:	2208      	movs	r2, #8
100063d2:	001f      	movs	r7, r3
100063d4:	0018      	movs	r0, r3
100063d6:	f7fd f94f 	bl	10003678 <__wrap___aeabi_memcpy>
100063da:	60be      	str	r6, [r7, #8]
100063dc:	2300      	movs	r3, #0
100063de:	81fb      	strh	r3, [r7, #14]
100063e0:	79a3      	ldrb	r3, [r4, #6]
100063e2:	79e1      	ldrb	r1, [r4, #7]
100063e4:	0209      	lsls	r1, r1, #8
100063e6:	4319      	orrs	r1, r3
100063e8:	1c0b      	adds	r3, r1, #0
100063ea:	42a9      	cmp	r1, r5
100063ec:	d900      	bls.n	100063f0 <tud_control_xfer+0x30>
100063ee:	1c2b      	adds	r3, r5, #0
100063f0:	b299      	uxth	r1, r3
100063f2:	4a16      	ldr	r2, [pc, #88]	@ (1000644c <tud_control_xfer+0x8c>)
100063f4:	8193      	strh	r3, [r2, #12]
100063f6:	79a2      	ldrb	r2, [r4, #6]
100063f8:	79e3      	ldrb	r3, [r4, #7]
100063fa:	021b      	lsls	r3, r3, #8
100063fc:	4313      	orrs	r3, r2
100063fe:	d019      	beq.n	10006434 <tud_control_xfer+0x74>
10006400:	2900      	cmp	r1, #0
10006402:	d001      	beq.n	10006408 <tud_control_xfer+0x48>
10006404:	2e00      	cmp	r6, #0
10006406:	d008      	beq.n	1000641a <tud_control_xfer+0x5a>
10006408:	4640      	mov	r0, r8
1000640a:	f7ff ff95 	bl	10006338 <data_stage_xact>
1000640e:	1e04      	subs	r4, r0, #0
10006410:	d00a      	beq.n	10006428 <tud_control_xfer+0x68>
10006412:	0020      	movs	r0, r4
10006414:	bc80      	pop	{r7}
10006416:	46b8      	mov	r8, r7
10006418:	bdf0      	pop	{r4, r5, r6, r7, pc}
1000641a:	490d      	ldr	r1, [pc, #52]	@ (10006450 <tud_control_xfer+0x90>)
1000641c:	480d      	ldr	r0, [pc, #52]	@ (10006454 <tud_control_xfer+0x94>)
1000641e:	2272      	movs	r2, #114	@ 0x72
10006420:	f7fe fc02 	bl	10004c28 <__wrap_printf>
10006424:	2400      	movs	r4, #0
10006426:	e7f4      	b.n	10006412 <tud_control_xfer+0x52>
10006428:	4909      	ldr	r1, [pc, #36]	@ (10006450 <tud_control_xfer+0x90>)
1000642a:	480a      	ldr	r0, [pc, #40]	@ (10006454 <tud_control_xfer+0x94>)
1000642c:	2274      	movs	r2, #116	@ 0x74
1000642e:	f7fe fbfb 	bl	10004c28 <__wrap_printf>
10006432:	e7ee      	b.n	10006412 <tud_control_xfer+0x52>
10006434:	0021      	movs	r1, r4
10006436:	4640      	mov	r0, r8
10006438:	f7ff ff70 	bl	1000631c <status_stage_xact>
1000643c:	1e04      	subs	r4, r0, #0
1000643e:	d1e8      	bne.n	10006412 <tud_control_xfer+0x52>
10006440:	4903      	ldr	r1, [pc, #12]	@ (10006450 <tud_control_xfer+0x90>)
10006442:	4804      	ldr	r0, [pc, #16]	@ (10006454 <tud_control_xfer+0x94>)
10006444:	2276      	movs	r2, #118	@ 0x76
10006446:	f7fe fbef 	bl	10004c28 <__wrap_printf>
1000644a:	e7e2      	b.n	10006412 <tud_control_xfer+0x52>
1000644c:	200024a4 	.word	0x200024a4
10006450:	10009008 	.word	0x10009008
10006454:	100088a4 	.word	0x100088a4

10006458 <usbd_control_reset>:
10006458:	b510      	push	{r4, lr}
1000645a:	4803      	ldr	r0, [pc, #12]	@ (10006468 <usbd_control_reset+0x10>)
1000645c:	2214      	movs	r2, #20
1000645e:	2100      	movs	r1, #0
10006460:	f7fd f904 	bl	1000366c <__wrap_memset>
10006464:	bd10      	pop	{r4, pc}
10006466:	46c0      	nop			@ (mov r8, r8)
10006468:	200024a4 	.word	0x200024a4

1000646c <usbd_control_set_complete_callback>:
1000646c:	4b01      	ldr	r3, [pc, #4]	@ (10006474 <usbd_control_set_complete_callback+0x8>)
1000646e:	6118      	str	r0, [r3, #16]
10006470:	4770      	bx	lr
10006472:	46c0      	nop			@ (mov r8, r8)
10006474:	200024a4 	.word	0x200024a4

10006478 <usbd_control_set_request>:
10006478:	b510      	push	{r4, lr}
1000647a:	0001      	movs	r1, r0
1000647c:	4c04      	ldr	r4, [pc, #16]	@ (10006490 <usbd_control_set_request+0x18>)
1000647e:	2208      	movs	r2, #8
10006480:	0020      	movs	r0, r4
10006482:	f7fd f8f9 	bl	10003678 <__wrap___aeabi_memcpy>
10006486:	2300      	movs	r3, #0
10006488:	60a3      	str	r3, [r4, #8]
1000648a:	81e3      	strh	r3, [r4, #14]
1000648c:	81a3      	strh	r3, [r4, #12]
1000648e:	bd10      	pop	{r4, pc}
10006490:	200024a4 	.word	0x200024a4

10006494 <usbd_control_xfer_cb>:
10006494:	b570      	push	{r4, r5, r6, lr}
10006496:	0005      	movs	r5, r0
10006498:	001c      	movs	r4, r3
1000649a:	09c9      	lsrs	r1, r1, #7
1000649c:	4b31      	ldr	r3, [pc, #196]	@ (10006564 <usbd_control_xfer_cb+0xd0>)
1000649e:	781b      	ldrb	r3, [r3, #0]
100064a0:	09db      	lsrs	r3, r3, #7
100064a2:	428b      	cmp	r3, r1
100064a4:	d016      	beq.n	100064d4 <usbd_control_xfer_cb+0x40>
100064a6:	2c00      	cmp	r4, #0
100064a8:	d007      	beq.n	100064ba <usbd_control_xfer_cb+0x26>
100064aa:	492f      	ldr	r1, [pc, #188]	@ (10006568 <usbd_control_xfer_cb+0xd4>)
100064ac:	482f      	ldr	r0, [pc, #188]	@ (1000656c <usbd_control_xfer_cb+0xd8>)
100064ae:	229d      	movs	r2, #157	@ 0x9d
100064b0:	f7fe fbba 	bl	10004c28 <__wrap_printf>
100064b4:	2400      	movs	r4, #0
100064b6:	0020      	movs	r0, r4
100064b8:	bd70      	pop	{r4, r5, r6, pc}
100064ba:	4c2a      	ldr	r4, [pc, #168]	@ (10006564 <usbd_control_xfer_cb+0xd0>)
100064bc:	0021      	movs	r1, r4
100064be:	f7ff f84f 	bl	10005560 <dcd_edpt0_status_complete>
100064c2:	6923      	ldr	r3, [r4, #16]
100064c4:	2b00      	cmp	r3, #0
100064c6:	d003      	beq.n	100064d0 <usbd_control_xfer_cb+0x3c>
100064c8:	4a26      	ldr	r2, [pc, #152]	@ (10006564 <usbd_control_xfer_cb+0xd0>)
100064ca:	2103      	movs	r1, #3
100064cc:	0028      	movs	r0, r5
100064ce:	4798      	blx	r3
100064d0:	2401      	movs	r4, #1
100064d2:	e7f0      	b.n	100064b6 <usbd_control_xfer_cb+0x22>
100064d4:	4b23      	ldr	r3, [pc, #140]	@ (10006564 <usbd_control_xfer_cb+0xd0>)
100064d6:	781b      	ldrb	r3, [r3, #0]
100064d8:	b25b      	sxtb	r3, r3
100064da:	2b00      	cmp	r3, #0
100064dc:	db07      	blt.n	100064ee <usbd_control_xfer_cb+0x5a>
100064de:	4b21      	ldr	r3, [pc, #132]	@ (10006564 <usbd_control_xfer_cb+0xd0>)
100064e0:	6898      	ldr	r0, [r3, #8]
100064e2:	2800      	cmp	r0, #0
100064e4:	d03c      	beq.n	10006560 <usbd_control_xfer_cb+0xcc>
100064e6:	4922      	ldr	r1, [pc, #136]	@ (10006570 <usbd_control_xfer_cb+0xdc>)
100064e8:	0022      	movs	r2, r4
100064ea:	f7fd f8c5 	bl	10003678 <__wrap___aeabi_memcpy>
100064ee:	4a1d      	ldr	r2, [pc, #116]	@ (10006564 <usbd_control_xfer_cb+0xd0>)
100064f0:	89d3      	ldrh	r3, [r2, #14]
100064f2:	b2a1      	uxth	r1, r4
100064f4:	185b      	adds	r3, r3, r1
100064f6:	b29b      	uxth	r3, r3
100064f8:	81d3      	strh	r3, [r2, #14]
100064fa:	6891      	ldr	r1, [r2, #8]
100064fc:	1909      	adds	r1, r1, r4
100064fe:	6091      	str	r1, [r2, #8]
10006500:	88d2      	ldrh	r2, [r2, #6]
10006502:	4293      	cmp	r3, r2
10006504:	d001      	beq.n	1000650a <usbd_control_xfer_cb+0x76>
10006506:	2c3f      	cmp	r4, #63	@ 0x3f
10006508:	d81f      	bhi.n	1000654a <usbd_control_xfer_cb+0xb6>
1000650a:	4b16      	ldr	r3, [pc, #88]	@ (10006564 <usbd_control_xfer_cb+0xd0>)
1000650c:	691b      	ldr	r3, [r3, #16]
1000650e:	2b00      	cmp	r3, #0
10006510:	d005      	beq.n	1000651e <usbd_control_xfer_cb+0x8a>
10006512:	4a14      	ldr	r2, [pc, #80]	@ (10006564 <usbd_control_xfer_cb+0xd0>)
10006514:	2102      	movs	r1, #2
10006516:	0028      	movs	r0, r5
10006518:	4798      	blx	r3
1000651a:	2800      	cmp	r0, #0
1000651c:	d00b      	beq.n	10006536 <usbd_control_xfer_cb+0xa2>
1000651e:	4911      	ldr	r1, [pc, #68]	@ (10006564 <usbd_control_xfer_cb+0xd0>)
10006520:	0028      	movs	r0, r5
10006522:	f7ff fefb 	bl	1000631c <status_stage_xact>
10006526:	1e04      	subs	r4, r0, #0
10006528:	d1c5      	bne.n	100064b6 <usbd_control_xfer_cb+0x22>
1000652a:	490f      	ldr	r1, [pc, #60]	@ (10006568 <usbd_control_xfer_cb+0xd4>)
1000652c:	480f      	ldr	r0, [pc, #60]	@ (1000656c <usbd_control_xfer_cb+0xd8>)
1000652e:	22c5      	movs	r2, #197	@ 0xc5
10006530:	f7fe fb7a 	bl	10004c28 <__wrap_printf>
10006534:	e7bf      	b.n	100064b6 <usbd_control_xfer_cb+0x22>
10006536:	2100      	movs	r1, #0
10006538:	0028      	movs	r0, r5
1000653a:	f7ff f84f 	bl	100055dc <dcd_edpt_stall>
1000653e:	2180      	movs	r1, #128	@ 0x80
10006540:	0028      	movs	r0, r5
10006542:	f7ff f84b 	bl	100055dc <dcd_edpt_stall>
10006546:	2401      	movs	r4, #1
10006548:	e7b5      	b.n	100064b6 <usbd_control_xfer_cb+0x22>
1000654a:	0028      	movs	r0, r5
1000654c:	f7ff fef4 	bl	10006338 <data_stage_xact>
10006550:	1e04      	subs	r4, r0, #0
10006552:	d1b0      	bne.n	100064b6 <usbd_control_xfer_cb+0x22>
10006554:	4904      	ldr	r1, [pc, #16]	@ (10006568 <usbd_control_xfer_cb+0xd4>)
10006556:	4805      	ldr	r0, [pc, #20]	@ (1000656c <usbd_control_xfer_cb+0xd8>)
10006558:	22cd      	movs	r2, #205	@ 0xcd
1000655a:	f7fe fb65 	bl	10004c28 <__wrap_printf>
1000655e:	e7aa      	b.n	100064b6 <usbd_control_xfer_cb+0x22>
10006560:	2400      	movs	r4, #0
10006562:	e7a8      	b.n	100064b6 <usbd_control_xfer_cb+0x22>
10006564:	200024a4 	.word	0x200024a4
10006568:	10008ff0 	.word	0x10008ff0
1000656c:	100088a4 	.word	0x100088a4
10006570:	20002464 	.word	0x20002464

10006574 <_prep_out_transaction>:
10006574:	b570      	push	{r4, r5, r6, lr}
10006576:	0005      	movs	r5, r0
10006578:	f7ff fa6a 	bl	10005a50 <tud_mounted>
1000657c:	2800      	cmp	r0, #0
1000657e:	d102      	bne.n	10006586 <_prep_out_transaction+0x12>
10006580:	2400      	movs	r4, #0
10006582:	0020      	movs	r0, r4
10006584:	bd70      	pop	{r4, r5, r6, pc}
10006586:	f7ff fa6b 	bl	10005a60 <tud_suspended>
1000658a:	1e04      	subs	r4, r0, #0
1000658c:	d1f8      	bne.n	10006580 <_prep_out_transaction+0xc>
1000658e:	4b1c      	ldr	r3, [pc, #112]	@ (10006600 <_prep_out_transaction+0x8c>)
10006590:	22c8      	movs	r2, #200	@ 0xc8
10006592:	436a      	muls	r2, r5
10006594:	189b      	adds	r3, r3, r2
10006596:	78db      	ldrb	r3, [r3, #3]
10006598:	2b00      	cmp	r3, #0
1000659a:	d0f1      	beq.n	10006580 <_prep_out_transaction+0xc>
1000659c:	26c8      	movs	r6, #200	@ 0xc8
1000659e:	436e      	muls	r6, r5
100065a0:	3610      	adds	r6, #16
100065a2:	4b17      	ldr	r3, [pc, #92]	@ (10006600 <_prep_out_transaction+0x8c>)
100065a4:	18f6      	adds	r6, r6, r3
100065a6:	0030      	movs	r0, r6
100065a8:	f001 f930 	bl	1000780c <tu_fifo_remaining>
100065ac:	283f      	cmp	r0, #63	@ 0x3f
100065ae:	d9e8      	bls.n	10006582 <_prep_out_transaction+0xe>
100065b0:	4b13      	ldr	r3, [pc, #76]	@ (10006600 <_prep_out_transaction+0x8c>)
100065b2:	22c8      	movs	r2, #200	@ 0xc8
100065b4:	436a      	muls	r2, r5
100065b6:	189b      	adds	r3, r3, r2
100065b8:	78d9      	ldrb	r1, [r3, #3]
100065ba:	2000      	movs	r0, #0
100065bc:	f7ff fb56 	bl	10005c6c <usbd_edpt_claim>
100065c0:	2800      	cmp	r0, #0
100065c2:	d101      	bne.n	100065c8 <_prep_out_transaction+0x54>
100065c4:	0004      	movs	r4, r0
100065c6:	e7dc      	b.n	10006582 <_prep_out_transaction+0xe>
100065c8:	0030      	movs	r0, r6
100065ca:	f001 f91f 	bl	1000780c <tu_fifo_remaining>
100065ce:	283f      	cmp	r0, #63	@ 0x3f
100065d0:	d90d      	bls.n	100065ee <_prep_out_transaction+0x7a>
100065d2:	01ea      	lsls	r2, r5, #7
100065d4:	4b0b      	ldr	r3, [pc, #44]	@ (10006604 <_prep_out_transaction+0x90>)
100065d6:	18d2      	adds	r2, r2, r3
100065d8:	4b09      	ldr	r3, [pc, #36]	@ (10006600 <_prep_out_transaction+0x8c>)
100065da:	21c8      	movs	r1, #200	@ 0xc8
100065dc:	4369      	muls	r1, r5
100065de:	185b      	adds	r3, r3, r1
100065e0:	78d9      	ldrb	r1, [r3, #3]
100065e2:	2340      	movs	r3, #64	@ 0x40
100065e4:	2000      	movs	r0, #0
100065e6:	f7ff fb69 	bl	10005cbc <usbd_edpt_xfer>
100065ea:	0004      	movs	r4, r0
100065ec:	e7c9      	b.n	10006582 <_prep_out_transaction+0xe>
100065ee:	4b04      	ldr	r3, [pc, #16]	@ (10006600 <_prep_out_transaction+0x8c>)
100065f0:	22c8      	movs	r2, #200	@ 0xc8
100065f2:	436a      	muls	r2, r5
100065f4:	189b      	adds	r3, r3, r2
100065f6:	78d9      	ldrb	r1, [r3, #3]
100065f8:	2000      	movs	r0, #0
100065fa:	f7ff fb4b 	bl	10005c94 <usbd_edpt_release>
100065fe:	e7c0      	b.n	10006582 <_prep_out_transaction+0xe>
10006600:	2000239c 	.word	0x2000239c
10006604:	20002318 	.word	0x20002318

10006608 <tud_cdc_n_connected>:
10006608:	b510      	push	{r4, lr}
1000660a:	0004      	movs	r4, r0
1000660c:	f7ff fa20 	bl	10005a50 <tud_mounted>
10006610:	2800      	cmp	r0, #0
10006612:	d101      	bne.n	10006618 <tud_cdc_n_connected+0x10>
10006614:	2000      	movs	r0, #0
10006616:	bd10      	pop	{r4, pc}
10006618:	f7ff fa22 	bl	10005a60 <tud_suspended>
1000661c:	2800      	cmp	r0, #0
1000661e:	d108      	bne.n	10006632 <tud_cdc_n_connected+0x2a>
10006620:	4b06      	ldr	r3, [pc, #24]	@ (1000663c <tud_cdc_n_connected+0x34>)
10006622:	22c8      	movs	r2, #200	@ 0xc8
10006624:	4362      	muls	r2, r4
10006626:	189b      	adds	r3, r3, r2
10006628:	791b      	ldrb	r3, [r3, #4]
1000662a:	07db      	lsls	r3, r3, #31
1000662c:	d503      	bpl.n	10006636 <tud_cdc_n_connected+0x2e>
1000662e:	3001      	adds	r0, #1
10006630:	e7f1      	b.n	10006616 <tud_cdc_n_connected+0xe>
10006632:	2000      	movs	r0, #0
10006634:	e7ef      	b.n	10006616 <tud_cdc_n_connected+0xe>
10006636:	2000      	movs	r0, #0
10006638:	e7ed      	b.n	10006616 <tud_cdc_n_connected+0xe>
1000663a:	46c0      	nop			@ (mov r8, r8)
1000663c:	2000239c 	.word	0x2000239c

10006640 <tud_cdc_n_available>:
10006640:	b510      	push	{r4, lr}
10006642:	23c8      	movs	r3, #200	@ 0xc8
10006644:	4343      	muls	r3, r0
10006646:	3310      	adds	r3, #16
10006648:	4802      	ldr	r0, [pc, #8]	@ (10006654 <tud_cdc_n_available+0x14>)
1000664a:	1818      	adds	r0, r3, r0
1000664c:	f001 f8ac 	bl	100077a8 <tu_fifo_count>
10006650:	bd10      	pop	{r4, pc}
10006652:	46c0      	nop			@ (mov r8, r8)
10006654:	2000239c 	.word	0x2000239c

10006658 <tud_cdc_n_read>:
10006658:	b570      	push	{r4, r5, r6, lr}
1000665a:	0004      	movs	r4, r0
1000665c:	20c8      	movs	r0, #200	@ 0xc8
1000665e:	4360      	muls	r0, r4
10006660:	0003      	movs	r3, r0
10006662:	3310      	adds	r3, #16
10006664:	4807      	ldr	r0, [pc, #28]	@ (10006684 <tud_cdc_n_read+0x2c>)
10006666:	1818      	adds	r0, r3, r0
10006668:	4b07      	ldr	r3, [pc, #28]	@ (10006688 <tud_cdc_n_read+0x30>)
1000666a:	429a      	cmp	r2, r3
1000666c:	d808      	bhi.n	10006680 <tud_cdc_n_read+0x28>
1000666e:	b292      	uxth	r2, r2
10006670:	f001 f904 	bl	1000787c <tu_fifo_read_n>
10006674:	0005      	movs	r5, r0
10006676:	0020      	movs	r0, r4
10006678:	f7ff ff7c 	bl	10006574 <_prep_out_transaction>
1000667c:	0028      	movs	r0, r5
1000667e:	bd70      	pop	{r4, r5, r6, pc}
10006680:	4a02      	ldr	r2, [pc, #8]	@ (1000668c <tud_cdc_n_read+0x34>)
10006682:	e7f5      	b.n	10006670 <tud_cdc_n_read+0x18>
10006684:	2000239c 	.word	0x2000239c
10006688:	0000fffe 	.word	0x0000fffe
1000668c:	0000ffff 	.word	0x0000ffff

10006690 <tud_cdc_n_write_flush>:
10006690:	b570      	push	{r4, r5, r6, lr}
10006692:	0005      	movs	r5, r0
10006694:	f7ff f9dc 	bl	10005a50 <tud_mounted>
10006698:	2800      	cmp	r0, #0
1000669a:	d101      	bne.n	100066a0 <tud_cdc_n_write_flush+0x10>
1000669c:	2000      	movs	r0, #0
1000669e:	bd70      	pop	{r4, r5, r6, pc}
100066a0:	f7ff f9de 	bl	10005a60 <tud_suspended>
100066a4:	2800      	cmp	r0, #0
100066a6:	d1f9      	bne.n	1000669c <tud_cdc_n_write_flush+0xc>
100066a8:	24c8      	movs	r4, #200	@ 0xc8
100066aa:	436c      	muls	r4, r5
100066ac:	3420      	adds	r4, #32
100066ae:	4b20      	ldr	r3, [pc, #128]	@ (10006730 <tud_cdc_n_write_flush+0xa0>)
100066b0:	18e4      	adds	r4, r4, r3
100066b2:	3404      	adds	r4, #4
100066b4:	0020      	movs	r0, r4
100066b6:	f001 f877 	bl	100077a8 <tu_fifo_count>
100066ba:	2800      	cmp	r0, #0
100066bc:	d101      	bne.n	100066c2 <tud_cdc_n_write_flush+0x32>
100066be:	2000      	movs	r0, #0
100066c0:	e7ed      	b.n	1000669e <tud_cdc_n_write_flush+0xe>
100066c2:	4b1b      	ldr	r3, [pc, #108]	@ (10006730 <tud_cdc_n_write_flush+0xa0>)
100066c4:	22c8      	movs	r2, #200	@ 0xc8
100066c6:	436a      	muls	r2, r5
100066c8:	189b      	adds	r3, r3, r2
100066ca:	7899      	ldrb	r1, [r3, #2]
100066cc:	2000      	movs	r0, #0
100066ce:	f7ff facd 	bl	10005c6c <usbd_edpt_claim>
100066d2:	2800      	cmp	r0, #0
100066d4:	d101      	bne.n	100066da <tud_cdc_n_write_flush+0x4a>
100066d6:	2000      	movs	r0, #0
100066d8:	e7e1      	b.n	1000669e <tud_cdc_n_write_flush+0xe>
100066da:	01ee      	lsls	r6, r5, #7
100066dc:	3640      	adds	r6, #64	@ 0x40
100066de:	4b15      	ldr	r3, [pc, #84]	@ (10006734 <tud_cdc_n_write_flush+0xa4>)
100066e0:	18f6      	adds	r6, r6, r3
100066e2:	2240      	movs	r2, #64	@ 0x40
100066e4:	0031      	movs	r1, r6
100066e6:	0020      	movs	r0, r4
100066e8:	f001 f8c8 	bl	1000787c <tu_fifo_read_n>
100066ec:	1e04      	subs	r4, r0, #0
100066ee:	d014      	beq.n	1000671a <tud_cdc_n_write_flush+0x8a>
100066f0:	4b0f      	ldr	r3, [pc, #60]	@ (10006730 <tud_cdc_n_write_flush+0xa0>)
100066f2:	22c8      	movs	r2, #200	@ 0xc8
100066f4:	436a      	muls	r2, r5
100066f6:	189b      	adds	r3, r3, r2
100066f8:	7899      	ldrb	r1, [r3, #2]
100066fa:	0003      	movs	r3, r0
100066fc:	0032      	movs	r2, r6
100066fe:	2000      	movs	r0, #0
10006700:	f7ff fadc 	bl	10005cbc <usbd_edpt_xfer>
10006704:	2800      	cmp	r0, #0
10006706:	d001      	beq.n	1000670c <tud_cdc_n_write_flush+0x7c>
10006708:	0020      	movs	r0, r4
1000670a:	e7c8      	b.n	1000669e <tud_cdc_n_write_flush+0xe>
1000670c:	490a      	ldr	r1, [pc, #40]	@ (10006738 <tud_cdc_n_write_flush+0xa8>)
1000670e:	480b      	ldr	r0, [pc, #44]	@ (1000673c <tud_cdc_n_write_flush+0xac>)
10006710:	22d5      	movs	r2, #213	@ 0xd5
10006712:	f7fe fa89 	bl	10004c28 <__wrap_printf>
10006716:	2000      	movs	r0, #0
10006718:	e7c1      	b.n	1000669e <tud_cdc_n_write_flush+0xe>
1000671a:	4b05      	ldr	r3, [pc, #20]	@ (10006730 <tud_cdc_n_write_flush+0xa0>)
1000671c:	22c8      	movs	r2, #200	@ 0xc8
1000671e:	436a      	muls	r2, r5
10006720:	189b      	adds	r3, r3, r2
10006722:	7899      	ldrb	r1, [r3, #2]
10006724:	2000      	movs	r0, #0
10006726:	f7ff fab5 	bl	10005c94 <usbd_edpt_release>
1000672a:	2000      	movs	r0, #0
1000672c:	e7b7      	b.n	1000669e <tud_cdc_n_write_flush+0xe>
1000672e:	46c0      	nop			@ (mov r8, r8)
10006730:	2000239c 	.word	0x2000239c
10006734:	20002318 	.word	0x20002318
10006738:	10009038 	.word	0x10009038
1000673c:	100088a4 	.word	0x100088a4

10006740 <tud_cdc_n_write>:
10006740:	b570      	push	{r4, r5, r6, lr}
10006742:	0005      	movs	r5, r0
10006744:	24c8      	movs	r4, #200	@ 0xc8
10006746:	4344      	muls	r4, r0
10006748:	3420      	adds	r4, #32
1000674a:	4b0c      	ldr	r3, [pc, #48]	@ (1000677c <tud_cdc_n_write+0x3c>)
1000674c:	18e4      	adds	r4, r4, r3
1000674e:	3404      	adds	r4, #4
10006750:	4b0b      	ldr	r3, [pc, #44]	@ (10006780 <tud_cdc_n_write+0x40>)
10006752:	429a      	cmp	r2, r3
10006754:	d80b      	bhi.n	1000676e <tud_cdc_n_write+0x2e>
10006756:	b292      	uxth	r2, r2
10006758:	0020      	movs	r0, r4
1000675a:	f001 f8c6 	bl	100078ea <tu_fifo_write_n>
1000675e:	0006      	movs	r6, r0
10006760:	0020      	movs	r0, r4
10006762:	f001 f821 	bl	100077a8 <tu_fifo_count>
10006766:	283f      	cmp	r0, #63	@ 0x3f
10006768:	d803      	bhi.n	10006772 <tud_cdc_n_write+0x32>
1000676a:	0030      	movs	r0, r6
1000676c:	bd70      	pop	{r4, r5, r6, pc}
1000676e:	4a05      	ldr	r2, [pc, #20]	@ (10006784 <tud_cdc_n_write+0x44>)
10006770:	e7f2      	b.n	10006758 <tud_cdc_n_write+0x18>
10006772:	0028      	movs	r0, r5
10006774:	f7ff ff8c 	bl	10006690 <tud_cdc_n_write_flush>
10006778:	e7f7      	b.n	1000676a <tud_cdc_n_write+0x2a>
1000677a:	46c0      	nop			@ (mov r8, r8)
1000677c:	2000239c 	.word	0x2000239c
10006780:	0000fffe 	.word	0x0000fffe
10006784:	0000ffff 	.word	0x0000ffff

10006788 <tud_cdc_n_write_available>:
10006788:	b510      	push	{r4, lr}
1000678a:	23c8      	movs	r3, #200	@ 0xc8
1000678c:	4358      	muls	r0, r3
1000678e:	3020      	adds	r0, #32
10006790:	4b02      	ldr	r3, [pc, #8]	@ (1000679c <tud_cdc_n_write_available+0x14>)
10006792:	18c0      	adds	r0, r0, r3
10006794:	3004      	adds	r0, #4
10006796:	f001 f839 	bl	1000780c <tu_fifo_remaining>
1000679a:	bd10      	pop	{r4, pc}
1000679c:	2000239c 	.word	0x2000239c

100067a0 <cdcd_init>:
100067a0:	b5f0      	push	{r4, r5, r6, r7, lr}
100067a2:	46ce      	mov	lr, r9
100067a4:	4647      	mov	r7, r8
100067a6:	b580      	push	{r7, lr}
100067a8:	b083      	sub	sp, #12
100067aa:	4826      	ldr	r0, [pc, #152]	@ (10006844 <cdcd_init+0xa4>)
100067ac:	22c8      	movs	r2, #200	@ 0xc8
100067ae:	2100      	movs	r1, #0
100067b0:	f7fc ff5c 	bl	1000366c <__wrap_memset>
100067b4:	4b24      	ldr	r3, [pc, #144]	@ (10006848 <cdcd_init+0xa8>)
100067b6:	2200      	movs	r2, #0
100067b8:	701a      	strb	r2, [r3, #0]
100067ba:	2700      	movs	r7, #0
100067bc:	2f00      	cmp	r7, #0
100067be:	d004      	beq.n	100067ca <cdcd_init+0x2a>
100067c0:	b003      	add	sp, #12
100067c2:	bcc0      	pop	{r6, r7}
100067c4:	46b9      	mov	r9, r7
100067c6:	46b0      	mov	r8, r6
100067c8:	bdf0      	pop	{r4, r5, r6, r7, pc}
100067ca:	4e1e      	ldr	r6, [pc, #120]	@ (10006844 <cdcd_init+0xa4>)
100067cc:	24c8      	movs	r4, #200	@ 0xc8
100067ce:	437c      	muls	r4, r7
100067d0:	1935      	adds	r5, r6, r4
100067d2:	23ff      	movs	r3, #255	@ 0xff
100067d4:	716b      	strb	r3, [r5, #5]
100067d6:	23e1      	movs	r3, #225	@ 0xe1
100067d8:	025b      	lsls	r3, r3, #9
100067da:	60ab      	str	r3, [r5, #8]
100067dc:	2300      	movs	r3, #0
100067de:	4698      	mov	r8, r3
100067e0:	732b      	strb	r3, [r5, #12]
100067e2:	736b      	strb	r3, [r5, #13]
100067e4:	3308      	adds	r3, #8
100067e6:	73ab      	strb	r3, [r5, #14]
100067e8:	0021      	movs	r1, r4
100067ea:	3138      	adds	r1, #56	@ 0x38
100067ec:	1989      	adds	r1, r1, r6
100067ee:	0020      	movs	r0, r4
100067f0:	3010      	adds	r0, #16
100067f2:	1980      	adds	r0, r0, r6
100067f4:	4643      	mov	r3, r8
100067f6:	9300      	str	r3, [sp, #0]
100067f8:	3301      	adds	r3, #1
100067fa:	2240      	movs	r2, #64	@ 0x40
100067fc:	f000 ff96 	bl	1000772c <tu_fifo_config>
10006800:	0021      	movs	r1, r4
10006802:	3178      	adds	r1, #120	@ 0x78
10006804:	1989      	adds	r1, r1, r6
10006806:	0020      	movs	r0, r4
10006808:	3020      	adds	r0, #32
1000680a:	1980      	adds	r0, r0, r6
1000680c:	3004      	adds	r0, #4
1000680e:	2301      	movs	r3, #1
10006810:	9300      	str	r3, [sp, #0]
10006812:	2240      	movs	r2, #64	@ 0x40
10006814:	f000 ff8a 	bl	1000772c <tu_fifo_config>
10006818:	0023      	movs	r3, r4
1000681a:	33b8      	adds	r3, #184	@ 0xb8
1000681c:	4699      	mov	r9, r3
1000681e:	44b1      	add	r9, r6
10006820:	4648      	mov	r0, r9
10006822:	f7fa ffdf 	bl	100017e4 <mutex_init>
10006826:	34c0      	adds	r4, #192	@ 0xc0
10006828:	19a4      	adds	r4, r4, r6
1000682a:	0020      	movs	r0, r4
1000682c:	f7fa ffda 	bl	100017e4 <mutex_init>
10006830:	4643      	mov	r3, r8
10006832:	61eb      	str	r3, [r5, #28]
10006834:	464b      	mov	r3, r9
10006836:	622b      	str	r3, [r5, #32]
10006838:	632c      	str	r4, [r5, #48]	@ 0x30
1000683a:	4643      	mov	r3, r8
1000683c:	636b      	str	r3, [r5, #52]	@ 0x34
1000683e:	3701      	adds	r7, #1
10006840:	b2ff      	uxtb	r7, r7
10006842:	e7bb      	b.n	100067bc <cdcd_init+0x1c>
10006844:	2000239c 	.word	0x2000239c
10006848:	20002398 	.word	0x20002398

1000684c <cdcd_deinit>:
1000684c:	b510      	push	{r4, lr}
1000684e:	2300      	movs	r3, #0
10006850:	2b00      	cmp	r3, #0
10006852:	d001      	beq.n	10006858 <cdcd_deinit+0xc>
10006854:	2001      	movs	r0, #1
10006856:	bd10      	pop	{r4, pc}
10006858:	0019      	movs	r1, r3
1000685a:	4a0d      	ldr	r2, [pc, #52]	@ (10006890 <cdcd_deinit+0x44>)
1000685c:	20c8      	movs	r0, #200	@ 0xc8
1000685e:	4358      	muls	r0, r3
10006860:	1812      	adds	r2, r2, r0
10006862:	6a10      	ldr	r0, [r2, #32]
10006864:	6b14      	ldr	r4, [r2, #48]	@ 0x30
10006866:	2800      	cmp	r0, #0
10006868:	d006      	beq.n	10006878 <cdcd_deinit+0x2c>
1000686a:	4a09      	ldr	r2, [pc, #36]	@ (10006890 <cdcd_deinit+0x44>)
1000686c:	20c8      	movs	r0, #200	@ 0xc8
1000686e:	4358      	muls	r0, r3
10006870:	1812      	adds	r2, r2, r0
10006872:	2000      	movs	r0, #0
10006874:	61d0      	str	r0, [r2, #28]
10006876:	6210      	str	r0, [r2, #32]
10006878:	2c00      	cmp	r4, #0
1000687a:	d006      	beq.n	1000688a <cdcd_deinit+0x3e>
1000687c:	4a04      	ldr	r2, [pc, #16]	@ (10006890 <cdcd_deinit+0x44>)
1000687e:	20c8      	movs	r0, #200	@ 0xc8
10006880:	4341      	muls	r1, r0
10006882:	1852      	adds	r2, r2, r1
10006884:	2100      	movs	r1, #0
10006886:	6311      	str	r1, [r2, #48]	@ 0x30
10006888:	6351      	str	r1, [r2, #52]	@ 0x34
1000688a:	3301      	adds	r3, #1
1000688c:	b2db      	uxtb	r3, r3
1000688e:	e7df      	b.n	10006850 <cdcd_deinit+0x4>
10006890:	2000239c 	.word	0x2000239c

10006894 <cdcd_reset>:
10006894:	b570      	push	{r4, r5, r6, lr}
10006896:	2400      	movs	r4, #0
10006898:	2c00      	cmp	r4, #0
1000689a:	d000      	beq.n	1000689e <cdcd_reset+0xa>
1000689c:	bd70      	pop	{r4, r5, r6, pc}
1000689e:	0025      	movs	r5, r4
100068a0:	20c8      	movs	r0, #200	@ 0xc8
100068a2:	4360      	muls	r0, r4
100068a4:	4b15      	ldr	r3, [pc, #84]	@ (100068fc <cdcd_reset+0x68>)
100068a6:	18c0      	adds	r0, r0, r3
100068a8:	2205      	movs	r2, #5
100068aa:	2100      	movs	r1, #0
100068ac:	f7fc fede 	bl	1000366c <__wrap_memset>
100068b0:	4b13      	ldr	r3, [pc, #76]	@ (10006900 <cdcd_reset+0x6c>)
100068b2:	781b      	ldrb	r3, [r3, #0]
100068b4:	07db      	lsls	r3, r3, #31
100068b6:	d50f      	bpl.n	100068d8 <cdcd_reset+0x44>
100068b8:	4b11      	ldr	r3, [pc, #68]	@ (10006900 <cdcd_reset+0x6c>)
100068ba:	781b      	ldrb	r3, [r3, #0]
100068bc:	079b      	lsls	r3, r3, #30
100068be:	d513      	bpl.n	100068e8 <cdcd_reset+0x54>
100068c0:	20c8      	movs	r0, #200	@ 0xc8
100068c2:	4368      	muls	r0, r5
100068c4:	3020      	adds	r0, #32
100068c6:	4b0d      	ldr	r3, [pc, #52]	@ (100068fc <cdcd_reset+0x68>)
100068c8:	18c0      	adds	r0, r0, r3
100068ca:	3004      	adds	r0, #4
100068cc:	2101      	movs	r1, #1
100068ce:	f001 f830 	bl	10007932 <tu_fifo_set_overwritable>
100068d2:	3401      	adds	r4, #1
100068d4:	b2e4      	uxtb	r4, r4
100068d6:	e7df      	b.n	10006898 <cdcd_reset+0x4>
100068d8:	20c8      	movs	r0, #200	@ 0xc8
100068da:	4360      	muls	r0, r4
100068dc:	3010      	adds	r0, #16
100068de:	4b07      	ldr	r3, [pc, #28]	@ (100068fc <cdcd_reset+0x68>)
100068e0:	18c0      	adds	r0, r0, r3
100068e2:	f001 f807 	bl	100078f4 <tu_fifo_clear>
100068e6:	e7e7      	b.n	100068b8 <cdcd_reset+0x24>
100068e8:	20c8      	movs	r0, #200	@ 0xc8
100068ea:	4368      	muls	r0, r5
100068ec:	3020      	adds	r0, #32
100068ee:	4b03      	ldr	r3, [pc, #12]	@ (100068fc <cdcd_reset+0x68>)
100068f0:	18c0      	adds	r0, r0, r3
100068f2:	3004      	adds	r0, #4
100068f4:	f000 fffe 	bl	100078f4 <tu_fifo_clear>
100068f8:	e7e2      	b.n	100068c0 <cdcd_reset+0x2c>
100068fa:	46c0      	nop			@ (mov r8, r8)
100068fc:	2000239c 	.word	0x2000239c
10006900:	20002398 	.word	0x20002398

10006904 <cdcd_open>:
10006904:	b5f0      	push	{r4, r5, r6, r7, lr}
10006906:	b085      	sub	sp, #20
10006908:	9003      	str	r0, [sp, #12]
1000690a:	794b      	ldrb	r3, [r1, #5]
1000690c:	2b02      	cmp	r3, #2
1000690e:	d163      	bne.n	100069d8 <cdcd_open+0xd4>
10006910:	798b      	ldrb	r3, [r1, #6]
10006912:	2b02      	cmp	r3, #2
10006914:	d164      	bne.n	100069e0 <cdcd_open+0xdc>
10006916:	2700      	movs	r7, #0
10006918:	2f00      	cmp	r7, #0
1000691a:	d007      	beq.n	1000692c <cdcd_open+0x28>
1000691c:	2f00      	cmp	r7, #0
1000691e:	d10f      	bne.n	10006940 <cdcd_open+0x3c>
10006920:	788b      	ldrb	r3, [r1, #2]
10006922:	7033      	strb	r3, [r6, #0]
10006924:	780c      	ldrb	r4, [r1, #0]
10006926:	190c      	adds	r4, r1, r4
10006928:	2509      	movs	r5, #9
1000692a:	e015      	b.n	10006958 <cdcd_open+0x54>
1000692c:	23c8      	movs	r3, #200	@ 0xc8
1000692e:	437b      	muls	r3, r7
10006930:	4e2c      	ldr	r6, [pc, #176]	@ (100069e4 <cdcd_open+0xe0>)
10006932:	199e      	adds	r6, r3, r6
10006934:	78b3      	ldrb	r3, [r6, #2]
10006936:	2b00      	cmp	r3, #0
10006938:	d0f0      	beq.n	1000691c <cdcd_open+0x18>
1000693a:	3701      	adds	r7, #1
1000693c:	b2ff      	uxtb	r7, r7
1000693e:	e7eb      	b.n	10006918 <cdcd_open+0x14>
10006940:	2242      	movs	r2, #66	@ 0x42
10006942:	4929      	ldr	r1, [pc, #164]	@ (100069e8 <cdcd_open+0xe4>)
10006944:	4829      	ldr	r0, [pc, #164]	@ (100069ec <cdcd_open+0xe8>)
10006946:	32ff      	adds	r2, #255	@ 0xff
10006948:	f7fe f96e 	bl	10004c28 <__wrap_printf>
1000694c:	2500      	movs	r5, #0
1000694e:	e044      	b.n	100069da <cdcd_open+0xd6>
10006950:	7823      	ldrb	r3, [r4, #0]
10006952:	195d      	adds	r5, r3, r5
10006954:	b2ad      	uxth	r5, r5
10006956:	18e4      	adds	r4, r4, r3
10006958:	7863      	ldrb	r3, [r4, #1]
1000695a:	2b24      	cmp	r3, #36	@ 0x24
1000695c:	d101      	bne.n	10006962 <cdcd_open+0x5e>
1000695e:	4295      	cmp	r5, r2
10006960:	d9f6      	bls.n	10006950 <cdcd_open+0x4c>
10006962:	2b05      	cmp	r3, #5
10006964:	d009      	beq.n	1000697a <cdcd_open+0x76>
10006966:	7863      	ldrb	r3, [r4, #1]
10006968:	2b04      	cmp	r3, #4
1000696a:	d102      	bne.n	10006972 <cdcd_open+0x6e>
1000696c:	7963      	ldrb	r3, [r4, #5]
1000696e:	2b0a      	cmp	r3, #10
10006970:	d018      	beq.n	100069a4 <cdcd_open+0xa0>
10006972:	0038      	movs	r0, r7
10006974:	f7ff fdfe 	bl	10006574 <_prep_out_transaction>
10006978:	e02f      	b.n	100069da <cdcd_open+0xd6>
1000697a:	0021      	movs	r1, r4
1000697c:	9803      	ldr	r0, [sp, #12]
1000697e:	f7ff f901 	bl	10005b84 <usbd_edpt_open>
10006982:	2800      	cmp	r0, #0
10006984:	d006      	beq.n	10006994 <cdcd_open+0x90>
10006986:	78a3      	ldrb	r3, [r4, #2]
10006988:	7073      	strb	r3, [r6, #1]
1000698a:	7823      	ldrb	r3, [r4, #0]
1000698c:	195d      	adds	r5, r3, r5
1000698e:	b2ad      	uxth	r5, r5
10006990:	18e4      	adds	r4, r4, r3
10006992:	e7e8      	b.n	10006966 <cdcd_open+0x62>
10006994:	2254      	movs	r2, #84	@ 0x54
10006996:	4914      	ldr	r1, [pc, #80]	@ (100069e8 <cdcd_open+0xe4>)
10006998:	4814      	ldr	r0, [pc, #80]	@ (100069ec <cdcd_open+0xe8>)
1000699a:	32ff      	adds	r2, #255	@ 0xff
1000699c:	f7fe f944 	bl	10004c28 <__wrap_printf>
100069a0:	2500      	movs	r5, #0
100069a2:	e01a      	b.n	100069da <cdcd_open+0xd6>
100069a4:	7821      	ldrb	r1, [r4, #0]
100069a6:	194d      	adds	r5, r1, r5
100069a8:	b2ad      	uxth	r5, r5
100069aa:	1861      	adds	r1, r4, r1
100069ac:	1cb3      	adds	r3, r6, #2
100069ae:	9301      	str	r3, [sp, #4]
100069b0:	1cf3      	adds	r3, r6, #3
100069b2:	9300      	str	r3, [sp, #0]
100069b4:	2302      	movs	r3, #2
100069b6:	2202      	movs	r2, #2
100069b8:	9803      	ldr	r0, [sp, #12]
100069ba:	f7ff f913 	bl	10005be4 <usbd_open_edpt_pair>
100069be:	2800      	cmp	r0, #0
100069c0:	d002      	beq.n	100069c8 <cdcd_open+0xc4>
100069c2:	350e      	adds	r5, #14
100069c4:	b2ad      	uxth	r5, r5
100069c6:	e7d4      	b.n	10006972 <cdcd_open+0x6e>
100069c8:	22b1      	movs	r2, #177	@ 0xb1
100069ca:	4907      	ldr	r1, [pc, #28]	@ (100069e8 <cdcd_open+0xe4>)
100069cc:	4807      	ldr	r0, [pc, #28]	@ (100069ec <cdcd_open+0xe8>)
100069ce:	0052      	lsls	r2, r2, #1
100069d0:	f7fe f92a 	bl	10004c28 <__wrap_printf>
100069d4:	2500      	movs	r5, #0
100069d6:	e000      	b.n	100069da <cdcd_open+0xd6>
100069d8:	2500      	movs	r5, #0
100069da:	0028      	movs	r0, r5
100069dc:	b005      	add	sp, #20
100069de:	bdf0      	pop	{r4, r5, r6, r7, pc}
100069e0:	2500      	movs	r5, #0
100069e2:	e7fa      	b.n	100069da <cdcd_open+0xd6>
100069e4:	2000239c 	.word	0x2000239c
100069e8:	1000902c 	.word	0x1000902c
100069ec:	100088a4 	.word	0x100088a4

100069f0 <cdcd_control_xfer_cb>:
100069f0:	b5f8      	push	{r3, r4, r5, r6, r7, lr}
100069f2:	0014      	movs	r4, r2
100069f4:	7812      	ldrb	r2, [r2, #0]
100069f6:	2360      	movs	r3, #96	@ 0x60
100069f8:	4013      	ands	r3, r2
100069fa:	2b20      	cmp	r3, #32
100069fc:	d000      	beq.n	10006a00 <cdcd_control_xfer_cb+0x10>
100069fe:	e082      	b.n	10006b06 <cdcd_control_xfer_cb+0x116>
10006a00:	2500      	movs	r5, #0
10006a02:	2d00      	cmp	r5, #0
10006a04:	d00e      	beq.n	10006a24 <cdcd_control_xfer_cb+0x34>
10006a06:	2d00      	cmp	r5, #0
10006a08:	d000      	beq.n	10006a0c <cdcd_control_xfer_cb+0x1c>
10006a0a:	e07e      	b.n	10006b0a <cdcd_control_xfer_cb+0x11a>
10006a0c:	7863      	ldrb	r3, [r4, #1]
10006a0e:	2b22      	cmp	r3, #34	@ 0x22
10006a10:	d042      	beq.n	10006a98 <cdcd_control_xfer_cb+0xa8>
10006a12:	d817      	bhi.n	10006a44 <cdcd_control_xfer_cb+0x54>
10006a14:	2b20      	cmp	r3, #32
10006a16:	d01f      	beq.n	10006a58 <cdcd_control_xfer_cb+0x68>
10006a18:	2b21      	cmp	r3, #33	@ 0x21
10006a1a:	d111      	bne.n	10006a40 <cdcd_control_xfer_cb+0x50>
10006a1c:	2901      	cmp	r1, #1
10006a1e:	d033      	beq.n	10006a88 <cdcd_control_xfer_cb+0x98>
10006a20:	2001      	movs	r0, #1
10006a22:	e071      	b.n	10006b08 <cdcd_control_xfer_cb+0x118>
10006a24:	23c8      	movs	r3, #200	@ 0xc8
10006a26:	436b      	muls	r3, r5
10006a28:	4a3c      	ldr	r2, [pc, #240]	@ (10006b1c <cdcd_control_xfer_cb+0x12c>)
10006a2a:	189e      	adds	r6, r3, r2
10006a2c:	5cd2      	ldrb	r2, [r2, r3]
10006a2e:	7927      	ldrb	r7, [r4, #4]
10006a30:	7963      	ldrb	r3, [r4, #5]
10006a32:	021b      	lsls	r3, r3, #8
10006a34:	433b      	orrs	r3, r7
10006a36:	429a      	cmp	r2, r3
10006a38:	d0e5      	beq.n	10006a06 <cdcd_control_xfer_cb+0x16>
10006a3a:	3501      	adds	r5, #1
10006a3c:	b2ed      	uxtb	r5, r5
10006a3e:	e7e0      	b.n	10006a02 <cdcd_control_xfer_cb+0x12>
10006a40:	2000      	movs	r0, #0
10006a42:	e061      	b.n	10006b08 <cdcd_control_xfer_cb+0x118>
10006a44:	2b23      	cmp	r3, #35	@ 0x23
10006a46:	d105      	bne.n	10006a54 <cdcd_control_xfer_cb+0x64>
10006a48:	2901      	cmp	r1, #1
10006a4a:	d04b      	beq.n	10006ae4 <cdcd_control_xfer_cb+0xf4>
10006a4c:	2903      	cmp	r1, #3
10006a4e:	d04e      	beq.n	10006aee <cdcd_control_xfer_cb+0xfe>
10006a50:	2001      	movs	r0, #1
10006a52:	e059      	b.n	10006b08 <cdcd_control_xfer_cb+0x118>
10006a54:	2000      	movs	r0, #0
10006a56:	e057      	b.n	10006b08 <cdcd_control_xfer_cb+0x118>
10006a58:	2901      	cmp	r1, #1
10006a5a:	d003      	beq.n	10006a64 <cdcd_control_xfer_cb+0x74>
10006a5c:	2903      	cmp	r1, #3
10006a5e:	d009      	beq.n	10006a74 <cdcd_control_xfer_cb+0x84>
10006a60:	2001      	movs	r0, #1
10006a62:	e051      	b.n	10006b08 <cdcd_control_xfer_cb+0x118>
10006a64:	0032      	movs	r2, r6
10006a66:	3208      	adds	r2, #8
10006a68:	2307      	movs	r3, #7
10006a6a:	0021      	movs	r1, r4
10006a6c:	f7ff fca8 	bl	100063c0 <tud_control_xfer>
10006a70:	2001      	movs	r0, #1
10006a72:	e049      	b.n	10006b08 <cdcd_control_xfer_cb+0x118>
10006a74:	4b2a      	ldr	r3, [pc, #168]	@ (10006b20 <cdcd_control_xfer_cb+0x130>)
10006a76:	2b00      	cmp	r3, #0
10006a78:	d049      	beq.n	10006b0e <cdcd_control_xfer_cb+0x11e>
10006a7a:	0031      	movs	r1, r6
10006a7c:	3108      	adds	r1, #8
10006a7e:	0028      	movs	r0, r5
10006a80:	f7fe f958 	bl	10004d34 <tud_cdc_line_coding_cb>
10006a84:	2001      	movs	r0, #1
10006a86:	e03f      	b.n	10006b08 <cdcd_control_xfer_cb+0x118>
10006a88:	0032      	movs	r2, r6
10006a8a:	3208      	adds	r2, #8
10006a8c:	2307      	movs	r3, #7
10006a8e:	0021      	movs	r1, r4
10006a90:	f7ff fc96 	bl	100063c0 <tud_control_xfer>
10006a94:	2001      	movs	r0, #1
10006a96:	e037      	b.n	10006b08 <cdcd_control_xfer_cb+0x118>
10006a98:	2901      	cmp	r1, #1
10006a9a:	d003      	beq.n	10006aa4 <cdcd_control_xfer_cb+0xb4>
10006a9c:	2903      	cmp	r1, #3
10006a9e:	d006      	beq.n	10006aae <cdcd_control_xfer_cb+0xbe>
10006aa0:	2001      	movs	r0, #1
10006aa2:	e031      	b.n	10006b08 <cdcd_control_xfer_cb+0x118>
10006aa4:	0021      	movs	r1, r4
10006aa6:	f7ff fc77 	bl	10006398 <tud_control_status>
10006aaa:	2001      	movs	r0, #1
10006aac:	e02c      	b.n	10006b08 <cdcd_control_xfer_cb+0x118>
10006aae:	78a2      	ldrb	r2, [r4, #2]
10006ab0:	78e3      	ldrb	r3, [r4, #3]
10006ab2:	021b      	lsls	r3, r3, #8
10006ab4:	4313      	orrs	r3, r2
10006ab6:	2401      	movs	r4, #1
10006ab8:	0027      	movs	r7, r4
10006aba:	401f      	ands	r7, r3
10006abc:	085a      	lsrs	r2, r3, #1
10006abe:	4014      	ands	r4, r2
10006ac0:	7133      	strb	r3, [r6, #4]
10006ac2:	2101      	movs	r1, #1
10006ac4:	4079      	eors	r1, r7
10006ac6:	b2c9      	uxtb	r1, r1
10006ac8:	0030      	movs	r0, r6
10006aca:	3024      	adds	r0, #36	@ 0x24
10006acc:	f000 ff31 	bl	10007932 <tu_fifo_set_overwritable>
10006ad0:	4b14      	ldr	r3, [pc, #80]	@ (10006b24 <cdcd_control_xfer_cb+0x134>)
10006ad2:	2b00      	cmp	r3, #0
10006ad4:	d01d      	beq.n	10006b12 <cdcd_control_xfer_cb+0x122>
10006ad6:	0022      	movs	r2, r4
10006ad8:	0039      	movs	r1, r7
10006ada:	0028      	movs	r0, r5
10006adc:	e000      	b.n	10006ae0 <cdcd_control_xfer_cb+0xf0>
10006ade:	bf00      	nop
10006ae0:	2001      	movs	r0, #1
10006ae2:	e011      	b.n	10006b08 <cdcd_control_xfer_cb+0x118>
10006ae4:	0021      	movs	r1, r4
10006ae6:	f7ff fc57 	bl	10006398 <tud_control_status>
10006aea:	2001      	movs	r0, #1
10006aec:	e00c      	b.n	10006b08 <cdcd_control_xfer_cb+0x118>
10006aee:	4b0e      	ldr	r3, [pc, #56]	@ (10006b28 <cdcd_control_xfer_cb+0x138>)
10006af0:	2b00      	cmp	r3, #0
10006af2:	d010      	beq.n	10006b16 <cdcd_control_xfer_cb+0x126>
10006af4:	78a3      	ldrb	r3, [r4, #2]
10006af6:	78e1      	ldrb	r1, [r4, #3]
10006af8:	0209      	lsls	r1, r1, #8
10006afa:	4319      	orrs	r1, r3
10006afc:	0028      	movs	r0, r5
10006afe:	e000      	b.n	10006b02 <cdcd_control_xfer_cb+0x112>
10006b00:	bf00      	nop
10006b02:	2001      	movs	r0, #1
10006b04:	e000      	b.n	10006b08 <cdcd_control_xfer_cb+0x118>
10006b06:	2000      	movs	r0, #0
10006b08:	bdf8      	pop	{r3, r4, r5, r6, r7, pc}
10006b0a:	2000      	movs	r0, #0
10006b0c:	e7fc      	b.n	10006b08 <cdcd_control_xfer_cb+0x118>
10006b0e:	2001      	movs	r0, #1
10006b10:	e7fa      	b.n	10006b08 <cdcd_control_xfer_cb+0x118>
10006b12:	2001      	movs	r0, #1
10006b14:	e7f8      	b.n	10006b08 <cdcd_control_xfer_cb+0x118>
10006b16:	2001      	movs	r0, #1
10006b18:	e7f6      	b.n	10006b08 <cdcd_control_xfer_cb+0x118>
10006b1a:	46c0      	nop			@ (mov r8, r8)
10006b1c:	2000239c 	.word	0x2000239c
10006b20:	10004d35 	.word	0x10004d35
	...

10006b2c <cdcd_xfer_cb>:
10006b2c:	b5f0      	push	{r4, r5, r6, r7, lr}
10006b2e:	46d6      	mov	lr, sl
10006b30:	4647      	mov	r7, r8
10006b32:	b580      	push	{r7, lr}
10006b34:	b083      	sub	sp, #12
10006b36:	9001      	str	r0, [sp, #4]
10006b38:	000f      	movs	r7, r1
10006b3a:	9300      	str	r3, [sp, #0]
10006b3c:	2400      	movs	r4, #0
10006b3e:	2c00      	cmp	r4, #0
10006b40:	d00f      	beq.n	10006b62 <cdcd_xfer_cb+0x36>
10006b42:	2c00      	cmp	r4, #0
10006b44:	d11a      	bne.n	10006b7c <cdcd_xfer_cb+0x50>
10006b46:	46a0      	mov	r8, r4
10006b48:	78eb      	ldrb	r3, [r5, #3]
10006b4a:	42bb      	cmp	r3, r7
10006b4c:	d01e      	beq.n	10006b8c <cdcd_xfer_cb+0x60>
10006b4e:	78ab      	ldrb	r3, [r5, #2]
10006b50:	42bb      	cmp	r3, r7
10006b52:	d054      	beq.n	10006bfe <cdcd_xfer_cb+0xd2>
10006b54:	2401      	movs	r4, #1
10006b56:	0020      	movs	r0, r4
10006b58:	b003      	add	sp, #12
10006b5a:	bcc0      	pop	{r6, r7}
10006b5c:	46ba      	mov	sl, r7
10006b5e:	46b0      	mov	r8, r6
10006b60:	bdf0      	pop	{r4, r5, r6, r7, pc}
10006b62:	25c8      	movs	r5, #200	@ 0xc8
10006b64:	4365      	muls	r5, r4
10006b66:	4b3c      	ldr	r3, [pc, #240]	@ (10006c58 <cdcd_xfer_cb+0x12c>)
10006b68:	18ed      	adds	r5, r5, r3
10006b6a:	78eb      	ldrb	r3, [r5, #3]
10006b6c:	42bb      	cmp	r3, r7
10006b6e:	d0e8      	beq.n	10006b42 <cdcd_xfer_cb+0x16>
10006b70:	78ab      	ldrb	r3, [r5, #2]
10006b72:	42bb      	cmp	r3, r7
10006b74:	d0e5      	beq.n	10006b42 <cdcd_xfer_cb+0x16>
10006b76:	3401      	adds	r4, #1
10006b78:	b2e4      	uxtb	r4, r4
10006b7a:	e7e0      	b.n	10006b3e <cdcd_xfer_cb+0x12>
10006b7c:	22e6      	movs	r2, #230	@ 0xe6
10006b7e:	4937      	ldr	r1, [pc, #220]	@ (10006c5c <cdcd_xfer_cb+0x130>)
10006b80:	4837      	ldr	r0, [pc, #220]	@ (10006c60 <cdcd_xfer_cb+0x134>)
10006b82:	0052      	lsls	r2, r2, #1
10006b84:	f7fe f850 	bl	10004c28 <__wrap_printf>
10006b88:	2400      	movs	r4, #0
10006b8a:	e7e4      	b.n	10006b56 <cdcd_xfer_cb+0x2a>
10006b8c:	2310      	movs	r3, #16
10006b8e:	469a      	mov	sl, r3
10006b90:	44aa      	add	sl, r5
10006b92:	01e1      	lsls	r1, r4, #7
10006b94:	4b33      	ldr	r3, [pc, #204]	@ (10006c64 <cdcd_xfer_cb+0x138>)
10006b96:	18c9      	adds	r1, r1, r3
10006b98:	466b      	mov	r3, sp
10006b9a:	881a      	ldrh	r2, [r3, #0]
10006b9c:	4650      	mov	r0, sl
10006b9e:	f000 fea4 	bl	100078ea <tu_fifo_write_n>
10006ba2:	4b31      	ldr	r3, [pc, #196]	@ (10006c68 <cdcd_xfer_cb+0x13c>)
10006ba4:	2b00      	cmp	r3, #0
10006ba6:	d01a      	beq.n	10006bde <cdcd_xfer_cb+0xb2>
10006ba8:	796b      	ldrb	r3, [r5, #5]
10006baa:	2bff      	cmp	r3, #255	@ 0xff
10006bac:	d017      	beq.n	10006bde <cdcd_xfer_cb+0xb2>
10006bae:	2600      	movs	r6, #0
10006bb0:	e000      	b.n	10006bb4 <cdcd_xfer_cb+0x88>
10006bb2:	3601      	adds	r6, #1
10006bb4:	9b00      	ldr	r3, [sp, #0]
10006bb6:	429e      	cmp	r6, r3
10006bb8:	d211      	bcs.n	10006bde <cdcd_xfer_cb+0xb2>
10006bba:	796a      	ldrb	r2, [r5, #5]
10006bbc:	4b29      	ldr	r3, [pc, #164]	@ (10006c64 <cdcd_xfer_cb+0x138>)
10006bbe:	4641      	mov	r1, r8
10006bc0:	01c9      	lsls	r1, r1, #7
10006bc2:	185b      	adds	r3, r3, r1
10006bc4:	5d9b      	ldrb	r3, [r3, r6]
10006bc6:	429a      	cmp	r2, r3
10006bc8:	d1f3      	bne.n	10006bb2 <cdcd_xfer_cb+0x86>
10006bca:	4650      	mov	r0, sl
10006bcc:	f000 fe02 	bl	100077d4 <tu_fifo_empty>
10006bd0:	2800      	cmp	r0, #0
10006bd2:	d1ee      	bne.n	10006bb2 <cdcd_xfer_cb+0x86>
10006bd4:	7969      	ldrb	r1, [r5, #5]
10006bd6:	0020      	movs	r0, r4
10006bd8:	e000      	b.n	10006bdc <cdcd_xfer_cb+0xb0>
10006bda:	bf00      	nop
10006bdc:	e7e9      	b.n	10006bb2 <cdcd_xfer_cb+0x86>
10006bde:	4b23      	ldr	r3, [pc, #140]	@ (10006c6c <cdcd_xfer_cb+0x140>)
10006be0:	2b00      	cmp	r3, #0
10006be2:	d004      	beq.n	10006bee <cdcd_xfer_cb+0xc2>
10006be4:	4650      	mov	r0, sl
10006be6:	f000 fdf5 	bl	100077d4 <tu_fifo_empty>
10006bea:	2800      	cmp	r0, #0
10006bec:	d003      	beq.n	10006bf6 <cdcd_xfer_cb+0xca>
10006bee:	0020      	movs	r0, r4
10006bf0:	f7ff fcc0 	bl	10006574 <_prep_out_transaction>
10006bf4:	e7ab      	b.n	10006b4e <cdcd_xfer_cb+0x22>
10006bf6:	0020      	movs	r0, r4
10006bf8:	e000      	b.n	10006bfc <cdcd_xfer_cb+0xd0>
10006bfa:	bf00      	nop
10006bfc:	e7f7      	b.n	10006bee <cdcd_xfer_cb+0xc2>
10006bfe:	4b1c      	ldr	r3, [pc, #112]	@ (10006c70 <cdcd_xfer_cb+0x144>)
10006c00:	2b00      	cmp	r3, #0
10006c02:	d002      	beq.n	10006c0a <cdcd_xfer_cb+0xde>
10006c04:	0020      	movs	r0, r4
10006c06:	e000      	b.n	10006c0a <cdcd_xfer_cb+0xde>
10006c08:	bf00      	nop
10006c0a:	0020      	movs	r0, r4
10006c0c:	f7ff fd40 	bl	10006690 <tud_cdc_n_write_flush>
10006c10:	2800      	cmp	r0, #0
10006c12:	d001      	beq.n	10006c18 <cdcd_xfer_cb+0xec>
10006c14:	2401      	movs	r4, #1
10006c16:	e79e      	b.n	10006b56 <cdcd_xfer_cb+0x2a>
10006c18:	0028      	movs	r0, r5
10006c1a:	3024      	adds	r0, #36	@ 0x24
10006c1c:	f000 fdc4 	bl	100077a8 <tu_fifo_count>
10006c20:	2800      	cmp	r0, #0
10006c22:	d115      	bne.n	10006c50 <cdcd_xfer_cb+0x124>
10006c24:	9b00      	ldr	r3, [sp, #0]
10006c26:	2b00      	cmp	r3, #0
10006c28:	d014      	beq.n	10006c54 <cdcd_xfer_cb+0x128>
10006c2a:	069e      	lsls	r6, r3, #26
10006c2c:	d001      	beq.n	10006c32 <cdcd_xfer_cb+0x106>
10006c2e:	2401      	movs	r4, #1
10006c30:	e791      	b.n	10006b56 <cdcd_xfer_cb+0x2a>
10006c32:	78a9      	ldrb	r1, [r5, #2]
10006c34:	9801      	ldr	r0, [sp, #4]
10006c36:	f7ff f819 	bl	10005c6c <usbd_edpt_claim>
10006c3a:	1e04      	subs	r4, r0, #0
10006c3c:	d101      	bne.n	10006c42 <cdcd_xfer_cb+0x116>
10006c3e:	2401      	movs	r4, #1
10006c40:	e789      	b.n	10006b56 <cdcd_xfer_cb+0x2a>
10006c42:	78a9      	ldrb	r1, [r5, #2]
10006c44:	2300      	movs	r3, #0
10006c46:	2200      	movs	r2, #0
10006c48:	9801      	ldr	r0, [sp, #4]
10006c4a:	f7ff f837 	bl	10005cbc <usbd_edpt_xfer>
10006c4e:	e782      	b.n	10006b56 <cdcd_xfer_cb+0x2a>
10006c50:	2401      	movs	r4, #1
10006c52:	e780      	b.n	10006b56 <cdcd_xfer_cb+0x2a>
10006c54:	2401      	movs	r4, #1
10006c56:	e77e      	b.n	10006b56 <cdcd_xfer_cb+0x2a>
10006c58:	2000239c 	.word	0x2000239c
10006c5c:	1000901c 	.word	0x1000901c
10006c60:	100088a4 	.word	0x100088a4
10006c64:	20002318 	.word	0x20002318
	...

10006c74 <tud_vendor_n_mounted>:
10006c74:	2800      	cmp	r0, #0
10006c76:	d117      	bne.n	10006ca8 <tud_vendor_n_mounted+0x34>
10006c78:	4b0c      	ldr	r3, [pc, #48]	@ (10006cac <tud_vendor_n_mounted+0x38>)
10006c7a:	2293      	movs	r2, #147	@ 0x93
10006c7c:	0092      	lsls	r2, r2, #2
10006c7e:	4342      	muls	r2, r0
10006c80:	189b      	adds	r3, r3, r2
10006c82:	332a      	adds	r3, #42	@ 0x2a
10006c84:	33ff      	adds	r3, #255	@ 0xff
10006c86:	781b      	ldrb	r3, [r3, #0]
10006c88:	2b00      	cmp	r3, #0
10006c8a:	d109      	bne.n	10006ca0 <tud_vendor_n_mounted+0x2c>
10006c8c:	4b07      	ldr	r3, [pc, #28]	@ (10006cac <tud_vendor_n_mounted+0x38>)
10006c8e:	2293      	movs	r2, #147	@ 0x93
10006c90:	0092      	lsls	r2, r2, #2
10006c92:	4342      	muls	r2, r0
10006c94:	189b      	adds	r3, r3, r2
10006c96:	795b      	ldrb	r3, [r3, #5]
10006c98:	2b00      	cmp	r3, #0
10006c9a:	d003      	beq.n	10006ca4 <tud_vendor_n_mounted+0x30>
10006c9c:	3001      	adds	r0, #1
10006c9e:	e004      	b.n	10006caa <tud_vendor_n_mounted+0x36>
10006ca0:	2001      	movs	r0, #1
10006ca2:	e002      	b.n	10006caa <tud_vendor_n_mounted+0x36>
10006ca4:	2000      	movs	r0, #0
10006ca6:	e000      	b.n	10006caa <tud_vendor_n_mounted+0x36>
10006ca8:	2000      	movs	r0, #0
10006caa:	4770      	bx	lr
10006cac:	20002660 	.word	0x20002660

10006cb0 <tud_vendor_n_write_flush>:
10006cb0:	b510      	push	{r4, lr}
10006cb2:	2800      	cmp	r0, #0
10006cb4:	d001      	beq.n	10006cba <tud_vendor_n_write_flush+0xa>
10006cb6:	2000      	movs	r0, #0
10006cb8:	bd10      	pop	{r4, pc}
10006cba:	2193      	movs	r1, #147	@ 0x93
10006cbc:	0089      	lsls	r1, r1, #2
10006cbe:	4341      	muls	r1, r0
10006cc0:	4b02      	ldr	r3, [pc, #8]	@ (10006ccc <tud_vendor_n_write_flush+0x1c>)
10006cc2:	18c9      	adds	r1, r1, r3
10006cc4:	3104      	adds	r1, #4
10006cc6:	f000 fb01 	bl	100072cc <tu_edpt_stream_write_xfer>
10006cca:	e7f5      	b.n	10006cb8 <tud_vendor_n_write_flush+0x8>
10006ccc:	20002660 	.word	0x20002660

10006cd0 <vendord_init>:
10006cd0:	b5f0      	push	{r4, r5, r6, r7, lr}
10006cd2:	46d6      	mov	lr, sl
10006cd4:	464f      	mov	r7, r9
10006cd6:	4646      	mov	r6, r8
10006cd8:	b5c0      	push	{r6, r7, lr}
10006cda:	b084      	sub	sp, #16
10006cdc:	4821      	ldr	r0, [pc, #132]	@ (10006d64 <vendord_init+0x94>)
10006cde:	2293      	movs	r2, #147	@ 0x93
10006ce0:	0092      	lsls	r2, r2, #2
10006ce2:	2100      	movs	r1, #0
10006ce4:	f7fc fcc2 	bl	1000366c <__wrap_memset>
10006ce8:	2500      	movs	r5, #0
10006cea:	2d00      	cmp	r5, #0
10006cec:	d005      	beq.n	10006cfa <vendord_init+0x2a>
10006cee:	b004      	add	sp, #16
10006cf0:	bce0      	pop	{r5, r6, r7}
10006cf2:	46ba      	mov	sl, r7
10006cf4:	46b1      	mov	r9, r6
10006cf6:	46a8      	mov	r8, r5
10006cf8:	bdf0      	pop	{r4, r5, r6, r7, pc}
10006cfa:	2493      	movs	r4, #147	@ 0x93
10006cfc:	00a4      	lsls	r4, r4, #2
10006cfe:	436c      	muls	r4, r5
10006d00:	0023      	movs	r3, r4
10006d02:	3349      	adds	r3, #73	@ 0x49
10006d04:	33ff      	adds	r3, #255	@ 0xff
10006d06:	4a17      	ldr	r2, [pc, #92]	@ (10006d64 <vendord_init+0x94>)
10006d08:	4691      	mov	r9, r2
10006d0a:	444b      	add	r3, r9
10006d0c:	3304      	adds	r3, #4
10006d0e:	01ee      	lsls	r6, r5, #7
10006d10:	4a15      	ldr	r2, [pc, #84]	@ (10006d68 <vendord_init+0x98>)
10006d12:	4692      	mov	sl, r2
10006d14:	18b2      	adds	r2, r6, r2
10006d16:	0020      	movs	r0, r4
10006d18:	3029      	adds	r0, #41	@ 0x29
10006d1a:	30ff      	adds	r0, #255	@ 0xff
10006d1c:	4448      	add	r0, r9
10006d1e:	2140      	movs	r1, #64	@ 0x40
10006d20:	4688      	mov	r8, r1
10006d22:	9103      	str	r1, [sp, #12]
10006d24:	9202      	str	r2, [sp, #8]
10006d26:	2780      	movs	r7, #128	@ 0x80
10006d28:	007f      	lsls	r7, r7, #1
10006d2a:	9701      	str	r7, [sp, #4]
10006d2c:	9300      	str	r3, [sp, #0]
10006d2e:	2300      	movs	r3, #0
10006d30:	2200      	movs	r2, #0
10006d32:	2100      	movs	r1, #0
10006d34:	f000 fa57 	bl	100071e6 <tu_edpt_stream_init>
10006d38:	0023      	movs	r3, r4
10006d3a:	3320      	adds	r3, #32
10006d3c:	444b      	add	r3, r9
10006d3e:	3308      	adds	r3, #8
10006d40:	3640      	adds	r6, #64	@ 0x40
10006d42:	4456      	add	r6, sl
10006d44:	0020      	movs	r0, r4
10006d46:	4448      	add	r0, r9
10006d48:	3004      	adds	r0, #4
10006d4a:	4642      	mov	r2, r8
10006d4c:	9203      	str	r2, [sp, #12]
10006d4e:	9602      	str	r6, [sp, #8]
10006d50:	9701      	str	r7, [sp, #4]
10006d52:	9300      	str	r3, [sp, #0]
10006d54:	2300      	movs	r3, #0
10006d56:	3a3f      	subs	r2, #63	@ 0x3f
10006d58:	2100      	movs	r1, #0
10006d5a:	f000 fa44 	bl	100071e6 <tu_edpt_stream_init>
10006d5e:	3501      	adds	r5, #1
10006d60:	b2ed      	uxtb	r5, r5
10006d62:	e7c2      	b.n	10006cea <vendord_init+0x1a>
10006d64:	20002660 	.word	0x20002660
10006d68:	200025e0 	.word	0x200025e0

10006d6c <vendord_deinit>:
10006d6c:	b570      	push	{r4, r5, r6, lr}
10006d6e:	2500      	movs	r5, #0
10006d70:	2d00      	cmp	r5, #0
10006d72:	d001      	beq.n	10006d78 <vendord_deinit+0xc>
10006d74:	2001      	movs	r0, #1
10006d76:	bd70      	pop	{r4, r5, r6, pc}
10006d78:	2493      	movs	r4, #147	@ 0x93
10006d7a:	00a4      	lsls	r4, r4, #2
10006d7c:	436c      	muls	r4, r5
10006d7e:	0020      	movs	r0, r4
10006d80:	3029      	adds	r0, #41	@ 0x29
10006d82:	30ff      	adds	r0, #255	@ 0xff
10006d84:	4e05      	ldr	r6, [pc, #20]	@ (10006d9c <vendord_deinit+0x30>)
10006d86:	1980      	adds	r0, r0, r6
10006d88:	f000 fa5e 	bl	10007248 <tu_edpt_stream_deinit>
10006d8c:	19a0      	adds	r0, r4, r6
10006d8e:	3004      	adds	r0, #4
10006d90:	f000 fa5a 	bl	10007248 <tu_edpt_stream_deinit>
10006d94:	3501      	adds	r5, #1
10006d96:	b2ed      	uxtb	r5, r5
10006d98:	e7ea      	b.n	10006d70 <vendord_deinit+0x4>
10006d9a:	46c0      	nop			@ (mov r8, r8)
10006d9c:	20002660 	.word	0x20002660

10006da0 <vendord_reset>:
10006da0:	b5f0      	push	{r4, r5, r6, r7, lr}
10006da2:	46c6      	mov	lr, r8
10006da4:	b500      	push	{lr}
10006da6:	2500      	movs	r5, #0
10006da8:	2d00      	cmp	r5, #0
10006daa:	d002      	beq.n	10006db2 <vendord_reset+0x12>
10006dac:	bc80      	pop	{r7}
10006dae:	46b8      	mov	r8, r7
10006db0:	bdf0      	pop	{r4, r5, r6, r7, pc}
10006db2:	2493      	movs	r4, #147	@ 0x93
10006db4:	00a4      	lsls	r4, r4, #2
10006db6:	436c      	muls	r4, r5
10006db8:	4b0c      	ldr	r3, [pc, #48]	@ (10006dec <vendord_reset+0x4c>)
10006dba:	4698      	mov	r8, r3
10006dbc:	18e6      	adds	r6, r4, r3
10006dbe:	2700      	movs	r7, #0
10006dc0:	7037      	strb	r7, [r6, #0]
10006dc2:	0020      	movs	r0, r4
10006dc4:	3031      	adds	r0, #49	@ 0x31
10006dc6:	30ff      	adds	r0, #255	@ 0xff
10006dc8:	4440      	add	r0, r8
10006dca:	f000 fd93 	bl	100078f4 <tu_fifo_clear>
10006dce:	3408      	adds	r4, #8
10006dd0:	0020      	movs	r0, r4
10006dd2:	4440      	add	r0, r8
10006dd4:	3004      	adds	r0, #4
10006dd6:	f000 fd8d 	bl	100078f4 <tu_fifo_clear>
10006dda:	0033      	movs	r3, r6
10006ddc:	332a      	adds	r3, #42	@ 0x2a
10006dde:	33ff      	adds	r3, #255	@ 0xff
10006de0:	701f      	strb	r7, [r3, #0]
10006de2:	7177      	strb	r7, [r6, #5]
10006de4:	3501      	adds	r5, #1
10006de6:	b2ed      	uxtb	r5, r5
10006de8:	e7de      	b.n	10006da8 <vendord_reset+0x8>
10006dea:	46c0      	nop			@ (mov r8, r8)
10006dec:	20002660 	.word	0x20002660

10006df0 <vendord_open>:
10006df0:	b5f0      	push	{r4, r5, r6, r7, lr}
10006df2:	46c6      	mov	lr, r8
10006df4:	b500      	push	{lr}
10006df6:	b082      	sub	sp, #8
10006df8:	9001      	str	r0, [sp, #4]
10006dfa:	000f      	movs	r7, r1
10006dfc:	794b      	ldrb	r3, [r1, #5]
10006dfe:	2bff      	cmp	r3, #255	@ 0xff
10006e00:	d000      	beq.n	10006e04 <vendord_open+0x14>
10006e02:	e08c      	b.n	10006f1e <vendord_open+0x12e>
10006e04:	780c      	ldrb	r4, [r1, #0]
10006e06:	190c      	adds	r4, r1, r4
10006e08:	18a5      	adds	r5, r4, r2
10006e0a:	2600      	movs	r6, #0
10006e0c:	2e00      	cmp	r6, #0
10006e0e:	d001      	beq.n	10006e14 <vendord_open+0x24>
10006e10:	2000      	movs	r0, #0
10006e12:	e085      	b.n	10006f20 <vendord_open+0x130>
10006e14:	0030      	movs	r0, r6
10006e16:	f7ff ff2d 	bl	10006c74 <tud_vendor_n_mounted>
10006e1a:	2800      	cmp	r0, #0
10006e1c:	d002      	beq.n	10006e24 <vendord_open+0x34>
10006e1e:	3601      	adds	r6, #1
10006e20:	b2f6      	uxtb	r6, r6
10006e22:	e7f3      	b.n	10006e0c <vendord_open+0x1c>
10006e24:	2393      	movs	r3, #147	@ 0x93
10006e26:	009b      	lsls	r3, r3, #2
10006e28:	4373      	muls	r3, r6
10006e2a:	4a3f      	ldr	r2, [pc, #252]	@ (10006f28 <vendord_open+0x138>)
10006e2c:	4698      	mov	r8, r3
10006e2e:	4490      	add	r8, r2
10006e30:	78bb      	ldrb	r3, [r7, #2]
10006e32:	4642      	mov	r2, r8
10006e34:	7013      	strb	r3, [r2, #0]
10006e36:	e033      	b.n	10006ea0 <vendord_open+0xb0>
10006e38:	42ac      	cmp	r4, r5
10006e3a:	d26d      	bcs.n	10006f18 <vendord_open+0x128>
10006e3c:	0021      	movs	r1, r4
10006e3e:	9801      	ldr	r0, [sp, #4]
10006e40:	f7fe fea0 	bl	10005b84 <usbd_edpt_open>
10006e44:	2800      	cmp	r0, #0
10006e46:	d036      	beq.n	10006eb6 <vendord_open+0xc6>
10006e48:	3601      	adds	r6, #1
10006e4a:	b2f6      	uxtb	r6, r6
10006e4c:	78a3      	ldrb	r3, [r4, #2]
10006e4e:	09db      	lsrs	r3, r3, #7
10006e50:	2b01      	cmp	r3, #1
10006e52:	d037      	beq.n	10006ec4 <vendord_open+0xd4>
10006e54:	4640      	mov	r0, r8
10006e56:	3031      	adds	r0, #49	@ 0x31
10006e58:	30ff      	adds	r0, #255	@ 0xff
10006e5a:	f000 fd4b 	bl	100078f4 <tu_fifo_clear>
10006e5e:	78a1      	ldrb	r1, [r4, #2]
10006e60:	2294      	movs	r2, #148	@ 0x94
10006e62:	0052      	lsls	r2, r2, #1
10006e64:	4643      	mov	r3, r8
10006e66:	189b      	adds	r3, r3, r2
10006e68:	7059      	strb	r1, [r3, #1]
10006e6a:	7921      	ldrb	r1, [r4, #4]
10006e6c:	7963      	ldrb	r3, [r4, #5]
10006e6e:	021b      	lsls	r3, r3, #8
10006e70:	430b      	orrs	r3, r1
10006e72:	055b      	lsls	r3, r3, #21
10006e74:	0d5b      	lsrs	r3, r3, #21
10006e76:	492d      	ldr	r1, [pc, #180]	@ (10006f2c <vendord_open+0x13c>)
10006e78:	468c      	mov	ip, r1
10006e7a:	4463      	add	r3, ip
10006e7c:	4259      	negs	r1, r3
10006e7e:	414b      	adcs	r3, r1
10006e80:	005b      	lsls	r3, r3, #1
10006e82:	4641      	mov	r1, r8
10006e84:	5c89      	ldrb	r1, [r1, r2]
10006e86:	2002      	movs	r0, #2
10006e88:	4381      	bics	r1, r0
10006e8a:	430b      	orrs	r3, r1
10006e8c:	4641      	mov	r1, r8
10006e8e:	548b      	strb	r3, [r1, r2]
10006e90:	1889      	adds	r1, r1, r2
10006e92:	9801      	ldr	r0, [sp, #4]
10006e94:	f000 fa5c 	bl	10007350 <tu_edpt_stream_read_xfer>
10006e98:	2800      	cmp	r0, #0
10006e9a:	d036      	beq.n	10006f0a <vendord_open+0x11a>
10006e9c:	7823      	ldrb	r3, [r4, #0]
10006e9e:	18e4      	adds	r4, r4, r3
10006ea0:	793b      	ldrb	r3, [r7, #4]
10006ea2:	42b3      	cmp	r3, r6
10006ea4:	d938      	bls.n	10006f18 <vendord_open+0x128>
10006ea6:	7863      	ldrb	r3, [r4, #1]
10006ea8:	2b05      	cmp	r3, #5
10006eaa:	d0c5      	beq.n	10006e38 <vendord_open+0x48>
10006eac:	42ac      	cmp	r4, r5
10006eae:	d2c3      	bcs.n	10006e38 <vendord_open+0x48>
10006eb0:	7823      	ldrb	r3, [r4, #0]
10006eb2:	18e4      	adds	r4, r4, r3
10006eb4:	e7f7      	b.n	10006ea6 <vendord_open+0xb6>
10006eb6:	491e      	ldr	r1, [pc, #120]	@ (10006f30 <vendord_open+0x140>)
10006eb8:	481e      	ldr	r0, [pc, #120]	@ (10006f34 <vendord_open+0x144>)
10006eba:	22e0      	movs	r2, #224	@ 0xe0
10006ebc:	f7fd feb4 	bl	10004c28 <__wrap_printf>
10006ec0:	2000      	movs	r0, #0
10006ec2:	e02d      	b.n	10006f20 <vendord_open+0x130>
10006ec4:	4640      	mov	r0, r8
10006ec6:	300c      	adds	r0, #12
10006ec8:	f000 fd14 	bl	100078f4 <tu_fifo_clear>
10006ecc:	78a3      	ldrb	r3, [r4, #2]
10006ece:	4642      	mov	r2, r8
10006ed0:	7153      	strb	r3, [r2, #5]
10006ed2:	7922      	ldrb	r2, [r4, #4]
10006ed4:	7963      	ldrb	r3, [r4, #5]
10006ed6:	021b      	lsls	r3, r3, #8
10006ed8:	4313      	orrs	r3, r2
10006eda:	055b      	lsls	r3, r3, #21
10006edc:	0d5b      	lsrs	r3, r3, #21
10006ede:	4a13      	ldr	r2, [pc, #76]	@ (10006f2c <vendord_open+0x13c>)
10006ee0:	4694      	mov	ip, r2
10006ee2:	4463      	add	r3, ip
10006ee4:	425a      	negs	r2, r3
10006ee6:	4153      	adcs	r3, r2
10006ee8:	005b      	lsls	r3, r3, #1
10006eea:	4642      	mov	r2, r8
10006eec:	7912      	ldrb	r2, [r2, #4]
10006eee:	2102      	movs	r1, #2
10006ef0:	438a      	bics	r2, r1
10006ef2:	4313      	orrs	r3, r2
10006ef4:	4642      	mov	r2, r8
10006ef6:	7113      	strb	r3, [r2, #4]
10006ef8:	4b0b      	ldr	r3, [pc, #44]	@ (10006f28 <vendord_open+0x138>)
10006efa:	1ad3      	subs	r3, r2, r3
10006efc:	109b      	asrs	r3, r3, #2
10006efe:	480e      	ldr	r0, [pc, #56]	@ (10006f38 <vendord_open+0x148>)
10006f00:	4358      	muls	r0, r3
10006f02:	b2c0      	uxtb	r0, r0
10006f04:	f7ff fed4 	bl	10006cb0 <tud_vendor_n_write_flush>
10006f08:	e7c8      	b.n	10006e9c <vendord_open+0xac>
10006f0a:	4909      	ldr	r1, [pc, #36]	@ (10006f30 <vendord_open+0x140>)
10006f0c:	4809      	ldr	r0, [pc, #36]	@ (10006f34 <vendord_open+0x144>)
10006f0e:	22e8      	movs	r2, #232	@ 0xe8
10006f10:	f7fd fe8a 	bl	10004c28 <__wrap_printf>
10006f14:	2000      	movs	r0, #0
10006f16:	e003      	b.n	10006f20 <vendord_open+0x130>
10006f18:	1be0      	subs	r0, r4, r7
10006f1a:	b280      	uxth	r0, r0
10006f1c:	e000      	b.n	10006f20 <vendord_open+0x130>
10006f1e:	2000      	movs	r0, #0
10006f20:	b002      	add	sp, #8
10006f22:	bc80      	pop	{r7}
10006f24:	46b8      	mov	r8, r7
10006f26:	bdf0      	pop	{r4, r5, r6, r7, pc}
10006f28:	20002660 	.word	0x20002660
10006f2c:	fffffe00 	.word	0xfffffe00
10006f30:	10009050 	.word	0x10009050
10006f34:	100088a4 	.word	0x100088a4
10006f38:	08b51d9b 	.word	0x08b51d9b

10006f3c <vendord_xfer_cb>:
10006f3c:	b5f0      	push	{r4, r5, r6, r7, lr}
10006f3e:	b083      	sub	sp, #12
10006f40:	0006      	movs	r6, r0
10006f42:	001d      	movs	r5, r3
10006f44:	2400      	movs	r4, #0
10006f46:	2c00      	cmp	r4, #0
10006f48:	d00c      	beq.n	10006f64 <vendord_xfer_cb+0x28>
10006f4a:	2c00      	cmp	r4, #0
10006f4c:	d157      	bne.n	10006ffe <vendord_xfer_cb+0xc2>
10006f4e:	9401      	str	r4, [sp, #4]
10006f50:	232a      	movs	r3, #42	@ 0x2a
10006f52:	33ff      	adds	r3, #255	@ 0xff
10006f54:	5cfb      	ldrb	r3, [r7, r3]
10006f56:	428b      	cmp	r3, r1
10006f58:	d015      	beq.n	10006f86 <vendord_xfer_cb+0x4a>
10006f5a:	797b      	ldrb	r3, [r7, #5]
10006f5c:	428b      	cmp	r3, r1
10006f5e:	d036      	beq.n	10006fce <vendord_xfer_cb+0x92>
10006f60:	2001      	movs	r0, #1
10006f62:	e04d      	b.n	10007000 <vendord_xfer_cb+0xc4>
10006f64:	2393      	movs	r3, #147	@ 0x93
10006f66:	009b      	lsls	r3, r3, #2
10006f68:	4363      	muls	r3, r4
10006f6a:	4f26      	ldr	r7, [pc, #152]	@ (10007004 <vendord_xfer_cb+0xc8>)
10006f6c:	19df      	adds	r7, r3, r7
10006f6e:	003b      	movs	r3, r7
10006f70:	332a      	adds	r3, #42	@ 0x2a
10006f72:	33ff      	adds	r3, #255	@ 0xff
10006f74:	781b      	ldrb	r3, [r3, #0]
10006f76:	428b      	cmp	r3, r1
10006f78:	d0e7      	beq.n	10006f4a <vendord_xfer_cb+0xe>
10006f7a:	797b      	ldrb	r3, [r7, #5]
10006f7c:	428b      	cmp	r3, r1
10006f7e:	d0e4      	beq.n	10006f4a <vendord_xfer_cb+0xe>
10006f80:	3401      	adds	r4, #1
10006f82:	b2e4      	uxtb	r4, r4
10006f84:	e7df      	b.n	10006f46 <vendord_xfer_cb+0xa>
10006f86:	003b      	movs	r3, r7
10006f88:	3331      	adds	r3, #49	@ 0x31
10006f8a:	33ff      	adds	r3, #255	@ 0xff
10006f8c:	889b      	ldrh	r3, [r3, #4]
10006f8e:	2b00      	cmp	r3, #0
10006f90:	d112      	bne.n	10006fb8 <vendord_xfer_cb+0x7c>
10006f92:	4b1d      	ldr	r3, [pc, #116]	@ (10007008 <vendord_xfer_cb+0xcc>)
10006f94:	2b00      	cmp	r3, #0
10006f96:	d007      	beq.n	10006fa8 <vendord_xfer_cb+0x6c>
10006f98:	9b01      	ldr	r3, [sp, #4]
10006f9a:	01d9      	lsls	r1, r3, #7
10006f9c:	4b1b      	ldr	r3, [pc, #108]	@ (1000700c <vendord_xfer_cb+0xd0>)
10006f9e:	18c9      	adds	r1, r1, r3
10006fa0:	b2aa      	uxth	r2, r5
10006fa2:	0020      	movs	r0, r4
10006fa4:	e000      	b.n	10006fa8 <vendord_xfer_cb+0x6c>
10006fa6:	bf00      	nop
10006fa8:	0039      	movs	r1, r7
10006faa:	3129      	adds	r1, #41	@ 0x29
10006fac:	31ff      	adds	r1, #255	@ 0xff
10006fae:	0030      	movs	r0, r6
10006fb0:	f000 f9ce 	bl	10007350 <tu_edpt_stream_read_xfer>
10006fb4:	2001      	movs	r0, #1
10006fb6:	e023      	b.n	10007000 <vendord_xfer_cb+0xc4>
10006fb8:	003b      	movs	r3, r7
10006fba:	3329      	adds	r3, #41	@ 0x29
10006fbc:	33ff      	adds	r3, #255	@ 0xff
10006fbe:	6859      	ldr	r1, [r3, #4]
10006fc0:	b2aa      	uxth	r2, r5
10006fc2:	0038      	movs	r0, r7
10006fc4:	3031      	adds	r0, #49	@ 0x31
10006fc6:	30ff      	adds	r0, #255	@ 0xff
10006fc8:	f000 fc8f 	bl	100078ea <tu_fifo_write_n>
10006fcc:	e7e1      	b.n	10006f92 <vendord_xfer_cb+0x56>
10006fce:	4b10      	ldr	r3, [pc, #64]	@ (10007010 <vendord_xfer_cb+0xd4>)
10006fd0:	2b00      	cmp	r3, #0
10006fd2:	d004      	beq.n	10006fde <vendord_xfer_cb+0xa2>
10006fd4:	0429      	lsls	r1, r5, #16
10006fd6:	0c09      	lsrs	r1, r1, #16
10006fd8:	0020      	movs	r0, r4
10006fda:	e000      	b.n	10006fde <vendord_xfer_cb+0xa2>
10006fdc:	bf00      	nop
10006fde:	1d3c      	adds	r4, r7, #4
10006fe0:	0021      	movs	r1, r4
10006fe2:	0030      	movs	r0, r6
10006fe4:	f000 f972 	bl	100072cc <tu_edpt_stream_write_xfer>
10006fe8:	2800      	cmp	r0, #0
10006fea:	d001      	beq.n	10006ff0 <vendord_xfer_cb+0xb4>
10006fec:	2001      	movs	r0, #1
10006fee:	e007      	b.n	10007000 <vendord_xfer_cb+0xc4>
10006ff0:	002a      	movs	r2, r5
10006ff2:	0021      	movs	r1, r4
10006ff4:	0030      	movs	r0, r6
10006ff6:	f000 f929 	bl	1000724c <tu_edpt_stream_write_zlp_if_needed>
10006ffa:	2001      	movs	r0, #1
10006ffc:	e000      	b.n	10007000 <vendord_xfer_cb+0xc4>
10006ffe:	2000      	movs	r0, #0
10007000:	b003      	add	sp, #12
10007002:	bdf0      	pop	{r4, r5, r6, r7, pc}
10007004:	20002660 	.word	0x20002660
10007008:	00000000 	.word	0x00000000
1000700c:	200025e0 	.word	0x200025e0
10007010:	00000000 	.word	0x00000000

10007014 <tusb_rhport_init>:
10007014:	b510      	push	{r4, lr}
10007016:	b082      	sub	sp, #8
10007018:	2900      	cmp	r1, #0
1000701a:	d00a      	beq.n	10007032 <tusb_rhport_init+0x1e>
1000701c:	2801      	cmp	r0, #1
1000701e:	d81c      	bhi.n	1000705a <tusb_rhport_init+0x46>
10007020:	780b      	ldrb	r3, [r1, #0]
10007022:	2b00      	cmp	r3, #0
10007024:	d019      	beq.n	1000705a <tusb_rhport_init+0x46>
10007026:	4a16      	ldr	r2, [pc, #88]	@ (10007080 <tusb_rhport_init+0x6c>)
10007028:	5413      	strb	r3, [r2, r0]
1000702a:	2b01      	cmp	r3, #1
1000702c:	d01e      	beq.n	1000706c <tusb_rhport_init+0x58>
1000702e:	2401      	movs	r4, #1
10007030:	e019      	b.n	10007066 <tusb_rhport_init+0x52>
10007032:	a901      	add	r1, sp, #4
10007034:	2301      	movs	r3, #1
10007036:	700b      	strb	r3, [r1, #0]
10007038:	2300      	movs	r3, #0
1000703a:	704b      	strb	r3, [r1, #1]
1000703c:	2000      	movs	r0, #0
1000703e:	f7fe fd21 	bl	10005a84 <tud_rhport_init>
10007042:	1e04      	subs	r4, r0, #0
10007044:	d003      	beq.n	1000704e <tusb_rhport_init+0x3a>
10007046:	4b0e      	ldr	r3, [pc, #56]	@ (10007080 <tusb_rhport_init+0x6c>)
10007048:	2201      	movs	r2, #1
1000704a:	701a      	strb	r2, [r3, #0]
1000704c:	e00b      	b.n	10007066 <tusb_rhport_init+0x52>
1000704e:	490d      	ldr	r1, [pc, #52]	@ (10007084 <tusb_rhport_init+0x70>)
10007050:	480d      	ldr	r0, [pc, #52]	@ (10007088 <tusb_rhport_init+0x74>)
10007052:	2247      	movs	r2, #71	@ 0x47
10007054:	f7fd fde8 	bl	10004c28 <__wrap_printf>
10007058:	e005      	b.n	10007066 <tusb_rhport_init+0x52>
1000705a:	490a      	ldr	r1, [pc, #40]	@ (10007084 <tusb_rhport_init+0x70>)
1000705c:	480a      	ldr	r0, [pc, #40]	@ (10007088 <tusb_rhport_init+0x74>)
1000705e:	225a      	movs	r2, #90	@ 0x5a
10007060:	f7fd fde2 	bl	10004c28 <__wrap_printf>
10007064:	2400      	movs	r4, #0
10007066:	0020      	movs	r0, r4
10007068:	b002      	add	sp, #8
1000706a:	bd10      	pop	{r4, pc}
1000706c:	f7fe fd0a 	bl	10005a84 <tud_rhport_init>
10007070:	1e04      	subs	r4, r0, #0
10007072:	d1f8      	bne.n	10007066 <tusb_rhport_init+0x52>
10007074:	4903      	ldr	r1, [pc, #12]	@ (10007084 <tusb_rhport_init+0x70>)
10007076:	4804      	ldr	r0, [pc, #16]	@ (10007088 <tusb_rhport_init+0x74>)
10007078:	225f      	movs	r2, #95	@ 0x5f
1000707a:	f7fd fdd5 	bl	10004c28 <__wrap_printf>
1000707e:	e7f2      	b.n	10007066 <tusb_rhport_init+0x52>
10007080:	200024b8 	.word	0x200024b8
10007084:	100090d0 	.word	0x100090d0
10007088:	100088a4 	.word	0x100088a4

1000708c <tu_edpt_claim>:
1000708c:	b570      	push	{r4, r5, r6, lr}
1000708e:	0004      	movs	r4, r0
10007090:	000d      	movs	r5, r1
10007092:	7803      	ldrb	r3, [r0, #0]
10007094:	07db      	lsls	r3, r3, #31
10007096:	0fd8      	lsrs	r0, r3, #31
10007098:	2b00      	cmp	r3, #0
1000709a:	d11d      	bne.n	100070d8 <tu_edpt_claim+0x4c>
1000709c:	7823      	ldrb	r3, [r4, #0]
1000709e:	075b      	lsls	r3, r3, #29
100070a0:	0fde      	lsrs	r6, r3, #31
100070a2:	2b00      	cmp	r3, #0
100070a4:	db19      	blt.n	100070da <tu_edpt_claim+0x4e>
100070a6:	2101      	movs	r1, #1
100070a8:	4249      	negs	r1, r1
100070aa:	0028      	movs	r0, r5
100070ac:	f000 fce0 	bl	10007a70 <__mutex_enter_timeout_ms_veneer>
100070b0:	7823      	ldrb	r3, [r4, #0]
100070b2:	07db      	lsls	r3, r3, #31
100070b4:	0fda      	lsrs	r2, r3, #31
100070b6:	2b00      	cmp	r3, #0
100070b8:	d107      	bne.n	100070ca <tu_edpt_claim+0x3e>
100070ba:	7823      	ldrb	r3, [r4, #0]
100070bc:	075b      	lsls	r3, r3, #29
100070be:	d409      	bmi.n	100070d4 <tu_edpt_claim+0x48>
100070c0:	7823      	ldrb	r3, [r4, #0]
100070c2:	2204      	movs	r2, #4
100070c4:	4313      	orrs	r3, r2
100070c6:	7023      	strb	r3, [r4, #0]
100070c8:	2601      	movs	r6, #1
100070ca:	0028      	movs	r0, r5
100070cc:	f000 fcb0 	bl	10007a30 <__mutex_exit_veneer>
100070d0:	0030      	movs	r0, r6
100070d2:	e002      	b.n	100070da <tu_edpt_claim+0x4e>
100070d4:	0016      	movs	r6, r2
100070d6:	e7f8      	b.n	100070ca <tu_edpt_claim+0x3e>
100070d8:	2000      	movs	r0, #0
100070da:	bd70      	pop	{r4, r5, r6, pc}

100070dc <tu_edpt_release>:
100070dc:	b570      	push	{r4, r5, r6, lr}
100070de:	0006      	movs	r6, r0
100070e0:	000c      	movs	r4, r1
100070e2:	2101      	movs	r1, #1
100070e4:	4249      	negs	r1, r1
100070e6:	0020      	movs	r0, r4
100070e8:	f000 fcc2 	bl	10007a70 <__mutex_enter_timeout_ms_veneer>
100070ec:	7833      	ldrb	r3, [r6, #0]
100070ee:	075b      	lsls	r3, r3, #29
100070f0:	0fdd      	lsrs	r5, r3, #31
100070f2:	2b00      	cmp	r3, #0
100070f4:	db04      	blt.n	10007100 <tu_edpt_release+0x24>
100070f6:	0020      	movs	r0, r4
100070f8:	f000 fc9a 	bl	10007a30 <__mutex_exit_veneer>
100070fc:	0028      	movs	r0, r5
100070fe:	bd70      	pop	{r4, r5, r6, pc}
10007100:	7833      	ldrb	r3, [r6, #0]
10007102:	07db      	lsls	r3, r3, #31
10007104:	d404      	bmi.n	10007110 <tu_edpt_release+0x34>
10007106:	7833      	ldrb	r3, [r6, #0]
10007108:	2204      	movs	r2, #4
1000710a:	4393      	bics	r3, r2
1000710c:	7033      	strb	r3, [r6, #0]
1000710e:	e7f2      	b.n	100070f6 <tu_edpt_release+0x1a>
10007110:	2500      	movs	r5, #0
10007112:	e7f0      	b.n	100070f6 <tu_edpt_release+0x1a>

10007114 <tu_edpt_validate>:
10007114:	b510      	push	{r4, lr}
10007116:	7902      	ldrb	r2, [r0, #4]
10007118:	7943      	ldrb	r3, [r0, #5]
1000711a:	021b      	lsls	r3, r3, #8
1000711c:	4313      	orrs	r3, r2
1000711e:	055b      	lsls	r3, r3, #21
10007120:	0d5b      	lsrs	r3, r3, #21
10007122:	78c2      	ldrb	r2, [r0, #3]
10007124:	0792      	lsls	r2, r2, #30
10007126:	0f92      	lsrs	r2, r2, #30
10007128:	2a02      	cmp	r2, #2
1000712a:	d014      	beq.n	10007156 <tu_edpt_validate+0x42>
1000712c:	2a03      	cmp	r2, #3
1000712e:	d02d      	beq.n	1000718c <tu_edpt_validate+0x78>
10007130:	2a01      	cmp	r2, #1
10007132:	d13c      	bne.n	100071ae <tu_edpt_validate+0x9a>
10007134:	2902      	cmp	r1, #2
10007136:	d004      	beq.n	10007142 <tu_edpt_validate+0x2e>
10007138:	4a1e      	ldr	r2, [pc, #120]	@ (100071b4 <tu_edpt_validate+0xa0>)
1000713a:	429a      	cmp	r2, r3
1000713c:	d304      	bcc.n	10007148 <tu_edpt_validate+0x34>
1000713e:	2001      	movs	r0, #1
10007140:	e036      	b.n	100071b0 <tu_edpt_validate+0x9c>
10007142:	2280      	movs	r2, #128	@ 0x80
10007144:	00d2      	lsls	r2, r2, #3
10007146:	e7f8      	b.n	1000713a <tu_edpt_validate+0x26>
10007148:	491b      	ldr	r1, [pc, #108]	@ (100071b8 <tu_edpt_validate+0xa4>)
1000714a:	481c      	ldr	r0, [pc, #112]	@ (100071bc <tu_edpt_validate+0xa8>)
1000714c:	22d1      	movs	r2, #209	@ 0xd1
1000714e:	f7fd fd6b 	bl	10004c28 <__wrap_printf>
10007152:	2000      	movs	r0, #0
10007154:	e02c      	b.n	100071b0 <tu_edpt_validate+0x9c>
10007156:	2902      	cmp	r1, #2
10007158:	d003      	beq.n	10007162 <tu_edpt_validate+0x4e>
1000715a:	2b40      	cmp	r3, #64	@ 0x40
1000715c:	d80f      	bhi.n	1000717e <tu_edpt_validate+0x6a>
1000715e:	2001      	movs	r0, #1
10007160:	e026      	b.n	100071b0 <tu_edpt_validate+0x9c>
10007162:	2280      	movs	r2, #128	@ 0x80
10007164:	0092      	lsls	r2, r2, #2
10007166:	4293      	cmp	r3, r2
10007168:	d101      	bne.n	1000716e <tu_edpt_validate+0x5a>
1000716a:	2001      	movs	r0, #1
1000716c:	e020      	b.n	100071b0 <tu_edpt_validate+0x9c>
1000716e:	4912      	ldr	r1, [pc, #72]	@ (100071b8 <tu_edpt_validate+0xa4>)
10007170:	4812      	ldr	r0, [pc, #72]	@ (100071bc <tu_edpt_validate+0xa8>)
10007172:	3a29      	subs	r2, #41	@ 0x29
10007174:	3aff      	subs	r2, #255	@ 0xff
10007176:	f7fd fd57 	bl	10004c28 <__wrap_printf>
1000717a:	2000      	movs	r0, #0
1000717c:	e018      	b.n	100071b0 <tu_edpt_validate+0x9c>
1000717e:	490e      	ldr	r1, [pc, #56]	@ (100071b8 <tu_edpt_validate+0xa4>)
10007180:	480e      	ldr	r0, [pc, #56]	@ (100071bc <tu_edpt_validate+0xa8>)
10007182:	22db      	movs	r2, #219	@ 0xdb
10007184:	f7fd fd50 	bl	10004c28 <__wrap_printf>
10007188:	2000      	movs	r0, #0
1000718a:	e011      	b.n	100071b0 <tu_edpt_validate+0x9c>
1000718c:	2902      	cmp	r1, #2
1000718e:	d004      	beq.n	1000719a <tu_edpt_validate+0x86>
10007190:	2240      	movs	r2, #64	@ 0x40
10007192:	429a      	cmp	r2, r3
10007194:	d304      	bcc.n	100071a0 <tu_edpt_validate+0x8c>
10007196:	2001      	movs	r0, #1
10007198:	e00a      	b.n	100071b0 <tu_edpt_validate+0x9c>
1000719a:	2280      	movs	r2, #128	@ 0x80
1000719c:	00d2      	lsls	r2, r2, #3
1000719e:	e7f8      	b.n	10007192 <tu_edpt_validate+0x7e>
100071a0:	4905      	ldr	r1, [pc, #20]	@ (100071b8 <tu_edpt_validate+0xa4>)
100071a2:	4806      	ldr	r0, [pc, #24]	@ (100071bc <tu_edpt_validate+0xa8>)
100071a4:	22e1      	movs	r2, #225	@ 0xe1
100071a6:	f7fd fd3f 	bl	10004c28 <__wrap_printf>
100071aa:	2000      	movs	r0, #0
100071ac:	e000      	b.n	100071b0 <tu_edpt_validate+0x9c>
100071ae:	2000      	movs	r0, #0
100071b0:	bd10      	pop	{r4, pc}
100071b2:	46c0      	nop			@ (mov r8, r8)
100071b4:	000003ff 	.word	0x000003ff
100071b8:	100090bc 	.word	0x100090bc
100071bc:	100088a4 	.word	0x100088a4

100071c0 <tu_edpt_bind_driver>:
100071c0:	b530      	push	{r4, r5, lr}
100071c2:	188a      	adds	r2, r1, r2
100071c4:	e001      	b.n	100071ca <tu_edpt_bind_driver+0xa>
100071c6:	780c      	ldrb	r4, [r1, #0]
100071c8:	1909      	adds	r1, r1, r4
100071ca:	4291      	cmp	r1, r2
100071cc:	d20a      	bcs.n	100071e4 <tu_edpt_bind_driver+0x24>
100071ce:	784c      	ldrb	r4, [r1, #1]
100071d0:	2c05      	cmp	r4, #5
100071d2:	d1f8      	bne.n	100071c6 <tu_edpt_bind_driver+0x6>
100071d4:	788d      	ldrb	r5, [r1, #2]
100071d6:	347a      	adds	r4, #122	@ 0x7a
100071d8:	402c      	ands	r4, r5
100071da:	0064      	lsls	r4, r4, #1
100071dc:	1904      	adds	r4, r0, r4
100071de:	09ed      	lsrs	r5, r5, #7
100071e0:	5563      	strb	r3, [r4, r5]
100071e2:	e7f0      	b.n	100071c6 <tu_edpt_bind_driver+0x6>
100071e4:	bd30      	pop	{r4, r5, pc}

100071e6 <tu_edpt_stream_init>:
100071e6:	b5f0      	push	{r4, r5, r6, r7, lr}
100071e8:	b085      	sub	sp, #20
100071ea:	0004      	movs	r4, r0
100071ec:	9203      	str	r2, [sp, #12]
100071ee:	aa0a      	add	r2, sp, #40	@ 0x28
100071f0:	ca40      	ldmia	r2!, {r6}
100071f2:	8817      	ldrh	r7, [r2, #0]
100071f4:	aa0d      	add	r2, sp, #52	@ 0x34
100071f6:	8815      	ldrh	r5, [r2, #0]
100071f8:	2201      	movs	r2, #1
100071fa:	400a      	ands	r2, r1
100071fc:	7801      	ldrb	r1, [r0, #0]
100071fe:	2001      	movs	r0, #1
10007200:	4381      	bics	r1, r0
10007202:	4311      	orrs	r1, r2
10007204:	7021      	strb	r1, [r4, #0]
10007206:	0020      	movs	r0, r4
10007208:	3008      	adds	r0, #8
1000720a:	9300      	str	r3, [sp, #0]
1000720c:	2301      	movs	r3, #1
1000720e:	003a      	movs	r2, r7
10007210:	0031      	movs	r1, r6
10007212:	f000 fa8b 	bl	1000772c <tu_fifo_config>
10007216:	2e00      	cmp	r6, #0
10007218:	d001      	beq.n	1000721e <tu_edpt_stream_init+0x38>
1000721a:	2f00      	cmp	r7, #0
1000721c:	d105      	bne.n	1000722a <tu_edpt_stream_init+0x44>
1000721e:	9b0c      	ldr	r3, [sp, #48]	@ 0x30
10007220:	6063      	str	r3, [r4, #4]
10007222:	8065      	strh	r5, [r4, #2]
10007224:	2001      	movs	r0, #1
10007226:	b005      	add	sp, #20
10007228:	bdf0      	pop	{r4, r5, r6, r7, pc}
1000722a:	0026      	movs	r6, r4
1000722c:	361c      	adds	r6, #28
1000722e:	0030      	movs	r0, r6
10007230:	f7fa fad8 	bl	100017e4 <mutex_init>
10007234:	9b03      	ldr	r3, [sp, #12]
10007236:	2b00      	cmp	r3, #0
10007238:	d004      	beq.n	10007244 <tu_edpt_stream_init+0x5e>
1000723a:	0033      	movs	r3, r6
1000723c:	2600      	movs	r6, #0
1000723e:	6163      	str	r3, [r4, #20]
10007240:	61a6      	str	r6, [r4, #24]
10007242:	e7ec      	b.n	1000721e <tu_edpt_stream_init+0x38>
10007244:	2300      	movs	r3, #0
10007246:	e7fa      	b.n	1000723e <tu_edpt_stream_init+0x58>

10007248 <tu_edpt_stream_deinit>:
10007248:	2001      	movs	r0, #1
1000724a:	4770      	bx	lr

1000724c <tu_edpt_stream_write_zlp_if_needed>:
1000724c:	b5f8      	push	{r3, r4, r5, r6, r7, lr}
1000724e:	0006      	movs	r6, r0
10007250:	000c      	movs	r4, r1
10007252:	0015      	movs	r5, r2
10007254:	780b      	ldrb	r3, [r1, #0]
10007256:	079b      	lsls	r3, r3, #30
10007258:	d511      	bpl.n	1000727e <tu_edpt_stream_write_zlp_if_needed+0x32>
1000725a:	2780      	movs	r7, #128	@ 0x80
1000725c:	00bf      	lsls	r7, r7, #2
1000725e:	0020      	movs	r0, r4
10007260:	3008      	adds	r0, #8
10007262:	f000 faa1 	bl	100077a8 <tu_fifo_count>
10007266:	2800      	cmp	r0, #0
10007268:	d125      	bne.n	100072b6 <tu_edpt_stream_write_zlp_if_needed+0x6a>
1000726a:	2d00      	cmp	r5, #0
1000726c:	d025      	beq.n	100072ba <tu_edpt_stream_write_zlp_if_needed+0x6e>
1000726e:	3f01      	subs	r7, #1
10007270:	423d      	tst	r5, r7
10007272:	d124      	bne.n	100072be <tu_edpt_stream_write_zlp_if_needed+0x72>
10007274:	7823      	ldrb	r3, [r4, #0]
10007276:	07db      	lsls	r3, r3, #31
10007278:	d503      	bpl.n	10007282 <tu_edpt_stream_write_zlp_if_needed+0x36>
1000727a:	2000      	movs	r0, #0
1000727c:	e01c      	b.n	100072b8 <tu_edpt_stream_write_zlp_if_needed+0x6c>
1000727e:	2740      	movs	r7, #64	@ 0x40
10007280:	e7ed      	b.n	1000725e <tu_edpt_stream_write_zlp_if_needed+0x12>
10007282:	7861      	ldrb	r1, [r4, #1]
10007284:	0030      	movs	r0, r6
10007286:	f7fe fcf1 	bl	10005c6c <usbd_edpt_claim>
1000728a:	2800      	cmp	r0, #0
1000728c:	d0f5      	beq.n	1000727a <tu_edpt_stream_write_zlp_if_needed+0x2e>
1000728e:	7823      	ldrb	r3, [r4, #0]
10007290:	07db      	lsls	r3, r3, #31
10007292:	d507      	bpl.n	100072a4 <tu_edpt_stream_write_zlp_if_needed+0x58>
10007294:	22b5      	movs	r2, #181	@ 0xb5
10007296:	490b      	ldr	r1, [pc, #44]	@ (100072c4 <tu_edpt_stream_write_zlp_if_needed+0x78>)
10007298:	480b      	ldr	r0, [pc, #44]	@ (100072c8 <tu_edpt_stream_write_zlp_if_needed+0x7c>)
1000729a:	0052      	lsls	r2, r2, #1
1000729c:	f7fd fcc4 	bl	10004c28 <__wrap_printf>
100072a0:	2000      	movs	r0, #0
100072a2:	e009      	b.n	100072b8 <tu_edpt_stream_write_zlp_if_needed+0x6c>
100072a4:	7861      	ldrb	r1, [r4, #1]
100072a6:	2300      	movs	r3, #0
100072a8:	2200      	movs	r2, #0
100072aa:	0030      	movs	r0, r6
100072ac:	f7fe fd06 	bl	10005cbc <usbd_edpt_xfer>
100072b0:	2800      	cmp	r0, #0
100072b2:	d101      	bne.n	100072b8 <tu_edpt_stream_write_zlp_if_needed+0x6c>
100072b4:	e7ee      	b.n	10007294 <tu_edpt_stream_write_zlp_if_needed+0x48>
100072b6:	2000      	movs	r0, #0
100072b8:	bdf8      	pop	{r3, r4, r5, r6, r7, pc}
100072ba:	2000      	movs	r0, #0
100072bc:	e7fc      	b.n	100072b8 <tu_edpt_stream_write_zlp_if_needed+0x6c>
100072be:	2000      	movs	r0, #0
100072c0:	e7fa      	b.n	100072b8 <tu_edpt_stream_write_zlp_if_needed+0x6c>
100072c2:	46c0      	nop			@ (mov r8, r8)
100072c4:	10009098 	.word	0x10009098
100072c8:	100088a4 	.word	0x100088a4

100072cc <tu_edpt_stream_write_xfer>:
100072cc:	b570      	push	{r4, r5, r6, lr}
100072ce:	0005      	movs	r5, r0
100072d0:	000c      	movs	r4, r1
100072d2:	000e      	movs	r6, r1
100072d4:	3608      	adds	r6, #8
100072d6:	0030      	movs	r0, r6
100072d8:	f000 fa66 	bl	100077a8 <tu_fifo_count>
100072dc:	2800      	cmp	r0, #0
100072de:	d030      	beq.n	10007342 <tu_edpt_stream_write_xfer+0x76>
100072e0:	7823      	ldrb	r3, [r4, #0]
100072e2:	07db      	lsls	r3, r3, #31
100072e4:	d501      	bpl.n	100072ea <tu_edpt_stream_write_xfer+0x1e>
100072e6:	2000      	movs	r0, #0
100072e8:	bd70      	pop	{r4, r5, r6, pc}
100072ea:	7861      	ldrb	r1, [r4, #1]
100072ec:	0028      	movs	r0, r5
100072ee:	f7fe fcbd 	bl	10005c6c <usbd_edpt_claim>
100072f2:	2800      	cmp	r0, #0
100072f4:	d0f7      	beq.n	100072e6 <tu_edpt_stream_write_xfer+0x1a>
100072f6:	6861      	ldr	r1, [r4, #4]
100072f8:	8862      	ldrh	r2, [r4, #2]
100072fa:	0030      	movs	r0, r6
100072fc:	f000 fabe 	bl	1000787c <tu_fifo_read_n>
10007300:	1e06      	subs	r6, r0, #0
10007302:	d014      	beq.n	1000732e <tu_edpt_stream_write_xfer+0x62>
10007304:	7823      	ldrb	r3, [r4, #0]
10007306:	07db      	lsls	r3, r3, #31
10007308:	d507      	bpl.n	1000731a <tu_edpt_stream_write_xfer+0x4e>
1000730a:	22bc      	movs	r2, #188	@ 0xbc
1000730c:	490e      	ldr	r1, [pc, #56]	@ (10007348 <tu_edpt_stream_write_xfer+0x7c>)
1000730e:	480f      	ldr	r0, [pc, #60]	@ (1000734c <tu_edpt_stream_write_xfer+0x80>)
10007310:	0052      	lsls	r2, r2, #1
10007312:	f7fd fc89 	bl	10004c28 <__wrap_printf>
10007316:	2000      	movs	r0, #0
10007318:	e7e6      	b.n	100072e8 <tu_edpt_stream_write_xfer+0x1c>
1000731a:	6862      	ldr	r2, [r4, #4]
1000731c:	7861      	ldrb	r1, [r4, #1]
1000731e:	0003      	movs	r3, r0
10007320:	0028      	movs	r0, r5
10007322:	f7fe fccb 	bl	10005cbc <usbd_edpt_xfer>
10007326:	2800      	cmp	r0, #0
10007328:	d0ef      	beq.n	1000730a <tu_edpt_stream_write_xfer+0x3e>
1000732a:	0030      	movs	r0, r6
1000732c:	e7dc      	b.n	100072e8 <tu_edpt_stream_write_xfer+0x1c>
1000732e:	7823      	ldrb	r3, [r4, #0]
10007330:	07db      	lsls	r3, r3, #31
10007332:	d501      	bpl.n	10007338 <tu_edpt_stream_write_xfer+0x6c>
10007334:	2000      	movs	r0, #0
10007336:	e7d7      	b.n	100072e8 <tu_edpt_stream_write_xfer+0x1c>
10007338:	7861      	ldrb	r1, [r4, #1]
1000733a:	0028      	movs	r0, r5
1000733c:	f7fe fcaa 	bl	10005c94 <usbd_edpt_release>
10007340:	e7f8      	b.n	10007334 <tu_edpt_stream_write_xfer+0x68>
10007342:	2000      	movs	r0, #0
10007344:	e7d0      	b.n	100072e8 <tu_edpt_stream_write_xfer+0x1c>
10007346:	46c0      	nop			@ (mov r8, r8)
10007348:	1000907c 	.word	0x1000907c
1000734c:	100088a4 	.word	0x100088a4

10007350 <tu_edpt_stream_read_xfer>:
10007350:	b5f8      	push	{r3, r4, r5, r6, r7, lr}
10007352:	0005      	movs	r5, r0
10007354:	000c      	movs	r4, r1
10007356:	898b      	ldrh	r3, [r1, #12]
10007358:	2b00      	cmp	r3, #0
1000735a:	d122      	bne.n	100073a2 <tu_edpt_stream_read_xfer+0x52>
1000735c:	780b      	ldrb	r3, [r1, #0]
1000735e:	07db      	lsls	r3, r3, #31
10007360:	d501      	bpl.n	10007366 <tu_edpt_stream_read_xfer+0x16>
10007362:	2000      	movs	r0, #0
10007364:	bdf8      	pop	{r3, r4, r5, r6, r7, pc}
10007366:	7849      	ldrb	r1, [r1, #1]
10007368:	f7fe fc80 	bl	10005c6c <usbd_edpt_claim>
1000736c:	2800      	cmp	r0, #0
1000736e:	d0f8      	beq.n	10007362 <tu_edpt_stream_read_xfer+0x12>
10007370:	8863      	ldrh	r3, [r4, #2]
10007372:	7822      	ldrb	r2, [r4, #0]
10007374:	07d2      	lsls	r2, r2, #31
10007376:	d507      	bpl.n	10007388 <tu_edpt_stream_read_xfer+0x38>
10007378:	22d9      	movs	r2, #217	@ 0xd9
1000737a:	4930      	ldr	r1, [pc, #192]	@ (1000743c <tu_edpt_stream_read_xfer+0xec>)
1000737c:	4830      	ldr	r0, [pc, #192]	@ (10007440 <tu_edpt_stream_read_xfer+0xf0>)
1000737e:	0052      	lsls	r2, r2, #1
10007380:	f7fd fc52 	bl	10004c28 <__wrap_printf>
10007384:	2000      	movs	r0, #0
10007386:	e7ed      	b.n	10007364 <tu_edpt_stream_read_xfer+0x14>
10007388:	7861      	ldrb	r1, [r4, #1]
1000738a:	2b00      	cmp	r3, #0
1000738c:	d007      	beq.n	1000739e <tu_edpt_stream_read_xfer+0x4e>
1000738e:	6862      	ldr	r2, [r4, #4]
10007390:	0028      	movs	r0, r5
10007392:	f7fe fc93 	bl	10005cbc <usbd_edpt_xfer>
10007396:	2800      	cmp	r0, #0
10007398:	d0ee      	beq.n	10007378 <tu_edpt_stream_read_xfer+0x28>
1000739a:	8860      	ldrh	r0, [r4, #2]
1000739c:	e7e2      	b.n	10007364 <tu_edpt_stream_read_xfer+0x14>
1000739e:	2200      	movs	r2, #0
100073a0:	e7f6      	b.n	10007390 <tu_edpt_stream_read_xfer+0x40>
100073a2:	780b      	ldrb	r3, [r1, #0]
100073a4:	079b      	lsls	r3, r3, #30
100073a6:	d50d      	bpl.n	100073c4 <tu_edpt_stream_read_xfer+0x74>
100073a8:	2680      	movs	r6, #128	@ 0x80
100073aa:	00b6      	lsls	r6, r6, #2
100073ac:	0027      	movs	r7, r4
100073ae:	3708      	adds	r7, #8
100073b0:	0038      	movs	r0, r7
100073b2:	f000 fa2b 	bl	1000780c <tu_fifo_remaining>
100073b6:	4286      	cmp	r6, r0
100073b8:	d83d      	bhi.n	10007436 <tu_edpt_stream_read_xfer+0xe6>
100073ba:	7823      	ldrb	r3, [r4, #0]
100073bc:	07db      	lsls	r3, r3, #31
100073be:	d503      	bpl.n	100073c8 <tu_edpt_stream_read_xfer+0x78>
100073c0:	2000      	movs	r0, #0
100073c2:	e7cf      	b.n	10007364 <tu_edpt_stream_read_xfer+0x14>
100073c4:	2640      	movs	r6, #64	@ 0x40
100073c6:	e7f1      	b.n	100073ac <tu_edpt_stream_read_xfer+0x5c>
100073c8:	7861      	ldrb	r1, [r4, #1]
100073ca:	0028      	movs	r0, r5
100073cc:	f7fe fc4e 	bl	10005c6c <usbd_edpt_claim>
100073d0:	2800      	cmp	r0, #0
100073d2:	d0f5      	beq.n	100073c0 <tu_edpt_stream_read_xfer+0x70>
100073d4:	0038      	movs	r0, r7
100073d6:	f000 fa19 	bl	1000780c <tu_fifo_remaining>
100073da:	4286      	cmp	r6, r0
100073dc:	d821      	bhi.n	10007422 <tu_edpt_stream_read_xfer+0xd2>
100073de:	4276      	negs	r6, r6
100073e0:	b2b6      	uxth	r6, r6
100073e2:	8862      	ldrh	r2, [r4, #2]
100073e4:	4030      	ands	r0, r6
100073e6:	1c03      	adds	r3, r0, #0
100073e8:	4290      	cmp	r0, r2
100073ea:	d900      	bls.n	100073ee <tu_edpt_stream_read_xfer+0x9e>
100073ec:	1c13      	adds	r3, r2, #0
100073ee:	b29e      	uxth	r6, r3
100073f0:	7823      	ldrb	r3, [r4, #0]
100073f2:	07db      	lsls	r3, r3, #31
100073f4:	d507      	bpl.n	10007406 <tu_edpt_stream_read_xfer+0xb6>
100073f6:	22c8      	movs	r2, #200	@ 0xc8
100073f8:	4910      	ldr	r1, [pc, #64]	@ (1000743c <tu_edpt_stream_read_xfer+0xec>)
100073fa:	4811      	ldr	r0, [pc, #68]	@ (10007440 <tu_edpt_stream_read_xfer+0xf0>)
100073fc:	32ff      	adds	r2, #255	@ 0xff
100073fe:	f7fd fc13 	bl	10004c28 <__wrap_printf>
10007402:	2000      	movs	r0, #0
10007404:	e7ae      	b.n	10007364 <tu_edpt_stream_read_xfer+0x14>
10007406:	7861      	ldrb	r1, [r4, #1]
10007408:	2e00      	cmp	r6, #0
1000740a:	d008      	beq.n	1000741e <tu_edpt_stream_read_xfer+0xce>
1000740c:	6862      	ldr	r2, [r4, #4]
1000740e:	0033      	movs	r3, r6
10007410:	0028      	movs	r0, r5
10007412:	f7fe fc53 	bl	10005cbc <usbd_edpt_xfer>
10007416:	2800      	cmp	r0, #0
10007418:	d0ed      	beq.n	100073f6 <tu_edpt_stream_read_xfer+0xa6>
1000741a:	0030      	movs	r0, r6
1000741c:	e7a2      	b.n	10007364 <tu_edpt_stream_read_xfer+0x14>
1000741e:	2200      	movs	r2, #0
10007420:	e7f5      	b.n	1000740e <tu_edpt_stream_read_xfer+0xbe>
10007422:	7823      	ldrb	r3, [r4, #0]
10007424:	07db      	lsls	r3, r3, #31
10007426:	d501      	bpl.n	1000742c <tu_edpt_stream_read_xfer+0xdc>
10007428:	2000      	movs	r0, #0
1000742a:	e79b      	b.n	10007364 <tu_edpt_stream_read_xfer+0x14>
1000742c:	7861      	ldrb	r1, [r4, #1]
1000742e:	0028      	movs	r0, r5
10007430:	f7fe fc30 	bl	10005c94 <usbd_edpt_release>
10007434:	e7f8      	b.n	10007428 <tu_edpt_stream_read_xfer+0xd8>
10007436:	2000      	movs	r0, #0
10007438:	e794      	b.n	10007364 <tu_edpt_stream_read_xfer+0x14>
1000743a:	46c0      	nop			@ (mov r8, r8)
1000743c:	10009060 	.word	0x10009060
10007440:	100088a4 	.word	0x100088a4

10007444 <advance_index>:
10007444:	0003      	movs	r3, r0
10007446:	188a      	adds	r2, r1, r2
10007448:	b290      	uxth	r0, r2
1000744a:	4281      	cmp	r1, r0
1000744c:	d802      	bhi.n	10007454 <advance_index+0x10>
1000744e:	005a      	lsls	r2, r3, #1
10007450:	4290      	cmp	r0, r2
10007452:	db03      	blt.n	1000745c <advance_index+0x18>
10007454:	005b      	lsls	r3, r3, #1
10007456:	b29b      	uxth	r3, r3
10007458:	1ac0      	subs	r0, r0, r3
1000745a:	b280      	uxth	r0, r0
1000745c:	4770      	bx	lr

1000745e <_tu_fifo_peek>:
1000745e:	b570      	push	{r4, r5, r6, lr}
10007460:	0005      	movs	r5, r0
10007462:	0008      	movs	r0, r1
10007464:	88ac      	ldrh	r4, [r5, #4]
10007466:	429a      	cmp	r2, r3
10007468:	d30b      	bcc.n	10007482 <_tu_fifo_peek+0x24>
1000746a:	1ad1      	subs	r1, r2, r3
1000746c:	b289      	uxth	r1, r1
1000746e:	2900      	cmp	r1, #0
10007470:	d01e      	beq.n	100074b0 <_tu_fifo_peek+0x52>
10007472:	428c      	cmp	r4, r1
10007474:	d210      	bcs.n	10007498 <_tu_fifo_peek+0x3a>
10007476:	4294      	cmp	r4, r2
10007478:	d809      	bhi.n	1000748e <_tu_fifo_peek+0x30>
1000747a:	1b12      	subs	r2, r2, r4
1000747c:	b293      	uxth	r3, r2
1000747e:	816b      	strh	r3, [r5, #10]
10007480:	e00a      	b.n	10007498 <_tu_fifo_peek+0x3a>
10007482:	1ad1      	subs	r1, r2, r3
10007484:	b289      	uxth	r1, r1
10007486:	0066      	lsls	r6, r4, #1
10007488:	1989      	adds	r1, r1, r6
1000748a:	b289      	uxth	r1, r1
1000748c:	e7ef      	b.n	1000746e <_tu_fifo_peek+0x10>
1000748e:	18a2      	adds	r2, r4, r2
10007490:	b293      	uxth	r3, r2
10007492:	e7f4      	b.n	1000747e <_tu_fifo_peek+0x20>
10007494:	1b1b      	subs	r3, r3, r4
10007496:	b29b      	uxth	r3, r3
10007498:	429c      	cmp	r4, r3
1000749a:	d9fb      	bls.n	10007494 <_tu_fifo_peek+0x36>
1000749c:	6829      	ldr	r1, [r5, #0]
1000749e:	88ea      	ldrh	r2, [r5, #6]
100074a0:	0452      	lsls	r2, r2, #17
100074a2:	0c52      	lsrs	r2, r2, #17
100074a4:	4353      	muls	r3, r2
100074a6:	18c9      	adds	r1, r1, r3
100074a8:	f7fc f8e6 	bl	10003678 <__wrap___aeabi_memcpy>
100074ac:	2001      	movs	r0, #1
100074ae:	bd70      	pop	{r4, r5, r6, pc}
100074b0:	2000      	movs	r0, #0
100074b2:	e7fc      	b.n	100074ae <_tu_fifo_peek+0x50>

100074b4 <_ff_pull_n>:
100074b4:	b5f8      	push	{r3, r4, r5, r6, r7, lr}
100074b6:	46ce      	mov	lr, r9
100074b8:	4647      	mov	r7, r8
100074ba:	b580      	push	{r7, lr}
100074bc:	0005      	movs	r5, r0
100074be:	468c      	mov	ip, r1
100074c0:	a908      	add	r1, sp, #32
100074c2:	7809      	ldrb	r1, [r1, #0]
100074c4:	8884      	ldrh	r4, [r0, #4]
100074c6:	1ae0      	subs	r0, r4, r3
100074c8:	b280      	uxth	r0, r0
100074ca:	1b1c      	subs	r4, r3, r4
100074cc:	1914      	adds	r4, r2, r4
100074ce:	b2a4      	uxth	r4, r4
100074d0:	88ef      	ldrh	r7, [r5, #6]
100074d2:	047f      	lsls	r7, r7, #17
100074d4:	0c7e      	lsrs	r6, r7, #17
100074d6:	0007      	movs	r7, r0
100074d8:	4377      	muls	r7, r6
100074da:	b2bf      	uxth	r7, r7
100074dc:	4374      	muls	r4, r6
100074de:	b2a4      	uxth	r4, r4
100074e0:	46a1      	mov	r9, r4
100074e2:	682c      	ldr	r4, [r5, #0]
100074e4:	46a0      	mov	r8, r4
100074e6:	4373      	muls	r3, r6
100074e8:	4443      	add	r3, r8
100074ea:	2900      	cmp	r1, #0
100074ec:	d106      	bne.n	100074fc <_ff_pull_n+0x48>
100074ee:	4290      	cmp	r0, r2
100074f0:	d308      	bcc.n	10007504 <_ff_pull_n+0x50>
100074f2:	4372      	muls	r2, r6
100074f4:	0019      	movs	r1, r3
100074f6:	4660      	mov	r0, ip
100074f8:	f7fc f8be 	bl	10003678 <__wrap___aeabi_memcpy>
100074fc:	bcc0      	pop	{r6, r7}
100074fe:	46b9      	mov	r9, r7
10007500:	46b0      	mov	r8, r6
10007502:	bdf8      	pop	{r3, r4, r5, r6, r7, pc}
10007504:	003a      	movs	r2, r7
10007506:	0019      	movs	r1, r3
10007508:	4664      	mov	r4, ip
1000750a:	0020      	movs	r0, r4
1000750c:	f7fc f8b4 	bl	10003678 <__wrap___aeabi_memcpy>
10007510:	6829      	ldr	r1, [r5, #0]
10007512:	19e0      	adds	r0, r4, r7
10007514:	464a      	mov	r2, r9
10007516:	f7fc f8af 	bl	10003678 <__wrap___aeabi_memcpy>
1000751a:	e7ef      	b.n	100074fc <_ff_pull_n+0x48>

1000751c <_tu_fifo_peek_n>:
1000751c:	b5f0      	push	{r4, r5, r6, r7, lr}
1000751e:	46c6      	mov	lr, r8
10007520:	b500      	push	{lr}
10007522:	b082      	sub	sp, #8
10007524:	001e      	movs	r6, r3
10007526:	ab08      	add	r3, sp, #32
10007528:	881b      	ldrh	r3, [r3, #0]
1000752a:	ac09      	add	r4, sp, #36	@ 0x24
1000752c:	7827      	ldrb	r7, [r4, #0]
1000752e:	8884      	ldrh	r4, [r0, #4]
10007530:	429e      	cmp	r6, r3
10007532:	d30f      	bcc.n	10007554 <_tu_fifo_peek_n+0x38>
10007534:	1af5      	subs	r5, r6, r3
10007536:	b2ad      	uxth	r5, r5
10007538:	2d00      	cmp	r5, #0
1000753a:	d01f      	beq.n	1000757c <_tu_fifo_peek_n+0x60>
1000753c:	42ac      	cmp	r4, r5
1000753e:	d205      	bcs.n	1000754c <_tu_fifo_peek_n+0x30>
10007540:	42b4      	cmp	r4, r6
10007542:	d810      	bhi.n	10007566 <_tu_fifo_peek_n+0x4a>
10007544:	1b33      	subs	r3, r6, r4
10007546:	b29b      	uxth	r3, r3
10007548:	8143      	strh	r3, [r0, #10]
1000754a:	0025      	movs	r5, r4
1000754c:	4295      	cmp	r5, r2
1000754e:	d30f      	bcc.n	10007570 <_tu_fifo_peek_n+0x54>
10007550:	0015      	movs	r5, r2
10007552:	e00d      	b.n	10007570 <_tu_fifo_peek_n+0x54>
10007554:	1af5      	subs	r5, r6, r3
10007556:	b2ad      	uxth	r5, r5
10007558:	46a8      	mov	r8, r5
1000755a:	0065      	lsls	r5, r4, #1
1000755c:	46ac      	mov	ip, r5
1000755e:	4645      	mov	r5, r8
10007560:	4465      	add	r5, ip
10007562:	b2ad      	uxth	r5, r5
10007564:	e7e8      	b.n	10007538 <_tu_fifo_peek_n+0x1c>
10007566:	19a6      	adds	r6, r4, r6
10007568:	b2b3      	uxth	r3, r6
1000756a:	e7ed      	b.n	10007548 <_tu_fifo_peek_n+0x2c>
1000756c:	1b1b      	subs	r3, r3, r4
1000756e:	b29b      	uxth	r3, r3
10007570:	429c      	cmp	r4, r3
10007572:	d9fb      	bls.n	1000756c <_tu_fifo_peek_n+0x50>
10007574:	9700      	str	r7, [sp, #0]
10007576:	002a      	movs	r2, r5
10007578:	f7ff ff9c 	bl	100074b4 <_ff_pull_n>
1000757c:	0028      	movs	r0, r5
1000757e:	b002      	add	sp, #8
10007580:	bc80      	pop	{r7}
10007582:	46b8      	mov	r8, r7
10007584:	bdf0      	pop	{r4, r5, r6, r7, pc}

10007586 <_tu_fifo_read_n>:
10007586:	b5f0      	push	{r4, r5, r6, r7, lr}
10007588:	b083      	sub	sp, #12
1000758a:	0004      	movs	r4, r0
1000758c:	000d      	movs	r5, r1
1000758e:	0016      	movs	r6, r2
10007590:	001f      	movs	r7, r3
10007592:	6900      	ldr	r0, [r0, #16]
10007594:	2800      	cmp	r0, #0
10007596:	d003      	beq.n	100075a0 <_tu_fifo_read_n+0x1a>
10007598:	2101      	movs	r1, #1
1000759a:	4249      	negs	r1, r1
1000759c:	f000 fa68 	bl	10007a70 <__mutex_enter_timeout_ms_veneer>
100075a0:	8923      	ldrh	r3, [r4, #8]
100075a2:	b29b      	uxth	r3, r3
100075a4:	8962      	ldrh	r2, [r4, #10]
100075a6:	9701      	str	r7, [sp, #4]
100075a8:	9200      	str	r2, [sp, #0]
100075aa:	0032      	movs	r2, r6
100075ac:	0029      	movs	r1, r5
100075ae:	0020      	movs	r0, r4
100075b0:	f7ff ffb4 	bl	1000751c <_tu_fifo_peek_n>
100075b4:	0005      	movs	r5, r0
100075b6:	8961      	ldrh	r1, [r4, #10]
100075b8:	b289      	uxth	r1, r1
100075ba:	88a0      	ldrh	r0, [r4, #4]
100075bc:	002a      	movs	r2, r5
100075be:	f7ff ff41 	bl	10007444 <advance_index>
100075c2:	8160      	strh	r0, [r4, #10]
100075c4:	6920      	ldr	r0, [r4, #16]
100075c6:	2800      	cmp	r0, #0
100075c8:	d001      	beq.n	100075ce <_tu_fifo_read_n+0x48>
100075ca:	f000 fa31 	bl	10007a30 <__mutex_exit_veneer>
100075ce:	0028      	movs	r0, r5
100075d0:	b003      	add	sp, #12
100075d2:	bdf0      	pop	{r4, r5, r6, r7, pc}

100075d4 <_ff_push_n>:
100075d4:	b5f8      	push	{r3, r4, r5, r6, r7, lr}
100075d6:	46ce      	mov	lr, r9
100075d8:	4647      	mov	r7, r8
100075da:	b580      	push	{r7, lr}
100075dc:	0005      	movs	r5, r0
100075de:	468c      	mov	ip, r1
100075e0:	a908      	add	r1, sp, #32
100075e2:	7808      	ldrb	r0, [r1, #0]
100075e4:	88ac      	ldrh	r4, [r5, #4]
100075e6:	1ae1      	subs	r1, r4, r3
100075e8:	b289      	uxth	r1, r1
100075ea:	1b1c      	subs	r4, r3, r4
100075ec:	1914      	adds	r4, r2, r4
100075ee:	b2a4      	uxth	r4, r4
100075f0:	88ef      	ldrh	r7, [r5, #6]
100075f2:	047f      	lsls	r7, r7, #17
100075f4:	0c7e      	lsrs	r6, r7, #17
100075f6:	000f      	movs	r7, r1
100075f8:	4377      	muls	r7, r6
100075fa:	b2bf      	uxth	r7, r7
100075fc:	4374      	muls	r4, r6
100075fe:	b2a4      	uxth	r4, r4
10007600:	46a1      	mov	r9, r4
10007602:	682c      	ldr	r4, [r5, #0]
10007604:	46a0      	mov	r8, r4
10007606:	4373      	muls	r3, r6
10007608:	4443      	add	r3, r8
1000760a:	2800      	cmp	r0, #0
1000760c:	d106      	bne.n	1000761c <_ff_push_n+0x48>
1000760e:	4291      	cmp	r1, r2
10007610:	d308      	bcc.n	10007624 <_ff_push_n+0x50>
10007612:	4372      	muls	r2, r6
10007614:	4661      	mov	r1, ip
10007616:	0018      	movs	r0, r3
10007618:	f7fc f82e 	bl	10003678 <__wrap___aeabi_memcpy>
1000761c:	bcc0      	pop	{r6, r7}
1000761e:	46b9      	mov	r9, r7
10007620:	46b0      	mov	r8, r6
10007622:	bdf8      	pop	{r3, r4, r5, r6, r7, pc}
10007624:	003a      	movs	r2, r7
10007626:	4664      	mov	r4, ip
10007628:	0021      	movs	r1, r4
1000762a:	0018      	movs	r0, r3
1000762c:	f7fc f824 	bl	10003678 <__wrap___aeabi_memcpy>
10007630:	6828      	ldr	r0, [r5, #0]
10007632:	19e1      	adds	r1, r4, r7
10007634:	464a      	mov	r2, r9
10007636:	f7fc f81f 	bl	10003678 <__wrap___aeabi_memcpy>
1000763a:	e7ef      	b.n	1000761c <_ff_push_n+0x48>

1000763c <_tu_fifo_write_n>:
1000763c:	b5f0      	push	{r4, r5, r6, r7, lr}
1000763e:	b085      	sub	sp, #20
10007640:	0006      	movs	r6, r0
10007642:	9103      	str	r1, [sp, #12]
10007644:	1e17      	subs	r7, r2, #0
10007646:	9302      	str	r3, [sp, #8]
10007648:	d100      	bne.n	1000764c <_tu_fifo_write_n+0x10>
1000764a:	e06d      	b.n	10007728 <_tu_fifo_write_n+0xec>
1000764c:	68c0      	ldr	r0, [r0, #12]
1000764e:	2800      	cmp	r0, #0
10007650:	d003      	beq.n	1000765a <_tu_fifo_write_n+0x1e>
10007652:	2101      	movs	r1, #1
10007654:	4249      	negs	r1, r1
10007656:	f000 fa0b 	bl	10007a70 <__mutex_enter_timeout_ms_veneer>
1000765a:	8934      	ldrh	r4, [r6, #8]
1000765c:	b2a4      	uxth	r4, r4
1000765e:	8971      	ldrh	r1, [r6, #10]
10007660:	b289      	uxth	r1, r1
10007662:	79f3      	ldrb	r3, [r6, #7]
10007664:	09db      	lsrs	r3, r3, #7
10007666:	d118      	bne.n	1000769a <_tu_fifo_write_n+0x5e>
10007668:	88b3      	ldrh	r3, [r6, #4]
1000766a:	428c      	cmp	r4, r1
1000766c:	d30f      	bcc.n	1000768e <_tu_fifo_write_n+0x52>
1000766e:	1a61      	subs	r1, r4, r1
10007670:	b289      	uxth	r1, r1
10007672:	428b      	cmp	r3, r1
10007674:	d956      	bls.n	10007724 <_tu_fifo_write_n+0xe8>
10007676:	1a5b      	subs	r3, r3, r1
10007678:	b29b      	uxth	r3, r3
1000767a:	1c3a      	adds	r2, r7, #0
1000767c:	429f      	cmp	r7, r3
1000767e:	d900      	bls.n	10007682 <_tu_fifo_write_n+0x46>
10007680:	1c1a      	adds	r2, r3, #0
10007682:	b295      	uxth	r5, r2
10007684:	2d00      	cmp	r5, #0
10007686:	d045      	beq.n	10007714 <_tu_fifo_write_n+0xd8>
10007688:	88b2      	ldrh	r2, [r6, #4]
1000768a:	0023      	movs	r3, r4
1000768c:	e033      	b.n	100076f6 <_tu_fifo_write_n+0xba>
1000768e:	1a61      	subs	r1, r4, r1
10007690:	b289      	uxth	r1, r1
10007692:	005a      	lsls	r2, r3, #1
10007694:	1889      	adds	r1, r1, r2
10007696:	b289      	uxth	r1, r1
10007698:	e7eb      	b.n	10007672 <_tu_fifo_write_n+0x36>
1000769a:	88b5      	ldrh	r5, [r6, #4]
1000769c:	42bd      	cmp	r5, r7
1000769e:	d80e      	bhi.n	100076be <_tu_fifo_write_n+0x82>
100076a0:	9b02      	ldr	r3, [sp, #8]
100076a2:	2b00      	cmp	r3, #0
100076a4:	d121      	bne.n	100076ea <_tu_fifo_write_n+0xae>
100076a6:	1b7b      	subs	r3, r7, r5
100076a8:	88f7      	ldrh	r7, [r6, #6]
100076aa:	047f      	lsls	r7, r7, #17
100076ac:	0c7f      	lsrs	r7, r7, #17
100076ae:	435f      	muls	r7, r3
100076b0:	9b03      	ldr	r3, [sp, #12]
100076b2:	469c      	mov	ip, r3
100076b4:	44bc      	add	ip, r7
100076b6:	4663      	mov	r3, ip
100076b8:	9303      	str	r3, [sp, #12]
100076ba:	000c      	movs	r4, r1
100076bc:	e7e2      	b.n	10007684 <_tu_fifo_write_n+0x48>
100076be:	428c      	cmp	r4, r1
100076c0:	d30d      	bcc.n	100076de <_tu_fifo_write_n+0xa2>
100076c2:	1a63      	subs	r3, r4, r1
100076c4:	b29b      	uxth	r3, r3
100076c6:	19db      	adds	r3, r3, r7
100076c8:	006a      	lsls	r2, r5, #1
100076ca:	4293      	cmp	r3, r2
100076cc:	db0f      	blt.n	100076ee <_tu_fifo_write_n+0xb2>
100076ce:	1bea      	subs	r2, r5, r7
100076d0:	b292      	uxth	r2, r2
100076d2:	0028      	movs	r0, r5
100076d4:	f7ff feb6 	bl	10007444 <advance_index>
100076d8:	0004      	movs	r4, r0
100076da:	003d      	movs	r5, r7
100076dc:	e7d2      	b.n	10007684 <_tu_fifo_write_n+0x48>
100076de:	1a63      	subs	r3, r4, r1
100076e0:	b29b      	uxth	r3, r3
100076e2:	006a      	lsls	r2, r5, #1
100076e4:	189b      	adds	r3, r3, r2
100076e6:	b29b      	uxth	r3, r3
100076e8:	e7ed      	b.n	100076c6 <_tu_fifo_write_n+0x8a>
100076ea:	000c      	movs	r4, r1
100076ec:	e7ca      	b.n	10007684 <_tu_fifo_write_n+0x48>
100076ee:	003d      	movs	r5, r7
100076f0:	e7c8      	b.n	10007684 <_tu_fifo_write_n+0x48>
100076f2:	1a9b      	subs	r3, r3, r2
100076f4:	b29b      	uxth	r3, r3
100076f6:	429a      	cmp	r2, r3
100076f8:	d9fb      	bls.n	100076f2 <_tu_fifo_write_n+0xb6>
100076fa:	9a02      	ldr	r2, [sp, #8]
100076fc:	9200      	str	r2, [sp, #0]
100076fe:	002a      	movs	r2, r5
10007700:	9903      	ldr	r1, [sp, #12]
10007702:	0030      	movs	r0, r6
10007704:	f7ff ff66 	bl	100075d4 <_ff_push_n>
10007708:	88b0      	ldrh	r0, [r6, #4]
1000770a:	002a      	movs	r2, r5
1000770c:	0021      	movs	r1, r4
1000770e:	f7ff fe99 	bl	10007444 <advance_index>
10007712:	8130      	strh	r0, [r6, #8]
10007714:	68f0      	ldr	r0, [r6, #12]
10007716:	2800      	cmp	r0, #0
10007718:	d001      	beq.n	1000771e <_tu_fifo_write_n+0xe2>
1000771a:	f000 f989 	bl	10007a30 <__mutex_exit_veneer>
1000771e:	0028      	movs	r0, r5
10007720:	b005      	add	sp, #20
10007722:	bdf0      	pop	{r4, r5, r6, r7, pc}
10007724:	2500      	movs	r5, #0
10007726:	e7f5      	b.n	10007714 <_tu_fifo_write_n+0xd8>
10007728:	0015      	movs	r5, r2
1000772a:	e7f8      	b.n	1000771e <_tu_fifo_write_n+0xe2>

1000772c <tu_fifo_config>:
1000772c:	b5f0      	push	{r4, r5, r6, r7, lr}
1000772e:	b083      	sub	sp, #12
10007730:	0004      	movs	r4, r0
10007732:	9101      	str	r1, [sp, #4]
10007734:	0016      	movs	r6, r2
10007736:	001d      	movs	r5, r3
10007738:	ab08      	add	r3, sp, #32
1000773a:	781f      	ldrb	r7, [r3, #0]
1000773c:	2380      	movs	r3, #128	@ 0x80
1000773e:	021b      	lsls	r3, r3, #8
10007740:	429a      	cmp	r2, r3
10007742:	d82d      	bhi.n	100077a0 <tu_fifo_config+0x74>
10007744:	68c0      	ldr	r0, [r0, #12]
10007746:	2800      	cmp	r0, #0
10007748:	d003      	beq.n	10007752 <tu_fifo_config+0x26>
1000774a:	2101      	movs	r1, #1
1000774c:	4249      	negs	r1, r1
1000774e:	f000 f98f 	bl	10007a70 <__mutex_enter_timeout_ms_veneer>
10007752:	6920      	ldr	r0, [r4, #16]
10007754:	2800      	cmp	r0, #0
10007756:	d003      	beq.n	10007760 <tu_fifo_config+0x34>
10007758:	2101      	movs	r1, #1
1000775a:	4249      	negs	r1, r1
1000775c:	f000 f988 	bl	10007a70 <__mutex_enter_timeout_ms_veneer>
10007760:	9b01      	ldr	r3, [sp, #4]
10007762:	6023      	str	r3, [r4, #0]
10007764:	80a6      	strh	r6, [r4, #4]
10007766:	046d      	lsls	r5, r5, #17
10007768:	0c6b      	lsrs	r3, r5, #17
1000776a:	88e5      	ldrh	r5, [r4, #6]
1000776c:	0bed      	lsrs	r5, r5, #15
1000776e:	03ed      	lsls	r5, r5, #15
10007770:	431d      	orrs	r5, r3
10007772:	80e5      	strh	r5, [r4, #6]
10007774:	01fb      	lsls	r3, r7, #7
10007776:	79e2      	ldrb	r2, [r4, #7]
10007778:	277f      	movs	r7, #127	@ 0x7f
1000777a:	4017      	ands	r7, r2
1000777c:	431f      	orrs	r7, r3
1000777e:	71e7      	strb	r7, [r4, #7]
10007780:	2300      	movs	r3, #0
10007782:	8163      	strh	r3, [r4, #10]
10007784:	8123      	strh	r3, [r4, #8]
10007786:	68e0      	ldr	r0, [r4, #12]
10007788:	2800      	cmp	r0, #0
1000778a:	d001      	beq.n	10007790 <tu_fifo_config+0x64>
1000778c:	f000 f950 	bl	10007a30 <__mutex_exit_veneer>
10007790:	6920      	ldr	r0, [r4, #16]
10007792:	2800      	cmp	r0, #0
10007794:	d006      	beq.n	100077a4 <tu_fifo_config+0x78>
10007796:	f000 f94b 	bl	10007a30 <__mutex_exit_veneer>
1000779a:	2001      	movs	r0, #1
1000779c:	b003      	add	sp, #12
1000779e:	bdf0      	pop	{r4, r5, r6, r7, pc}
100077a0:	2000      	movs	r0, #0
100077a2:	e7fb      	b.n	1000779c <tu_fifo_config+0x70>
100077a4:	2001      	movs	r0, #1
100077a6:	e7f9      	b.n	1000779c <tu_fifo_config+0x70>

100077a8 <tu_fifo_count>:
100077a8:	b510      	push	{r4, lr}
100077aa:	8882      	ldrh	r2, [r0, #4]
100077ac:	8901      	ldrh	r1, [r0, #8]
100077ae:	b28b      	uxth	r3, r1
100077b0:	8940      	ldrh	r0, [r0, #10]
100077b2:	b284      	uxth	r4, r0
100077b4:	4288      	cmp	r0, r1
100077b6:	d807      	bhi.n	100077c8 <tu_fifo_count+0x20>
100077b8:	1b1b      	subs	r3, r3, r4
100077ba:	b29b      	uxth	r3, r3
100077bc:	1c10      	adds	r0, r2, #0
100077be:	429a      	cmp	r2, r3
100077c0:	d900      	bls.n	100077c4 <tu_fifo_count+0x1c>
100077c2:	1c18      	adds	r0, r3, #0
100077c4:	b280      	uxth	r0, r0
100077c6:	bd10      	pop	{r4, pc}
100077c8:	1b1b      	subs	r3, r3, r4
100077ca:	b29b      	uxth	r3, r3
100077cc:	0051      	lsls	r1, r2, #1
100077ce:	185b      	adds	r3, r3, r1
100077d0:	b29b      	uxth	r3, r3
100077d2:	e7f3      	b.n	100077bc <tu_fifo_count+0x14>

100077d4 <tu_fifo_empty>:
100077d4:	8903      	ldrh	r3, [r0, #8]
100077d6:	8940      	ldrh	r0, [r0, #10]
100077d8:	1a18      	subs	r0, r3, r0
100077da:	4243      	negs	r3, r0
100077dc:	4158      	adcs	r0, r3
100077de:	b2c0      	uxtb	r0, r0
100077e0:	4770      	bx	lr

100077e2 <tu_fifo_full>:
100077e2:	b510      	push	{r4, lr}
100077e4:	8884      	ldrh	r4, [r0, #4]
100077e6:	8902      	ldrh	r2, [r0, #8]
100077e8:	b293      	uxth	r3, r2
100077ea:	8941      	ldrh	r1, [r0, #10]
100077ec:	b288      	uxth	r0, r1
100077ee:	4291      	cmp	r1, r2
100077f0:	d806      	bhi.n	10007800 <tu_fifo_full+0x1e>
100077f2:	1a1b      	subs	r3, r3, r0
100077f4:	b29b      	uxth	r3, r3
100077f6:	2000      	movs	r0, #0
100077f8:	42a3      	cmp	r3, r4
100077fa:	4140      	adcs	r0, r0
100077fc:	b2c0      	uxtb	r0, r0
100077fe:	bd10      	pop	{r4, pc}
10007800:	1a1b      	subs	r3, r3, r0
10007802:	b29b      	uxth	r3, r3
10007804:	0062      	lsls	r2, r4, #1
10007806:	189b      	adds	r3, r3, r2
10007808:	b29b      	uxth	r3, r3
1000780a:	e7f4      	b.n	100077f6 <tu_fifo_full+0x14>

1000780c <tu_fifo_remaining>:
1000780c:	b510      	push	{r4, lr}
1000780e:	8882      	ldrh	r2, [r0, #4]
10007810:	8901      	ldrh	r1, [r0, #8]
10007812:	b28b      	uxth	r3, r1
10007814:	8940      	ldrh	r0, [r0, #10]
10007816:	b284      	uxth	r4, r0
10007818:	4288      	cmp	r0, r1
1000781a:	d806      	bhi.n	1000782a <tu_fifo_remaining+0x1e>
1000781c:	1b1b      	subs	r3, r3, r4
1000781e:	b29b      	uxth	r3, r3
10007820:	429a      	cmp	r2, r3
10007822:	d908      	bls.n	10007836 <tu_fifo_remaining+0x2a>
10007824:	1ad0      	subs	r0, r2, r3
10007826:	b280      	uxth	r0, r0
10007828:	bd10      	pop	{r4, pc}
1000782a:	1b1b      	subs	r3, r3, r4
1000782c:	b29b      	uxth	r3, r3
1000782e:	0051      	lsls	r1, r2, #1
10007830:	185b      	adds	r3, r3, r1
10007832:	b29b      	uxth	r3, r3
10007834:	e7f4      	b.n	10007820 <tu_fifo_remaining+0x14>
10007836:	2000      	movs	r0, #0
10007838:	e7f6      	b.n	10007828 <tu_fifo_remaining+0x1c>

1000783a <tu_fifo_read>:
1000783a:	b570      	push	{r4, r5, r6, lr}
1000783c:	0004      	movs	r4, r0
1000783e:	000d      	movs	r5, r1
10007840:	6900      	ldr	r0, [r0, #16]
10007842:	2800      	cmp	r0, #0
10007844:	d003      	beq.n	1000784e <tu_fifo_read+0x14>
10007846:	2101      	movs	r1, #1
10007848:	4249      	negs	r1, r1
1000784a:	f000 f911 	bl	10007a70 <__mutex_enter_timeout_ms_veneer>
1000784e:	8922      	ldrh	r2, [r4, #8]
10007850:	b292      	uxth	r2, r2
10007852:	8963      	ldrh	r3, [r4, #10]
10007854:	b29b      	uxth	r3, r3
10007856:	0029      	movs	r1, r5
10007858:	0020      	movs	r0, r4
1000785a:	f7ff fe00 	bl	1000745e <_tu_fifo_peek>
1000785e:	0005      	movs	r5, r0
10007860:	8961      	ldrh	r1, [r4, #10]
10007862:	b289      	uxth	r1, r1
10007864:	88a0      	ldrh	r0, [r4, #4]
10007866:	002a      	movs	r2, r5
10007868:	f7ff fdec 	bl	10007444 <advance_index>
1000786c:	8160      	strh	r0, [r4, #10]
1000786e:	6920      	ldr	r0, [r4, #16]
10007870:	2800      	cmp	r0, #0
10007872:	d001      	beq.n	10007878 <tu_fifo_read+0x3e>
10007874:	f000 f8dc 	bl	10007a30 <__mutex_exit_veneer>
10007878:	0028      	movs	r0, r5
1000787a:	bd70      	pop	{r4, r5, r6, pc}

1000787c <tu_fifo_read_n>:
1000787c:	b510      	push	{r4, lr}
1000787e:	2300      	movs	r3, #0
10007880:	f7ff fe81 	bl	10007586 <_tu_fifo_read_n>
10007884:	bd10      	pop	{r4, pc}

10007886 <tu_fifo_write>:
10007886:	b5f8      	push	{r3, r4, r5, r6, r7, lr}
10007888:	0004      	movs	r4, r0
1000788a:	000e      	movs	r6, r1
1000788c:	68c0      	ldr	r0, [r0, #12]
1000788e:	2800      	cmp	r0, #0
10007890:	d003      	beq.n	1000789a <tu_fifo_write+0x14>
10007892:	2101      	movs	r1, #1
10007894:	4249      	negs	r1, r1
10007896:	f000 f8eb 	bl	10007a70 <__mutex_enter_timeout_ms_veneer>
1000789a:	8925      	ldrh	r5, [r4, #8]
1000789c:	b2ad      	uxth	r5, r5
1000789e:	0020      	movs	r0, r4
100078a0:	f7ff ff9f 	bl	100077e2 <tu_fifo_full>
100078a4:	2800      	cmp	r0, #0
100078a6:	d002      	beq.n	100078ae <tu_fifo_write+0x28>
100078a8:	79e7      	ldrb	r7, [r4, #7]
100078aa:	09ff      	lsrs	r7, r7, #7
100078ac:	d016      	beq.n	100078dc <tu_fifo_write+0x56>
100078ae:	88a2      	ldrh	r2, [r4, #4]
100078b0:	002b      	movs	r3, r5
100078b2:	e001      	b.n	100078b8 <tu_fifo_write+0x32>
100078b4:	1a9b      	subs	r3, r3, r2
100078b6:	b29b      	uxth	r3, r3
100078b8:	429a      	cmp	r2, r3
100078ba:	d9fb      	bls.n	100078b4 <tu_fifo_write+0x2e>
100078bc:	6820      	ldr	r0, [r4, #0]
100078be:	88e2      	ldrh	r2, [r4, #6]
100078c0:	0452      	lsls	r2, r2, #17
100078c2:	0c52      	lsrs	r2, r2, #17
100078c4:	4353      	muls	r3, r2
100078c6:	18c0      	adds	r0, r0, r3
100078c8:	0031      	movs	r1, r6
100078ca:	f7fb fed5 	bl	10003678 <__wrap___aeabi_memcpy>
100078ce:	88a0      	ldrh	r0, [r4, #4]
100078d0:	2201      	movs	r2, #1
100078d2:	0029      	movs	r1, r5
100078d4:	f7ff fdb6 	bl	10007444 <advance_index>
100078d8:	8120      	strh	r0, [r4, #8]
100078da:	2701      	movs	r7, #1
100078dc:	68e0      	ldr	r0, [r4, #12]
100078de:	2800      	cmp	r0, #0
100078e0:	d001      	beq.n	100078e6 <tu_fifo_write+0x60>
100078e2:	f000 f8a5 	bl	10007a30 <__mutex_exit_veneer>
100078e6:	0038      	movs	r0, r7
100078e8:	bdf8      	pop	{r3, r4, r5, r6, r7, pc}

100078ea <tu_fifo_write_n>:
100078ea:	b510      	push	{r4, lr}
100078ec:	2300      	movs	r3, #0
100078ee:	f7ff fea5 	bl	1000763c <_tu_fifo_write_n>
100078f2:	bd10      	pop	{r4, pc}

100078f4 <tu_fifo_clear>:
100078f4:	b510      	push	{r4, lr}
100078f6:	0004      	movs	r4, r0
100078f8:	68c0      	ldr	r0, [r0, #12]
100078fa:	2800      	cmp	r0, #0
100078fc:	d003      	beq.n	10007906 <tu_fifo_clear+0x12>
100078fe:	2101      	movs	r1, #1
10007900:	4249      	negs	r1, r1
10007902:	f000 f8b5 	bl	10007a70 <__mutex_enter_timeout_ms_veneer>
10007906:	6920      	ldr	r0, [r4, #16]
10007908:	2800      	cmp	r0, #0
1000790a:	d003      	beq.n	10007914 <tu_fifo_clear+0x20>
1000790c:	2101      	movs	r1, #1
1000790e:	4249      	negs	r1, r1
10007910:	f000 f8ae 	bl	10007a70 <__mutex_enter_timeout_ms_veneer>
10007914:	2300      	movs	r3, #0
10007916:	8163      	strh	r3, [r4, #10]
10007918:	8123      	strh	r3, [r4, #8]
1000791a:	68e0      	ldr	r0, [r4, #12]
1000791c:	2800      	cmp	r0, #0
1000791e:	d001      	beq.n	10007924 <tu_fifo_clear+0x30>
10007920:	f000 f886 	bl	10007a30 <__mutex_exit_veneer>
10007924:	6920      	ldr	r0, [r4, #16]
10007926:	2800      	cmp	r0, #0
10007928:	d001      	beq.n	1000792e <tu_fifo_clear+0x3a>
1000792a:	f000 f881 	bl	10007a30 <__mutex_exit_veneer>
1000792e:	2001      	movs	r0, #1
10007930:	bd10      	pop	{r4, pc}

10007932 <tu_fifo_set_overwritable>:
10007932:	b570      	push	{r4, r5, r6, lr}
10007934:	0004      	movs	r4, r0
10007936:	000d      	movs	r5, r1
10007938:	68c0      	ldr	r0, [r0, #12]
1000793a:	2800      	cmp	r0, #0
1000793c:	d003      	beq.n	10007946 <tu_fifo_set_overwritable+0x14>
1000793e:	2101      	movs	r1, #1
10007940:	4249      	negs	r1, r1
10007942:	f000 f895 	bl	10007a70 <__mutex_enter_timeout_ms_veneer>
10007946:	6920      	ldr	r0, [r4, #16]
10007948:	2800      	cmp	r0, #0
1000794a:	d003      	beq.n	10007954 <tu_fifo_set_overwritable+0x22>
1000794c:	2101      	movs	r1, #1
1000794e:	4249      	negs	r1, r1
10007950:	f000 f88e 	bl	10007a70 <__mutex_enter_timeout_ms_veneer>
10007954:	01ed      	lsls	r5, r5, #7
10007956:	79e3      	ldrb	r3, [r4, #7]
10007958:	217f      	movs	r1, #127	@ 0x7f
1000795a:	4019      	ands	r1, r3
1000795c:	4329      	orrs	r1, r5
1000795e:	71e1      	strb	r1, [r4, #7]
10007960:	68e0      	ldr	r0, [r4, #12]
10007962:	2800      	cmp	r0, #0
10007964:	d001      	beq.n	1000796a <tu_fifo_set_overwritable+0x38>
10007966:	f000 f863 	bl	10007a30 <__mutex_exit_veneer>
1000796a:	6920      	ldr	r0, [r4, #16]
1000796c:	2800      	cmp	r0, #0
1000796e:	d001      	beq.n	10007974 <tu_fifo_set_overwritable+0x42>
10007970:	f000 f85e 	bl	10007a30 <__mutex_exit_veneer>
10007974:	2001      	movs	r0, #1
10007976:	bd70      	pop	{r4, r5, r6, pc}

10007978 <adc_init>:
10007978:	2301      	movs	r3, #1
1000797a:	4a08      	ldr	r2, [pc, #32]	@ (1000799c <adc_init+0x24>)
1000797c:	6013      	str	r3, [r2, #0]
1000797e:	4a08      	ldr	r2, [pc, #32]	@ (100079a0 <adc_init+0x28>)
10007980:	6013      	str	r3, [r2, #0]
10007982:	4b08      	ldr	r3, [pc, #32]	@ (100079a4 <adc_init+0x2c>)
10007984:	681a      	ldr	r2, [r3, #0]
10007986:	2301      	movs	r3, #1
10007988:	4393      	bics	r3, r2
1000798a:	d1fa      	bne.n	10007982 <adc_init+0xa>
1000798c:	4b06      	ldr	r3, [pc, #24]	@ (100079a8 <adc_init+0x30>)
1000798e:	2201      	movs	r2, #1
10007990:	601a      	str	r2, [r3, #0]
10007992:	4b05      	ldr	r3, [pc, #20]	@ (100079a8 <adc_init+0x30>)
10007994:	681b      	ldr	r3, [r3, #0]
10007996:	05db      	lsls	r3, r3, #23
10007998:	d5fb      	bpl.n	10007992 <adc_init+0x1a>
1000799a:	4770      	bx	lr
1000799c:	4000e000 	.word	0x4000e000
100079a0:	4000f000 	.word	0x4000f000
100079a4:	4000c008 	.word	0x4000c008
100079a8:	4004c000 	.word	0x4004c000

100079ac <strlen>:
100079ac:	b510      	push	{r4, lr}
100079ae:	0783      	lsls	r3, r0, #30
100079b0:	d00a      	beq.n	100079c8 <strlen+0x1c>
100079b2:	0003      	movs	r3, r0
100079b4:	2103      	movs	r1, #3
100079b6:	e002      	b.n	100079be <strlen+0x12>
100079b8:	3301      	adds	r3, #1
100079ba:	420b      	tst	r3, r1
100079bc:	d005      	beq.n	100079ca <strlen+0x1e>
100079be:	781a      	ldrb	r2, [r3, #0]
100079c0:	2a00      	cmp	r2, #0
100079c2:	d1f9      	bne.n	100079b8 <strlen+0xc>
100079c4:	1a18      	subs	r0, r3, r0
100079c6:	bd10      	pop	{r4, pc}
100079c8:	0003      	movs	r3, r0
100079ca:	6819      	ldr	r1, [r3, #0]
100079cc:	4a0c      	ldr	r2, [pc, #48]	@ (10007a00 <strlen+0x54>)
100079ce:	4c0d      	ldr	r4, [pc, #52]	@ (10007a04 <strlen+0x58>)
100079d0:	188a      	adds	r2, r1, r2
100079d2:	438a      	bics	r2, r1
100079d4:	4222      	tst	r2, r4
100079d6:	d10f      	bne.n	100079f8 <strlen+0x4c>
100079d8:	6859      	ldr	r1, [r3, #4]
100079da:	4a09      	ldr	r2, [pc, #36]	@ (10007a00 <strlen+0x54>)
100079dc:	3304      	adds	r3, #4
100079de:	188a      	adds	r2, r1, r2
100079e0:	438a      	bics	r2, r1
100079e2:	4222      	tst	r2, r4
100079e4:	d108      	bne.n	100079f8 <strlen+0x4c>
100079e6:	6859      	ldr	r1, [r3, #4]
100079e8:	4a05      	ldr	r2, [pc, #20]	@ (10007a00 <strlen+0x54>)
100079ea:	3304      	adds	r3, #4
100079ec:	188a      	adds	r2, r1, r2
100079ee:	438a      	bics	r2, r1
100079f0:	4222      	tst	r2, r4
100079f2:	d0f1      	beq.n	100079d8 <strlen+0x2c>
100079f4:	e000      	b.n	100079f8 <strlen+0x4c>
100079f6:	3301      	adds	r3, #1
100079f8:	781a      	ldrb	r2, [r3, #0]
100079fa:	2a00      	cmp	r2, #0
100079fc:	d1fb      	bne.n	100079f6 <strlen+0x4a>
100079fe:	e7e1      	b.n	100079c4 <strlen+0x18>
10007a00:	fefefeff 	.word	0xfefefeff
10007a04:	80808080 	.word	0x80808080

10007a08 <_fini>:
10007a08:	b5f8      	push	{r3, r4, r5, r6, r7, lr}
10007a0a:	46c0      	nop			@ (mov r8, r8)
10007a0c:	0000      	movs	r0, r0
	...

10007a10 <__e15_is_bulkin_ep_veneer>:
10007a10:	b401      	push	{r0}
10007a12:	4802      	ldr	r0, [pc, #8]	@ (10007a1c <__e15_is_bulkin_ep_veneer+0xc>)
10007a14:	4684      	mov	ip, r0
10007a16:	bc01      	pop	{r0}
10007a18:	4760      	bx	ip
10007a1a:	bf00      	nop
10007a1c:	2000072d 	.word	0x2000072d

10007a20 <__flash_do_cmd_veneer>:
10007a20:	b401      	push	{r0}
10007a22:	4802      	ldr	r0, [pc, #8]	@ (10007a2c <__flash_do_cmd_veneer+0xc>)
10007a24:	4684      	mov	ip, r0
10007a26:	bc01      	pop	{r0}
10007a28:	4760      	bx	ip
10007a2a:	bf00      	nop
10007a2c:	200002f5 	.word	0x200002f5

10007a30 <__mutex_exit_veneer>:
10007a30:	b401      	push	{r0}
10007a32:	4802      	ldr	r0, [pc, #8]	@ (10007a3c <__mutex_exit_veneer+0xc>)
10007a34:	4684      	mov	ip, r0
10007a36:	bc01      	pop	{r0}
10007a38:	4760      	bx	ip
10007a3a:	bf00      	nop
10007a3c:	20000209 	.word	0x20000209

10007a40 <____aeabi_ldiv0_veneer>:
10007a40:	b401      	push	{r0}
10007a42:	4802      	ldr	r0, [pc, #8]	@ (10007a4c <____aeabi_ldiv0_veneer+0xc>)
10007a44:	4684      	mov	ip, r0
10007a46:	bc01      	pop	{r0}
10007a48:	4760      	bx	ip
10007a4a:	bf00      	nop
10007a4c:	20000b3d 	.word	0x20000b3d

10007a50 <____aeabi_idiv0_veneer>:
10007a50:	b401      	push	{r0}
10007a52:	4802      	ldr	r0, [pc, #8]	@ (10007a5c <____aeabi_idiv0_veneer+0xc>)
10007a54:	4684      	mov	ip, r0
10007a56:	bc01      	pop	{r0}
10007a58:	4760      	bx	ip
10007a5a:	bf00      	nop
10007a5c:	20000b3d 	.word	0x20000b3d

10007a60 <__mutex_try_enter_veneer>:
10007a60:	b401      	push	{r0}
10007a62:	4802      	ldr	r0, [pc, #8]	@ (10007a6c <__mutex_try_enter_veneer+0xc>)
10007a64:	4684      	mov	ip, r0
10007a66:	bc01      	pop	{r0}
10007a68:	4760      	bx	ip
10007a6a:	bf00      	nop
10007a6c:	200000c1 	.word	0x200000c1

10007a70 <__mutex_enter_timeout_ms_veneer>:
10007a70:	b401      	push	{r0}
10007a72:	4802      	ldr	r0, [pc, #8]	@ (10007a7c <__mutex_enter_timeout_ms_veneer+0xc>)
10007a74:	4684      	mov	ip, r0
10007a76:	bc01      	pop	{r0}
10007a78:	4760      	bx	ip
10007a7a:	bf00      	nop
10007a7c:	200001cd 	.word	0x200001cd

10007a80 <__e15_is_critical_frame_period_veneer>:
10007a80:	b401      	push	{r0}
10007a82:	4802      	ldr	r0, [pc, #8]	@ (10007a8c <__e15_is_critical_frame_period_veneer+0xc>)
10007a84:	4684      	mov	ip, r0
10007a86:	bc01      	pop	{r0}
10007a88:	4760      	bx	ip
10007a8a:	bf00      	nop
10007a8c:	20000759 	.word	0x20000759

10007a90 <__mutex_try_enter_block_until_veneer>:
10007a90:	b401      	push	{r0}
10007a92:	4802      	ldr	r0, [pc, #8]	@ (10007a9c <__mutex_try_enter_block_until_veneer+0xc>)
10007a94:	4684      	mov	ip, r0
10007a96:	bc01      	pop	{r0}
10007a98:	4760      	bx	ip
10007a9a:	bf00      	nop
10007a9c:	20000199 	.word	0x20000199

10007aa0 <__hw_endpoint_start_next_buffer_veneer>:
10007aa0:	b401      	push	{r0}
10007aa2:	4802      	ldr	r0, [pc, #8]	@ (10007aac <__hw_endpoint_start_next_buffer_veneer+0xc>)
10007aa4:	4684      	mov	ip, r0
10007aa6:	bc01      	pop	{r0}
10007aa8:	4760      	bx	ip
10007aaa:	bf00      	nop
10007aac:	20000881 	.word	0x20000881

10007ab0 <__hw_endpoint_reset_transfer_veneer>:
10007ab0:	b401      	push	{r0}
10007ab2:	4802      	ldr	r0, [pc, #8]	@ (10007abc <__hw_endpoint_reset_transfer_veneer+0xc>)
10007ab4:	4684      	mov	ip, r0
10007ab6:	bc01      	pop	{r0}
10007ab8:	4760      	bx	ip
10007aba:	bf00      	nop
10007abc:	20000829 	.word	0x20000829

10007ac0 <___hw_endpoint_buffer_control_update32_veneer>:
10007ac0:	b401      	push	{r0}
10007ac2:	4802      	ldr	r0, [pc, #8]	@ (10007acc <___hw_endpoint_buffer_control_update32_veneer+0xc>)
10007ac4:	4684      	mov	ip, r0
10007ac6:	bc01      	pop	{r0}
10007ac8:	4760      	bx	ip
10007aca:	bf00      	nop
10007acc:	20000835 	.word	0x20000835

10007ad0 <__reset_non_control_endpoints_veneer>:
10007ad0:	b401      	push	{r0}
10007ad2:	4802      	ldr	r0, [pc, #8]	@ (10007adc <__reset_non_control_endpoints_veneer+0xc>)
10007ad4:	4684      	mov	ip, r0
10007ad6:	bc01      	pop	{r0}
10007ad8:	4760      	bx	ip
10007ada:	bf00      	nop
10007adc:	200003e1 	.word	0x200003e1

10007ae0 <__pre_init_runtime_init_early_resets>:
10007ae0:	10002591                                .%..

10007ae4 <__pre_init_runtime_init_usb_power_down>:
10007ae4:	100025bd 10002751 1000365d 10002e09     .%..Q'..]6......
10007af4:	10003151                                Q1..

10007af8 <__pre_init_runtime_init_clocks>:
10007af8:	10002685                                .&..

10007afc <__pre_init_runtime_init_post_clock_resets>:
10007afc:	100025d9                                .%..

10007b00 <__pre_init_runtime_init_rp2040_gpio_ie_disable>:
10007b00:	100025f9                                .%..

10007b04 <__pre_init_runtime_init_spin_locks_reset>:
10007b04:	1000260d                                .&..

10007b08 <__pre_init_runtime_init_mutex>:
10007b08:	1000181d                                ....

10007b0c <__pre_init_runtime_init_install_ram_vector_table>:
10007b0c:	10002615                                .&..

10007b10 <__pre_init_runtime_init_default_alarm_pool>:
10007b10:	100020c1                                . ..

10007b14 <__pre_init_first_per_core_initializer>:
10007b14:	1000257d                                }%..

10007b18 <__pre_init_runtime_init_per_core_irq_priorities>:
10007b18:	10001331                                1...

10007b1c <__init_array_start>:
10007b1c:	1000523d 	.word	0x1000523d

10007b20 <__frame_dummy_init_array_entry>:
10007b20:	100002b1                                ....

Disassembly of section .data:

200000c0 <mutex_try_enter>:
200000c0:	b510      	push	{r4, lr}
200000c2:	0003      	movs	r3, r0
200000c4:	6804      	ldr	r4, [r0, #0]
200000c6:	f3ef 8210 	mrs	r2, PRIMASK
200000ca:	b672      	cpsid	i
200000cc:	6820      	ldr	r0, [r4, #0]
200000ce:	2800      	cmp	r0, #0
200000d0:	d0fc      	beq.n	200000cc <mutex_try_enter+0xc>
200000d2:	f3bf 8f5f 	dmb	sy
200000d6:	2004      	movs	r0, #4
200000d8:	5618      	ldrsb	r0, [r3, r0]
200000da:	2800      	cmp	r0, #0
200000dc:	db0b      	blt.n	200000f6 <mutex_try_enter+0x36>
200000de:	2900      	cmp	r1, #0
200000e0:	d010      	beq.n	20000104 <mutex_try_enter+0x44>
200000e2:	6008      	str	r0, [r1, #0]
200000e4:	2000      	movs	r0, #0
200000e6:	681b      	ldr	r3, [r3, #0]
200000e8:	f3bf 8f5f 	dmb	sy
200000ec:	2100      	movs	r1, #0
200000ee:	6019      	str	r1, [r3, #0]
200000f0:	f382 8810 	msr	PRIMASK, r2
200000f4:	bd10      	pop	{r4, pc}
200000f6:	21d0      	movs	r1, #208	@ 0xd0
200000f8:	0609      	lsls	r1, r1, #24
200000fa:	7809      	ldrb	r1, [r1, #0]
200000fc:	b249      	sxtb	r1, r1
200000fe:	7119      	strb	r1, [r3, #4]
20000100:	2001      	movs	r0, #1
20000102:	e7f0      	b.n	200000e6 <mutex_try_enter+0x26>
20000104:	2000      	movs	r0, #0
20000106:	e7ee      	b.n	200000e6 <mutex_try_enter+0x26>

20000108 <mutex_enter_block_until>:
20000108:	b5f0      	push	{r4, r5, r6, r7, lr}
2000010a:	46d6      	mov	lr, sl
2000010c:	464f      	mov	r7, r9
2000010e:	4646      	mov	r6, r8
20000110:	b5c0      	push	{r6, r7, lr}
20000112:	0005      	movs	r5, r0
20000114:	4690      	mov	r8, r2
20000116:	4699      	mov	r9, r3
20000118:	6803      	ldr	r3, [r0, #0]
2000011a:	2b00      	cmp	r3, #0
2000011c:	d020      	beq.n	20000160 <mutex_enter_block_until+0x58>
2000011e:	23d0      	movs	r3, #208	@ 0xd0
20000120:	061b      	lsls	r3, r3, #24
20000122:	781b      	ldrb	r3, [r3, #0]
20000124:	b25b      	sxtb	r3, r3
20000126:	469a      	mov	sl, r3
20000128:	682f      	ldr	r7, [r5, #0]
2000012a:	f3ef 8410 	mrs	r4, PRIMASK
2000012e:	b672      	cpsid	i
20000130:	683e      	ldr	r6, [r7, #0]
20000132:	2e00      	cmp	r6, #0
20000134:	d0fc      	beq.n	20000130 <mutex_enter_block_until+0x28>
20000136:	f3bf 8f5f 	dmb	sy
2000013a:	2304      	movs	r3, #4
2000013c:	56eb      	ldrsb	r3, [r5, r3]
2000013e:	2b00      	cmp	r3, #0
20000140:	db14      	blt.n	2000016c <mutex_enter_block_until+0x64>
20000142:	682b      	ldr	r3, [r5, #0]
20000144:	f3bf 8f5f 	dmb	sy
20000148:	2200      	movs	r2, #0
2000014a:	601a      	str	r2, [r3, #0]
2000014c:	f384 8810 	msr	PRIMASK, r4
20000150:	4640      	mov	r0, r8
20000152:	4649      	mov	r1, r9
20000154:	f000 fd24 	bl	20000ba0 <__best_effort_wfe_or_timeout_veneer>
20000158:	2800      	cmp	r0, #0
2000015a:	d0e5      	beq.n	20000128 <mutex_enter_block_until+0x20>
2000015c:	2000      	movs	r0, #0
2000015e:	e00f      	b.n	20000180 <mutex_enter_block_until+0x78>
20000160:	4b0a      	ldr	r3, [pc, #40]	@ (2000018c <mutex_enter_block_until+0x84>)
20000162:	4a0b      	ldr	r2, [pc, #44]	@ (20000190 <mutex_enter_block_until+0x88>)
20000164:	480b      	ldr	r0, [pc, #44]	@ (20000194 <mutex_enter_block_until+0x8c>)
20000166:	21a6      	movs	r1, #166	@ 0xa6
20000168:	f000 fcfa 	bl	20000b60 <____assert_func_veneer>
2000016c:	4653      	mov	r3, sl
2000016e:	712b      	strb	r3, [r5, #4]
20000170:	682b      	ldr	r3, [r5, #0]
20000172:	f3bf 8f5f 	dmb	sy
20000176:	2200      	movs	r2, #0
20000178:	601a      	str	r2, [r3, #0]
2000017a:	f384 8810 	msr	PRIMASK, r4
2000017e:	2001      	movs	r0, #1
20000180:	bce0      	pop	{r5, r6, r7}
20000182:	46ba      	mov	sl, r7
20000184:	46b1      	mov	r9, r6
20000186:	46a8      	mov	r8, r5
20000188:	bdf0      	pop	{r4, r5, r6, r7, pc}
2000018a:	46c0      	nop			@ (mov r8, r8)
2000018c:	10007f14 	.word	0x10007f14
20000190:	10008948 	.word	0x10008948
20000194:	10007ec8 	.word	0x10007ec8

20000198 <mutex_try_enter_block_until>:
20000198:	b570      	push	{r4, r5, r6, lr}
2000019a:	b082      	sub	sp, #8
2000019c:	0006      	movs	r6, r0
2000019e:	0015      	movs	r5, r2
200001a0:	001c      	movs	r4, r3
200001a2:	a901      	add	r1, sp, #4
200001a4:	f7ff ff8c 	bl	200000c0 <mutex_try_enter>
200001a8:	2800      	cmp	r0, #0
200001aa:	d107      	bne.n	200001bc <mutex_try_enter_block_until+0x24>
200001ac:	9b01      	ldr	r3, [sp, #4]
200001ae:	b25b      	sxtb	r3, r3
200001b0:	22d0      	movs	r2, #208	@ 0xd0
200001b2:	0612      	lsls	r2, r2, #24
200001b4:	7812      	ldrb	r2, [r2, #0]
200001b6:	b252      	sxtb	r2, r2
200001b8:	4293      	cmp	r3, r2
200001ba:	d101      	bne.n	200001c0 <mutex_try_enter_block_until+0x28>
200001bc:	b002      	add	sp, #8
200001be:	bd70      	pop	{r4, r5, r6, pc}
200001c0:	002a      	movs	r2, r5
200001c2:	0023      	movs	r3, r4
200001c4:	0030      	movs	r0, r6
200001c6:	f7ff ff9f 	bl	20000108 <mutex_enter_block_until>
200001ca:	e7f7      	b.n	200001bc <mutex_try_enter_block_until+0x24>

200001cc <mutex_enter_timeout_ms>:
200001cc:	b5f8      	push	{r3, r4, r5, r6, r7, lr}
200001ce:	0006      	movs	r6, r0
200001d0:	000f      	movs	r7, r1
200001d2:	f000 fced 	bl	20000bb0 <__time_us_64_veneer>
200001d6:	0004      	movs	r4, r0
200001d8:	000d      	movs	r5, r1
200001da:	22fa      	movs	r2, #250	@ 0xfa
200001dc:	0092      	lsls	r2, r2, #2
200001de:	2300      	movs	r3, #0
200001e0:	0038      	movs	r0, r7
200001e2:	2100      	movs	r1, #0
200001e4:	f000 fccc 	bl	20000b80 <____wrap___aeabi_lmul_veneer>
200001e8:	0022      	movs	r2, r4
200001ea:	002b      	movs	r3, r5
200001ec:	1812      	adds	r2, r2, r0
200001ee:	414b      	adcs	r3, r1
200001f0:	2b00      	cmp	r3, #0
200001f2:	db03      	blt.n	200001fc <mutex_enter_timeout_ms+0x30>
200001f4:	0030      	movs	r0, r6
200001f6:	f7ff ff87 	bl	20000108 <mutex_enter_block_until>
200001fa:	bdf8      	pop	{r3, r4, r5, r6, r7, pc}
200001fc:	2201      	movs	r2, #1
200001fe:	4252      	negs	r2, r2
20000200:	4b00      	ldr	r3, [pc, #0]	@ (20000204 <mutex_enter_timeout_ms+0x38>)
20000202:	e7f7      	b.n	200001f4 <mutex_enter_timeout_ms+0x28>
20000204:	7fffffff 	.word	0x7fffffff

20000208 <mutex_exit>:
20000208:	b510      	push	{r4, lr}
2000020a:	6801      	ldr	r1, [r0, #0]
2000020c:	f3ef 8310 	mrs	r3, PRIMASK
20000210:	b672      	cpsid	i
20000212:	680a      	ldr	r2, [r1, #0]
20000214:	2a00      	cmp	r2, #0
20000216:	d0fc      	beq.n	20000212 <mutex_exit+0xa>
20000218:	f3bf 8f5f 	dmb	sy
2000021c:	2204      	movs	r2, #4
2000021e:	5682      	ldrsb	r2, [r0, r2]
20000220:	2a00      	cmp	r2, #0
20000222:	db0a      	blt.n	2000023a <mutex_exit+0x32>
20000224:	22ff      	movs	r2, #255	@ 0xff
20000226:	7102      	strb	r2, [r0, #4]
20000228:	6802      	ldr	r2, [r0, #0]
2000022a:	f3bf 8f5f 	dmb	sy
2000022e:	2100      	movs	r1, #0
20000230:	6011      	str	r1, [r2, #0]
20000232:	f383 8810 	msr	PRIMASK, r3
20000236:	bf40      	sev
20000238:	bd10      	pop	{r4, pc}
2000023a:	4b03      	ldr	r3, [pc, #12]	@ (20000248 <mutex_exit+0x40>)
2000023c:	4a03      	ldr	r2, [pc, #12]	@ (2000024c <mutex_exit+0x44>)
2000023e:	4804      	ldr	r0, [pc, #16]	@ (20000250 <mutex_exit+0x48>)
20000240:	21d5      	movs	r1, #213	@ 0xd5
20000242:	f000 fc8d 	bl	20000b60 <____assert_func_veneer>
20000246:	46c0      	nop			@ (mov r8, r8)
20000248:	10007f28 	.word	0x10007f28
2000024c:	1000893c 	.word	0x1000893c
20000250:	10007ec8 	.word	0x10007ec8

20000254 <flash_init_boot2_copyout>:
20000254:	4b09      	ldr	r3, [pc, #36]	@ (2000027c <flash_init_boot2_copyout+0x28>)
20000256:	781b      	ldrb	r3, [r3, #0]
20000258:	2b00      	cmp	r3, #0
2000025a:	d008      	beq.n	2000026e <flash_init_boot2_copyout+0x1a>
2000025c:	e00c      	b.n	20000278 <flash_init_boot2_copyout+0x24>
2000025e:	009a      	lsls	r2, r3, #2
20000260:	2180      	movs	r1, #128	@ 0x80
20000262:	0549      	lsls	r1, r1, #21
20000264:	1851      	adds	r1, r2, r1
20000266:	6808      	ldr	r0, [r1, #0]
20000268:	4905      	ldr	r1, [pc, #20]	@ (20000280 <flash_init_boot2_copyout+0x2c>)
2000026a:	5050      	str	r0, [r2, r1]
2000026c:	3301      	adds	r3, #1
2000026e:	2b3f      	cmp	r3, #63	@ 0x3f
20000270:	ddf5      	ble.n	2000025e <flash_init_boot2_copyout+0xa>
20000272:	4b02      	ldr	r3, [pc, #8]	@ (2000027c <flash_init_boot2_copyout+0x28>)
20000274:	2201      	movs	r2, #1
20000276:	701a      	strb	r2, [r3, #0]
20000278:	4770      	bx	lr
2000027a:	46c0      	nop			@ (mov r8, r8)
2000027c:	20014157 	.word	0x20014157
20000280:	200028ac 	.word	0x200028ac

20000284 <flash_enable_xip_via_boot2>:
20000284:	b510      	push	{r4, lr}
20000286:	4b01      	ldr	r3, [pc, #4]	@ (2000028c <flash_enable_xip_via_boot2+0x8>)
20000288:	4798      	blx	r3
2000028a:	bd10      	pop	{r4, pc}
2000028c:	200028ad 	.word	0x200028ad

20000290 <flash_save_hardware_state>:
20000290:	2300      	movs	r3, #0
20000292:	e005      	b.n	200002a0 <flash_save_hardware_state+0x10>
20000294:	009a      	lsls	r2, r3, #2
20000296:	4904      	ldr	r1, [pc, #16]	@ (200002a8 <flash_save_hardware_state+0x18>)
20000298:	1851      	adds	r1, r2, r1
2000029a:	6849      	ldr	r1, [r1, #4]
2000029c:	5011      	str	r1, [r2, r0]
2000029e:	3301      	adds	r3, #1
200002a0:	2b05      	cmp	r3, #5
200002a2:	d9f7      	bls.n	20000294 <flash_save_hardware_state+0x4>
200002a4:	4770      	bx	lr
200002a6:	46c0      	nop			@ (mov r8, r8)
200002a8:	40020000 	.word	0x40020000

200002ac <flash_restore_hardware_state>:
200002ac:	b510      	push	{r4, lr}
200002ae:	2200      	movs	r2, #0
200002b0:	e006      	b.n	200002c0 <flash_restore_hardware_state+0x14>
200002b2:	0093      	lsls	r3, r2, #2
200002b4:	5819      	ldr	r1, [r3, r0]
200002b6:	4c04      	ldr	r4, [pc, #16]	@ (200002c8 <flash_restore_hardware_state+0x1c>)
200002b8:	46a4      	mov	ip, r4
200002ba:	4463      	add	r3, ip
200002bc:	6059      	str	r1, [r3, #4]
200002be:	3201      	adds	r2, #1
200002c0:	2a05      	cmp	r2, #5
200002c2:	d9f6      	bls.n	200002b2 <flash_restore_hardware_state+0x6>
200002c4:	bd10      	pop	{r4, pc}
200002c6:	46c0      	nop			@ (mov r8, r8)
200002c8:	40020000 	.word	0x40020000

200002cc <flash_cs_force>:
200002cc:	2800      	cmp	r0, #0
200002ce:	d00a      	beq.n	200002e6 <flash_cs_force+0x1a>
200002d0:	2303      	movs	r3, #3
200002d2:	021b      	lsls	r3, r3, #8
200002d4:	4a05      	ldr	r2, [pc, #20]	@ (200002ec <flash_cs_force+0x20>)
200002d6:	6812      	ldr	r2, [r2, #0]
200002d8:	4053      	eors	r3, r2
200002da:	22c0      	movs	r2, #192	@ 0xc0
200002dc:	0092      	lsls	r2, r2, #2
200002de:	4013      	ands	r3, r2
200002e0:	4a03      	ldr	r2, [pc, #12]	@ (200002f0 <flash_cs_force+0x24>)
200002e2:	6013      	str	r3, [r2, #0]
200002e4:	4770      	bx	lr
200002e6:	2302      	movs	r3, #2
200002e8:	e7f3      	b.n	200002d2 <flash_cs_force+0x6>
200002ea:	46c0      	nop			@ (mov r8, r8)
200002ec:	4001800c 	.word	0x4001800c
200002f0:	4001900c 	.word	0x4001900c

200002f4 <flash_do_cmd>:
200002f4:	b5f0      	push	{r4, r5, r6, r7, lr}
200002f6:	46d6      	mov	lr, sl
200002f8:	464f      	mov	r7, r9
200002fa:	4646      	mov	r6, r8
200002fc:	b5c0      	push	{r6, r7, lr}
200002fe:	b086      	sub	sp, #24
20000300:	0007      	movs	r7, r0
20000302:	000e      	movs	r6, r1
20000304:	0015      	movs	r5, r2
20000306:	2318      	movs	r3, #24
20000308:	469a      	mov	sl, r3
2000030a:	881b      	ldrh	r3, [r3, #0]
2000030c:	2214      	movs	r2, #20
2000030e:	4690      	mov	r8, r2
20000310:	8810      	ldrh	r0, [r2, #0]
20000312:	492d      	ldr	r1, [pc, #180]	@ (200003c8 <flash_do_cmd+0xd4>)
20000314:	4798      	blx	r3
20000316:	4681      	mov	r9, r0
20000318:	4653      	mov	r3, sl
2000031a:	881b      	ldrh	r3, [r3, #0]
2000031c:	4642      	mov	r2, r8
2000031e:	8810      	ldrh	r0, [r2, #0]
20000320:	492a      	ldr	r1, [pc, #168]	@ (200003cc <flash_do_cmd+0xd8>)
20000322:	4798      	blx	r3
20000324:	0004      	movs	r4, r0
20000326:	4653      	mov	r3, sl
20000328:	881b      	ldrh	r3, [r3, #0]
2000032a:	4642      	mov	r2, r8
2000032c:	8810      	ldrh	r0, [r2, #0]
2000032e:	4928      	ldr	r1, [pc, #160]	@ (200003d0 <flash_do_cmd+0xdc>)
20000330:	4798      	blx	r3
20000332:	4680      	mov	r8, r0
20000334:	464b      	mov	r3, r9
20000336:	2b00      	cmp	r3, #0
20000338:	d00f      	beq.n	2000035a <flash_do_cmd+0x66>
2000033a:	2c00      	cmp	r4, #0
2000033c:	d00d      	beq.n	2000035a <flash_do_cmd+0x66>
2000033e:	2800      	cmp	r0, #0
20000340:	d00b      	beq.n	2000035a <flash_do_cmd+0x66>
20000342:	f7ff ff87 	bl	20000254 <flash_init_boot2_copyout>
20000346:	4668      	mov	r0, sp
20000348:	f7ff ffa2 	bl	20000290 <flash_save_hardware_state>
2000034c:	47c8      	blx	r9
2000034e:	47a0      	blx	r4
20000350:	2000      	movs	r0, #0
20000352:	f7ff ffbb 	bl	200002cc <flash_cs_force>
20000356:	002a      	movs	r2, r5
20000358:	e010      	b.n	2000037c <flash_do_cmd+0x88>
2000035a:	4b1e      	ldr	r3, [pc, #120]	@ (200003d4 <flash_do_cmd+0xe0>)
2000035c:	4a1e      	ldr	r2, [pc, #120]	@ (200003d8 <flash_do_cmd+0xe4>)
2000035e:	218a      	movs	r1, #138	@ 0x8a
20000360:	481e      	ldr	r0, [pc, #120]	@ (200003dc <flash_do_cmd+0xe8>)
20000362:	0049      	lsls	r1, r1, #1
20000364:	f000 fbfc 	bl	20000b60 <____assert_func_veneer>
20000368:	2b00      	cmp	r3, #0
2000036a:	d007      	beq.n	2000037c <flash_do_cmd+0x88>
2000036c:	2a00      	cmp	r2, #0
2000036e:	d005      	beq.n	2000037c <flash_do_cmd+0x88>
20000370:	23c0      	movs	r3, #192	@ 0xc0
20000372:	055b      	lsls	r3, r3, #21
20000374:	6e1b      	ldr	r3, [r3, #96]	@ 0x60
20000376:	7033      	strb	r3, [r6, #0]
20000378:	3a01      	subs	r2, #1
2000037a:	3601      	adds	r6, #1
2000037c:	002b      	movs	r3, r5
2000037e:	4313      	orrs	r3, r2
20000380:	d012      	beq.n	200003a8 <flash_do_cmd+0xb4>
20000382:	23c0      	movs	r3, #192	@ 0xc0
20000384:	055b      	lsls	r3, r3, #21
20000386:	6a9c      	ldr	r4, [r3, #40]	@ 0x28
20000388:	2308      	movs	r3, #8
2000038a:	4023      	ands	r3, r4
2000038c:	07a4      	lsls	r4, r4, #30
2000038e:	d5eb      	bpl.n	20000368 <flash_do_cmd+0x74>
20000390:	2d00      	cmp	r5, #0
20000392:	d0e9      	beq.n	20000368 <flash_do_cmd+0x74>
20000394:	1b51      	subs	r1, r2, r5
20000396:	290d      	cmp	r1, #13
20000398:	d8e6      	bhi.n	20000368 <flash_do_cmd+0x74>
2000039a:	7838      	ldrb	r0, [r7, #0]
2000039c:	21c0      	movs	r1, #192	@ 0xc0
2000039e:	0549      	lsls	r1, r1, #21
200003a0:	6608      	str	r0, [r1, #96]	@ 0x60
200003a2:	3d01      	subs	r5, #1
200003a4:	3701      	adds	r7, #1
200003a6:	e7df      	b.n	20000368 <flash_do_cmd+0x74>
200003a8:	2001      	movs	r0, #1
200003aa:	f7ff ff8f 	bl	200002cc <flash_cs_force>
200003ae:	47c0      	blx	r8
200003b0:	f7ff ff68 	bl	20000284 <flash_enable_xip_via_boot2>
200003b4:	4668      	mov	r0, sp
200003b6:	f7ff ff79 	bl	200002ac <flash_restore_hardware_state>
200003ba:	b006      	add	sp, #24
200003bc:	bce0      	pop	{r5, r6, r7}
200003be:	46ba      	mov	sl, r7
200003c0:	46b1      	mov	r9, r6
200003c2:	46a8      	mov	r8, r5
200003c4:	bdf0      	pop	{r4, r5, r6, r7, pc}
200003c6:	46c0      	nop			@ (mov r8, r8)
200003c8:	00004649 	.word	0x00004649
200003cc:	00005845 	.word	0x00005845
200003d0:	00004346 	.word	0x00004346
200003d4:	10008670 	.word	0x10008670
200003d8:	10008de0 	.word	0x10008de0
200003dc:	10008520 	.word	0x10008520

200003e0 <reset_non_control_endpoints>:
200003e0:	b510      	push	{r4, lr}
200003e2:	2300      	movs	r3, #0
200003e4:	e008      	b.n	200003f8 <reset_non_control_endpoints+0x18>
200003e6:	3301      	adds	r3, #1
200003e8:	00da      	lsls	r2, r3, #3
200003ea:	2100      	movs	r1, #0
200003ec:	4808      	ldr	r0, [pc, #32]	@ (20000410 <reset_non_control_endpoints+0x30>)
200003ee:	5011      	str	r1, [r2, r0]
200003f0:	4684      	mov	ip, r0
200003f2:	4462      	add	r2, ip
200003f4:	6051      	str	r1, [r2, #4]
200003f6:	b2db      	uxtb	r3, r3
200003f8:	2b0e      	cmp	r3, #14
200003fa:	d9f4      	bls.n	200003e6 <reset_non_control_endpoints+0x6>
200003fc:	4805      	ldr	r0, [pc, #20]	@ (20000414 <reset_non_control_endpoints+0x34>)
200003fe:	22f0      	movs	r2, #240	@ 0xf0
20000400:	0092      	lsls	r2, r2, #2
20000402:	2100      	movs	r1, #0
20000404:	f000 fba4 	bl	20000b50 <____wrap_memset_veneer>
20000408:	4b03      	ldr	r3, [pc, #12]	@ (20000418 <reset_non_control_endpoints+0x38>)
2000040a:	4a04      	ldr	r2, [pc, #16]	@ (2000041c <reset_non_control_endpoints+0x3c>)
2000040c:	601a      	str	r2, [r3, #0]
2000040e:	bd10      	pop	{r4, pc}
20000410:	50100000 	.word	0x50100000
20000414:	2000fb30 	.word	0x2000fb30
20000418:	2000fef4 	.word	0x2000fef4
2000041c:	50100180 	.word	0x50100180

20000420 <hw_handle_buff_status>:
20000420:	b5f0      	push	{r4, r5, r6, r7, lr}
20000422:	46ce      	mov	lr, r9
20000424:	4647      	mov	r7, r8
20000426:	b580      	push	{r7, lr}
20000428:	b085      	sub	sp, #20
2000042a:	4b21      	ldr	r3, [pc, #132]	@ (200004b0 <hw_handle_buff_status+0x90>)
2000042c:	6d9f      	ldr	r7, [r3, #88]	@ 0x58
2000042e:	2400      	movs	r4, #0
20000430:	2601      	movs	r6, #1
20000432:	e003      	b.n	2000043c <hw_handle_buff_status+0x1c>
20000434:	43b7      	bics	r7, r6
20000436:	0076      	lsls	r6, r6, #1
20000438:	3401      	adds	r4, #1
2000043a:	b2e4      	uxtb	r4, r4
2000043c:	2f00      	cmp	r7, #0
2000043e:	d031      	beq.n	200004a4 <hw_handle_buff_status+0x84>
20000440:	2c1f      	cmp	r4, #31
20000442:	d82f      	bhi.n	200004a4 <hw_handle_buff_status+0x84>
20000444:	423e      	tst	r6, r7
20000446:	d0f6      	beq.n	20000436 <hw_handle_buff_status+0x16>
20000448:	4b1a      	ldr	r3, [pc, #104]	@ (200004b4 <hw_handle_buff_status+0x94>)
2000044a:	659e      	str	r6, [r3, #88]	@ 0x58
2000044c:	0863      	lsrs	r3, r4, #1
2000044e:	4699      	mov	r9, r3
20000450:	2301      	movs	r3, #1
20000452:	4023      	ands	r3, r4
20000454:	2201      	movs	r2, #1
20000456:	4053      	eors	r3, r2
20000458:	b2db      	uxtb	r3, r3
2000045a:	4698      	mov	r8, r3
2000045c:	464b      	mov	r3, r9
2000045e:	005d      	lsls	r5, r3, #1
20000460:	4445      	add	r5, r8
20000462:	016d      	lsls	r5, r5, #5
20000464:	4b14      	ldr	r3, [pc, #80]	@ (200004b8 <hw_handle_buff_status+0x98>)
20000466:	18ed      	adds	r5, r5, r3
20000468:	0028      	movs	r0, r5
2000046a:	f000 fa47 	bl	200008fc <hw_endpoint_xfer_continue>
2000046e:	2800      	cmp	r0, #0
20000470:	d0e0      	beq.n	20000434 <hw_handle_buff_status+0x14>
20000472:	4a11      	ldr	r2, [pc, #68]	@ (200004b8 <hw_handle_buff_status+0x98>)
20000474:	464b      	mov	r3, r9
20000476:	005b      	lsls	r3, r3, #1
20000478:	4443      	add	r3, r8
2000047a:	015b      	lsls	r3, r3, #5
2000047c:	18d3      	adds	r3, r2, r3
2000047e:	7899      	ldrb	r1, [r3, #2]
20000480:	8ada      	ldrh	r2, [r3, #22]
20000482:	a801      	add	r0, sp, #4
20000484:	2300      	movs	r3, #0
20000486:	4698      	mov	r8, r3
20000488:	7003      	strb	r3, [r0, #0]
2000048a:	3307      	adds	r3, #7
2000048c:	7043      	strb	r3, [r0, #1]
2000048e:	7101      	strb	r1, [r0, #4]
20000490:	6082      	str	r2, [r0, #8]
20000492:	4643      	mov	r3, r8
20000494:	7143      	strb	r3, [r0, #5]
20000496:	2101      	movs	r1, #1
20000498:	f000 fa50 	bl	2000093c <dcd_event_handler>
2000049c:	0028      	movs	r0, r5
2000049e:	f000 f9c3 	bl	20000828 <hw_endpoint_reset_transfer>
200004a2:	e7c7      	b.n	20000434 <hw_handle_buff_status+0x14>
200004a4:	b005      	add	sp, #20
200004a6:	bcc0      	pop	{r6, r7}
200004a8:	46b9      	mov	r9, r7
200004aa:	46b0      	mov	r8, r6
200004ac:	bdf0      	pop	{r4, r5, r6, r7, pc}
200004ae:	46c0      	nop			@ (mov r8, r8)
200004b0:	50110000 	.word	0x50110000
200004b4:	50113000 	.word	0x50113000
200004b8:	2000faf0 	.word	0x2000faf0

200004bc <dcd_rp2040_irq>:
200004bc:	b5f0      	push	{r4, r5, r6, r7, lr}
200004be:	46ce      	mov	lr, r9
200004c0:	4647      	mov	r7, r8
200004c2:	b580      	push	{r7, lr}
200004c4:	b085      	sub	sp, #20
200004c6:	4a75      	ldr	r2, [pc, #468]	@ (2000069c <dcd_rp2040_irq+0x1e0>)
200004c8:	2398      	movs	r3, #152	@ 0x98
200004ca:	58d5      	ldr	r5, [r2, r3]
200004cc:	2380      	movs	r3, #128	@ 0x80
200004ce:	029b      	lsls	r3, r3, #10
200004d0:	002f      	movs	r7, r5
200004d2:	401f      	ands	r7, r3
200004d4:	421d      	tst	r5, r3
200004d6:	d045      	beq.n	20000564 <dcd_rp2040_irq+0xa8>
200004d8:	4b71      	ldr	r3, [pc, #452]	@ (200006a0 <dcd_rp2040_irq+0x1e4>)
200004da:	6a9a      	ldr	r2, [r3, #40]	@ 0x28
200004dc:	4b71      	ldr	r3, [pc, #452]	@ (200006a4 <dcd_rp2040_irq+0x1e8>)
200004de:	601a      	str	r2, [r3, #0]
200004e0:	2400      	movs	r4, #0
200004e2:	2100      	movs	r1, #0
200004e4:	e009      	b.n	200004fa <dcd_rp2040_irq+0x3e>
200004e6:	4b70      	ldr	r3, [pc, #448]	@ (200006a8 <dcd_rp2040_irq+0x1ec>)
200004e8:	185b      	adds	r3, r3, r1
200004ea:	333c      	adds	r3, #60	@ 0x3c
200004ec:	2200      	movs	r2, #0
200004ee:	701a      	strb	r2, [r3, #0]
200004f0:	f000 f9c6 	bl	20000880 <hw_endpoint_start_next_buffer>
200004f4:	0031      	movs	r1, r6
200004f6:	3401      	adds	r4, #1
200004f8:	b2e4      	uxtb	r4, r4
200004fa:	2c0f      	cmp	r4, #15
200004fc:	d818      	bhi.n	20000530 <dcd_rp2040_irq+0x74>
200004fe:	01a6      	lsls	r6, r4, #6
20000500:	0030      	movs	r0, r6
20000502:	3020      	adds	r0, #32
20000504:	4b68      	ldr	r3, [pc, #416]	@ (200006a8 <dcd_rp2040_irq+0x1ec>)
20000506:	18c0      	adds	r0, r0, r3
20000508:	199b      	adds	r3, r3, r6
2000050a:	333b      	adds	r3, #59	@ 0x3b
2000050c:	781b      	ldrb	r3, [r3, #0]
2000050e:	2b02      	cmp	r3, #2
20000510:	d1f1      	bne.n	200004f6 <dcd_rp2040_irq+0x3a>
20000512:	4b65      	ldr	r3, [pc, #404]	@ (200006a8 <dcd_rp2040_irq+0x1ec>)
20000514:	199b      	adds	r3, r3, r6
20000516:	333a      	adds	r3, #58	@ 0x3a
20000518:	781e      	ldrb	r6, [r3, #0]
2000051a:	2e00      	cmp	r6, #0
2000051c:	d0eb      	beq.n	200004f6 <dcd_rp2040_irq+0x3a>
2000051e:	4b62      	ldr	r3, [pc, #392]	@ (200006a8 <dcd_rp2040_irq+0x1ec>)
20000520:	01a1      	lsls	r1, r4, #6
20000522:	185b      	adds	r3, r3, r1
20000524:	333c      	adds	r3, #60	@ 0x3c
20000526:	781b      	ldrb	r3, [r3, #0]
20000528:	2b00      	cmp	r3, #0
2000052a:	d1dc      	bne.n	200004e6 <dcd_rp2040_irq+0x2a>
2000052c:	0031      	movs	r1, r6
2000052e:	e7e2      	b.n	200004f6 <dcd_rp2040_irq+0x3a>
20000530:	2900      	cmp	r1, #0
20000532:	d108      	bne.n	20000546 <dcd_rp2040_irq+0x8a>
20000534:	4b5d      	ldr	r3, [pc, #372]	@ (200006ac <dcd_rp2040_irq+0x1f0>)
20000536:	781b      	ldrb	r3, [r3, #0]
20000538:	2b00      	cmp	r3, #0
2000053a:	d104      	bne.n	20000546 <dcd_rp2040_irq+0x8a>
2000053c:	4a5c      	ldr	r2, [pc, #368]	@ (200006b0 <dcd_rp2040_irq+0x1f4>)
2000053e:	3390      	adds	r3, #144	@ 0x90
20000540:	2180      	movs	r1, #128	@ 0x80
20000542:	0289      	lsls	r1, r1, #10
20000544:	50d1      	str	r1, [r2, r3]
20000546:	4b55      	ldr	r3, [pc, #340]	@ (2000069c <dcd_rp2040_irq+0x1e0>)
20000548:	6c9b      	ldr	r3, [r3, #72]	@ 0x48
2000054a:	055b      	lsls	r3, r3, #21
2000054c:	0d5b      	lsrs	r3, r3, #21
2000054e:	a801      	add	r0, sp, #4
20000550:	2200      	movs	r2, #0
20000552:	7002      	strb	r2, [r0, #0]
20000554:	3203      	adds	r2, #3
20000556:	7042      	strb	r2, [r0, #1]
20000558:	6043      	str	r3, [r0, #4]
2000055a:	2101      	movs	r1, #1
2000055c:	f000 f9ee 	bl	2000093c <dcd_event_handler>
20000560:	2780      	movs	r7, #128	@ 0x80
20000562:	02bf      	lsls	r7, r7, #10
20000564:	06eb      	lsls	r3, r5, #27
20000566:	d406      	bmi.n	20000576 <dcd_rp2040_irq+0xba>
20000568:	03eb      	lsls	r3, r5, #15
2000056a:	d551      	bpl.n	20000610 <dcd_rp2040_irq+0x154>
2000056c:	2380      	movs	r3, #128	@ 0x80
2000056e:	025b      	lsls	r3, r3, #9
20000570:	431f      	orrs	r7, r3
20000572:	2400      	movs	r4, #0
20000574:	e019      	b.n	200005aa <dcd_rp2040_irq+0xee>
20000576:	2310      	movs	r3, #16
20000578:	431f      	orrs	r7, r3
2000057a:	f7ff ff51 	bl	20000420 <hw_handle_buff_status>
2000057e:	e7f3      	b.n	20000568 <dcd_rp2040_irq+0xac>
20000580:	2302      	movs	r3, #2
20000582:	4699      	mov	r9, r3
20000584:	e01e      	b.n	200005c4 <dcd_rp2040_irq+0x108>
20000586:	4b4b      	ldr	r3, [pc, #300]	@ (200006b4 <dcd_rp2040_irq+0x1f8>)
20000588:	464a      	mov	r2, r9
2000058a:	661a      	str	r2, [r3, #96]	@ 0x60
2000058c:	4b43      	ldr	r3, [pc, #268]	@ (2000069c <dcd_rp2040_irq+0x1e0>)
2000058e:	6e5b      	ldr	r3, [r3, #100]	@ 0x64
20000590:	464a      	mov	r2, r9
20000592:	4013      	ands	r3, r2
20000594:	4599      	cmp	r9, r3
20000596:	d1f9      	bne.n	2000058c <dcd_rp2040_irq+0xd0>
20000598:	e018      	b.n	200005cc <dcd_rp2040_irq+0x110>
2000059a:	4b43      	ldr	r3, [pc, #268]	@ (200006a8 <dcd_rp2040_irq+0x1ec>)
2000059c:	4642      	mov	r2, r8
2000059e:	0152      	lsls	r2, r2, #5
200005a0:	189b      	adds	r3, r3, r2
200005a2:	2201      	movs	r2, #1
200005a4:	70da      	strb	r2, [r3, #3]
200005a6:	3401      	adds	r4, #1
200005a8:	b2e4      	uxtb	r4, r4
200005aa:	2c01      	cmp	r4, #1
200005ac:	d820      	bhi.n	200005f0 <dcd_rp2040_irq+0x134>
200005ae:	46a0      	mov	r8, r4
200005b0:	0166      	lsls	r6, r4, #5
200005b2:	4b3d      	ldr	r3, [pc, #244]	@ (200006a8 <dcd_rp2040_irq+0x1ec>)
200005b4:	18f6      	adds	r6, r6, r3
200005b6:	7eb3      	ldrb	r3, [r6, #26]
200005b8:	2b00      	cmp	r3, #0
200005ba:	d0ee      	beq.n	2000059a <dcd_rp2040_irq+0xde>
200005bc:	2c00      	cmp	r4, #0
200005be:	d0df      	beq.n	20000580 <dcd_rp2040_irq+0xc4>
200005c0:	2301      	movs	r3, #1
200005c2:	4699      	mov	r9, r3
200005c4:	f000 fb0c 	bl	20000be0 <__rp2040_chip_version_veneer>
200005c8:	2801      	cmp	r0, #1
200005ca:	d8dc      	bhi.n	20000586 <dcd_rp2040_irq+0xca>
200005cc:	22c0      	movs	r2, #192	@ 0xc0
200005ce:	0192      	lsls	r2, r2, #6
200005d0:	2100      	movs	r1, #0
200005d2:	0030      	movs	r0, r6
200005d4:	f000 f92e 	bl	20000834 <_hw_endpoint_buffer_control_update32>
200005d8:	0030      	movs	r0, r6
200005da:	f000 f925 	bl	20000828 <hw_endpoint_reset_transfer>
200005de:	f000 faff 	bl	20000be0 <__rp2040_chip_version_veneer>
200005e2:	2801      	cmp	r0, #1
200005e4:	d9d9      	bls.n	2000059a <dcd_rp2040_irq+0xde>
200005e6:	4b32      	ldr	r3, [pc, #200]	@ (200006b0 <dcd_rp2040_irq+0x1f4>)
200005e8:	464a      	mov	r2, r9
200005ea:	665a      	str	r2, [r3, #100]	@ 0x64
200005ec:	661a      	str	r2, [r3, #96]	@ 0x60
200005ee:	e7d4      	b.n	2000059a <dcd_rp2040_irq+0xde>
200005f0:	a801      	add	r0, sp, #4
200005f2:	2300      	movs	r3, #0
200005f4:	7003      	strb	r3, [r0, #0]
200005f6:	3306      	adds	r3, #6
200005f8:	7043      	strb	r3, [r0, #1]
200005fa:	4a2f      	ldr	r2, [pc, #188]	@ (200006b8 <dcd_rp2040_irq+0x1fc>)
200005fc:	ab02      	add	r3, sp, #8
200005fe:	ca12      	ldmia	r2!, {r1, r4}
20000600:	c312      	stmia	r3!, {r1, r4}
20000602:	2101      	movs	r1, #1
20000604:	f000 f99a 	bl	2000093c <dcd_event_handler>
20000608:	4b29      	ldr	r3, [pc, #164]	@ (200006b0 <dcd_rp2040_irq+0x1f4>)
2000060a:	2280      	movs	r2, #128	@ 0x80
2000060c:	0292      	lsls	r2, r2, #10
2000060e:	651a      	str	r2, [r3, #80]	@ 0x50
20000610:	04eb      	lsls	r3, r5, #19
20000612:	d40a      	bmi.n	2000062a <dcd_rp2040_irq+0x16e>
20000614:	046b      	lsls	r3, r5, #17
20000616:	d41d      	bmi.n	20000654 <dcd_rp2040_irq+0x198>
20000618:	042b      	lsls	r3, r5, #16
2000061a:	d42a      	bmi.n	20000672 <dcd_rp2040_irq+0x1b6>
2000061c:	42af      	cmp	r7, r5
2000061e:	d138      	bne.n	20000692 <dcd_rp2040_irq+0x1d6>
20000620:	b005      	add	sp, #20
20000622:	bcc0      	pop	{r6, r7}
20000624:	46b9      	mov	r9, r7
20000626:	46b0      	mov	r8, r6
20000628:	bdf0      	pop	{r4, r5, r6, r7, pc}
2000062a:	2380      	movs	r3, #128	@ 0x80
2000062c:	015b      	lsls	r3, r3, #5
2000062e:	431f      	orrs	r7, r3
20000630:	2400      	movs	r4, #0
20000632:	4b1a      	ldr	r3, [pc, #104]	@ (2000069c <dcd_rp2040_irq+0x1e0>)
20000634:	601c      	str	r4, [r3, #0]
20000636:	f7ff fed3 	bl	200003e0 <reset_non_control_endpoints>
2000063a:	a801      	add	r0, sp, #4
2000063c:	7004      	strb	r4, [r0, #0]
2000063e:	2301      	movs	r3, #1
20000640:	7043      	strb	r3, [r0, #1]
20000642:	7104      	strb	r4, [r0, #4]
20000644:	2101      	movs	r1, #1
20000646:	f000 f979 	bl	2000093c <dcd_event_handler>
2000064a:	4b19      	ldr	r3, [pc, #100]	@ (200006b0 <dcd_rp2040_irq+0x1f4>)
2000064c:	2280      	movs	r2, #128	@ 0x80
2000064e:	0312      	lsls	r2, r2, #12
20000650:	651a      	str	r2, [r3, #80]	@ 0x50
20000652:	e7df      	b.n	20000614 <dcd_rp2040_irq+0x158>
20000654:	2380      	movs	r3, #128	@ 0x80
20000656:	01db      	lsls	r3, r3, #7
20000658:	431f      	orrs	r7, r3
2000065a:	a801      	add	r0, sp, #4
2000065c:	2300      	movs	r3, #0
2000065e:	7003      	strb	r3, [r0, #0]
20000660:	3304      	adds	r3, #4
20000662:	7043      	strb	r3, [r0, #1]
20000664:	2101      	movs	r1, #1
20000666:	f000 f969 	bl	2000093c <dcd_event_handler>
2000066a:	4b11      	ldr	r3, [pc, #68]	@ (200006b0 <dcd_rp2040_irq+0x1f4>)
2000066c:	2210      	movs	r2, #16
2000066e:	651a      	str	r2, [r3, #80]	@ 0x50
20000670:	e7d2      	b.n	20000618 <dcd_rp2040_irq+0x15c>
20000672:	2380      	movs	r3, #128	@ 0x80
20000674:	021b      	lsls	r3, r3, #8
20000676:	431f      	orrs	r7, r3
20000678:	a801      	add	r0, sp, #4
2000067a:	2300      	movs	r3, #0
2000067c:	7003      	strb	r3, [r0, #0]
2000067e:	3305      	adds	r3, #5
20000680:	7043      	strb	r3, [r0, #1]
20000682:	2101      	movs	r1, #1
20000684:	f000 f95a 	bl	2000093c <dcd_event_handler>
20000688:	4b09      	ldr	r3, [pc, #36]	@ (200006b0 <dcd_rp2040_irq+0x1f4>)
2000068a:	2280      	movs	r2, #128	@ 0x80
2000068c:	0112      	lsls	r2, r2, #4
2000068e:	651a      	str	r2, [r3, #80]	@ 0x50
20000690:	e7c4      	b.n	2000061c <dcd_rp2040_irq+0x160>
20000692:	0039      	movs	r1, r7
20000694:	4069      	eors	r1, r5
20000696:	4809      	ldr	r0, [pc, #36]	@ (200006bc <dcd_rp2040_irq+0x200>)
20000698:	f000 fa92 	bl	20000bc0 <__panic_veneer>
2000069c:	50110000 	.word	0x50110000
200006a0:	40054000 	.word	0x40054000
200006a4:	20002a10 	.word	0x20002a10
200006a8:	2000faf0 	.word	0x2000faf0
200006ac:	20014155 	.word	0x20014155
200006b0:	50113000 	.word	0x50113000
200006b4:	50112000 	.word	0x50112000
200006b8:	50100000 	.word	0x50100000
200006bc:	10008764 	.word	0x10008764

200006c0 <prepare_ep_buffer>:
200006c0:	b5f8      	push	{r3, r4, r5, r6, r7, lr}
200006c2:	0004      	movs	r4, r0
200006c4:	000f      	movs	r7, r1
200006c6:	8a83      	ldrh	r3, [r0, #20]
200006c8:	8b02      	ldrh	r2, [r0, #24]
200006ca:	1c1e      	adds	r6, r3, #0
200006cc:	4293      	cmp	r3, r2
200006ce:	d900      	bls.n	200006d2 <prepare_ep_buffer+0x12>
200006d0:	1c16      	adds	r6, r2, #0
200006d2:	b2b6      	uxth	r6, r6
200006d4:	1b9b      	subs	r3, r3, r6
200006d6:	82a3      	strh	r3, [r4, #20]
200006d8:	2280      	movs	r2, #128	@ 0x80
200006da:	00d2      	lsls	r2, r2, #3
200006dc:	4332      	orrs	r2, r6
200006de:	78e3      	ldrb	r3, [r4, #3]
200006e0:	2b00      	cmp	r3, #0
200006e2:	d013      	beq.n	2000070c <prepare_ep_buffer+0x4c>
200006e4:	2580      	movs	r5, #128	@ 0x80
200006e6:	01ad      	lsls	r5, r5, #6
200006e8:	4315      	orrs	r5, r2
200006ea:	2201      	movs	r2, #1
200006ec:	4053      	eors	r3, r2
200006ee:	70e3      	strb	r3, [r4, #3]
200006f0:	7863      	ldrb	r3, [r4, #1]
200006f2:	2b00      	cmp	r3, #0
200006f4:	d00c      	beq.n	20000710 <prepare_ep_buffer+0x50>
200006f6:	8aa3      	ldrh	r3, [r4, #20]
200006f8:	2b00      	cmp	r3, #0
200006fa:	d102      	bne.n	20000702 <prepare_ep_buffer+0x42>
200006fc:	2380      	movs	r3, #128	@ 0x80
200006fe:	01db      	lsls	r3, r3, #7
20000700:	431d      	orrs	r5, r3
20000702:	2f00      	cmp	r7, #0
20000704:	d000      	beq.n	20000708 <prepare_ep_buffer+0x48>
20000706:	042d      	lsls	r5, r5, #16
20000708:	0028      	movs	r0, r5
2000070a:	bdf8      	pop	{r3, r4, r5, r6, r7, pc}
2000070c:	2500      	movs	r5, #0
2000070e:	e7eb      	b.n	200006e8 <prepare_ep_buffer+0x28>
20000710:	68e0      	ldr	r0, [r4, #12]
20000712:	01bb      	lsls	r3, r7, #6
20000714:	18c0      	adds	r0, r0, r3
20000716:	6921      	ldr	r1, [r4, #16]
20000718:	0032      	movs	r2, r6
2000071a:	f000 fa59 	bl	20000bd0 <__unaligned_memcpy_veneer>
2000071e:	6923      	ldr	r3, [r4, #16]
20000720:	199b      	adds	r3, r3, r6
20000722:	6123      	str	r3, [r4, #16]
20000724:	2380      	movs	r3, #128	@ 0x80
20000726:	021b      	lsls	r3, r3, #8
20000728:	431d      	orrs	r5, r3
2000072a:	e7e4      	b.n	200006f6 <prepare_ep_buffer+0x36>

2000072c <e15_is_bulkin_ep>:
2000072c:	4b09      	ldr	r3, [pc, #36]	@ (20000754 <e15_is_bulkin_ep+0x28>)
2000072e:	6c1b      	ldr	r3, [r3, #64]	@ 0x40
20000730:	079b      	lsls	r3, r3, #30
20000732:	d40c      	bmi.n	2000074e <e15_is_bulkin_ep+0x22>
20000734:	7883      	ldrb	r3, [r0, #2]
20000736:	09db      	lsrs	r3, r3, #7
20000738:	2b01      	cmp	r3, #1
2000073a:	d001      	beq.n	20000740 <e15_is_bulkin_ep+0x14>
2000073c:	2000      	movs	r0, #0
2000073e:	e007      	b.n	20000750 <e15_is_bulkin_ep+0x24>
20000740:	7ec3      	ldrb	r3, [r0, #27]
20000742:	2b02      	cmp	r3, #2
20000744:	d001      	beq.n	2000074a <e15_is_bulkin_ep+0x1e>
20000746:	2000      	movs	r0, #0
20000748:	e002      	b.n	20000750 <e15_is_bulkin_ep+0x24>
2000074a:	2001      	movs	r0, #1
2000074c:	e000      	b.n	20000750 <e15_is_bulkin_ep+0x24>
2000074e:	2000      	movs	r0, #0
20000750:	4770      	bx	lr
20000752:	46c0      	nop			@ (mov r8, r8)
20000754:	50110000 	.word	0x50110000

20000758 <e15_is_critical_frame_period>:
20000758:	b510      	push	{r4, lr}
2000075a:	f7ff ffe7 	bl	2000072c <e15_is_bulkin_ep>
2000075e:	2800      	cmp	r0, #0
20000760:	d009      	beq.n	20000776 <e15_is_critical_frame_period+0x1e>
20000762:	4b06      	ldr	r3, [pc, #24]	@ (2000077c <e15_is_critical_frame_period+0x24>)
20000764:	6a9b      	ldr	r3, [r3, #40]	@ 0x28
20000766:	4a06      	ldr	r2, [pc, #24]	@ (20000780 <e15_is_critical_frame_period+0x28>)
20000768:	6812      	ldr	r2, [r2, #0]
2000076a:	1a9b      	subs	r3, r3, r2
2000076c:	4a05      	ldr	r2, [pc, #20]	@ (20000784 <e15_is_critical_frame_period+0x2c>)
2000076e:	4694      	mov	ip, r2
20000770:	4463      	add	r3, ip
20000772:	2bc6      	cmp	r3, #198	@ 0xc6
20000774:	d800      	bhi.n	20000778 <e15_is_critical_frame_period+0x20>
20000776:	bd10      	pop	{r4, pc}
20000778:	2000      	movs	r0, #0
2000077a:	e7fc      	b.n	20000776 <e15_is_critical_frame_period+0x1e>
2000077c:	40054000 	.word	0x40054000
20000780:	20002a10 	.word	0x20002a10
20000784:	fffffce0 	.word	0xfffffce0

20000788 <sync_ep_buffer>:
20000788:	b570      	push	{r4, r5, r6, lr}
2000078a:	0004      	movs	r4, r0
2000078c:	6883      	ldr	r3, [r0, #8]
2000078e:	681b      	ldr	r3, [r3, #0]
20000790:	2900      	cmp	r1, #0
20000792:	d000      	beq.n	20000796 <sync_ep_buffer+0xe>
20000794:	0c1b      	lsrs	r3, r3, #16
20000796:	059d      	lsls	r5, r3, #22
20000798:	0dad      	lsrs	r5, r5, #22
2000079a:	7862      	ldrb	r2, [r4, #1]
2000079c:	2a00      	cmp	r2, #0
2000079e:	d111      	bne.n	200007c4 <sync_ep_buffer+0x3c>
200007a0:	041b      	lsls	r3, r3, #16
200007a2:	d409      	bmi.n	200007b8 <sync_ep_buffer+0x30>
200007a4:	8ae3      	ldrh	r3, [r4, #22]
200007a6:	195b      	adds	r3, r3, r5
200007a8:	82e3      	strh	r3, [r4, #22]
200007aa:	8b23      	ldrh	r3, [r4, #24]
200007ac:	42ab      	cmp	r3, r5
200007ae:	d901      	bls.n	200007b4 <sync_ep_buffer+0x2c>
200007b0:	2300      	movs	r3, #0
200007b2:	82a3      	strh	r3, [r4, #20]
200007b4:	0028      	movs	r0, r5
200007b6:	bd70      	pop	{r4, r5, r6, pc}
200007b8:	4b0d      	ldr	r3, [pc, #52]	@ (200007f0 <sync_ep_buffer+0x68>)
200007ba:	4a0e      	ldr	r2, [pc, #56]	@ (200007f4 <sync_ep_buffer+0x6c>)
200007bc:	480e      	ldr	r0, [pc, #56]	@ (200007f8 <sync_ep_buffer+0x70>)
200007be:	21e8      	movs	r1, #232	@ 0xe8
200007c0:	f000 f9ce 	bl	20000b60 <____assert_func_veneer>
200007c4:	041b      	lsls	r3, r3, #16
200007c6:	d50d      	bpl.n	200007e4 <sync_ep_buffer+0x5c>
200007c8:	6920      	ldr	r0, [r4, #16]
200007ca:	68e3      	ldr	r3, [r4, #12]
200007cc:	0189      	lsls	r1, r1, #6
200007ce:	1859      	adds	r1, r3, r1
200007d0:	002a      	movs	r2, r5
200007d2:	f000 f9fd 	bl	20000bd0 <__unaligned_memcpy_veneer>
200007d6:	8ae3      	ldrh	r3, [r4, #22]
200007d8:	195b      	adds	r3, r3, r5
200007da:	82e3      	strh	r3, [r4, #22]
200007dc:	6923      	ldr	r3, [r4, #16]
200007de:	195b      	adds	r3, r3, r5
200007e0:	6123      	str	r3, [r4, #16]
200007e2:	e7e2      	b.n	200007aa <sync_ep_buffer+0x22>
200007e4:	4b05      	ldr	r3, [pc, #20]	@ (200007fc <sync_ep_buffer+0x74>)
200007e6:	4a03      	ldr	r2, [pc, #12]	@ (200007f4 <sync_ep_buffer+0x6c>)
200007e8:	4803      	ldr	r0, [pc, #12]	@ (200007f8 <sync_ep_buffer+0x70>)
200007ea:	21ee      	movs	r1, #238	@ 0xee
200007ec:	f000 f9b8 	bl	20000b60 <____assert_func_veneer>
200007f0:	10008784 	.word	0x10008784
200007f4:	10008e40 	.word	0x10008e40
200007f8:	100087a4 	.word	0x100087a4
200007fc:	10008804 	.word	0x10008804

20000800 <_hw_endpoint_xfer_sync>:
20000800:	b510      	push	{r4, lr}
20000802:	0004      	movs	r4, r0
20000804:	6883      	ldr	r3, [r0, #8]
20000806:	681b      	ldr	r3, [r3, #0]
20000808:	2100      	movs	r1, #0
2000080a:	f7ff ffbd 	bl	20000788 <sync_ep_buffer>
2000080e:	6863      	ldr	r3, [r4, #4]
20000810:	681b      	ldr	r3, [r3, #0]
20000812:	005b      	lsls	r3, r3, #1
20000814:	d502      	bpl.n	2000081c <_hw_endpoint_xfer_sync+0x1c>
20000816:	8b23      	ldrh	r3, [r4, #24]
20000818:	4283      	cmp	r3, r0
2000081a:	d000      	beq.n	2000081e <_hw_endpoint_xfer_sync+0x1e>
2000081c:	bd10      	pop	{r4, pc}
2000081e:	2101      	movs	r1, #1
20000820:	0020      	movs	r0, r4
20000822:	f7ff ffb1 	bl	20000788 <sync_ep_buffer>
20000826:	e7f9      	b.n	2000081c <_hw_endpoint_xfer_sync+0x1c>

20000828 <hw_endpoint_reset_transfer>:
20000828:	2300      	movs	r3, #0
2000082a:	7683      	strb	r3, [r0, #26]
2000082c:	8283      	strh	r3, [r0, #20]
2000082e:	82c3      	strh	r3, [r0, #22]
20000830:	6103      	str	r3, [r0, #16]
20000832:	4770      	bx	lr

20000834 <_hw_endpoint_buffer_control_update32>:
20000834:	b510      	push	{r4, lr}
20000836:	2900      	cmp	r1, #0
20000838:	d002      	beq.n	20000840 <_hw_endpoint_buffer_control_update32+0xc>
2000083a:	6883      	ldr	r3, [r0, #8]
2000083c:	681b      	ldr	r3, [r3, #0]
2000083e:	4019      	ands	r1, r3
20000840:	2a00      	cmp	r2, #0
20000842:	d010      	beq.n	20000866 <_hw_endpoint_buffer_control_update32+0x32>
20000844:	4311      	orrs	r1, r2
20000846:	0552      	lsls	r2, r2, #21
20000848:	d50d      	bpl.n	20000866 <_hw_endpoint_buffer_control_update32+0x32>
2000084a:	6882      	ldr	r2, [r0, #8]
2000084c:	6813      	ldr	r3, [r2, #0]
2000084e:	055b      	lsls	r3, r3, #21
20000850:	d40c      	bmi.n	2000086c <_hw_endpoint_buffer_control_update32+0x38>
20000852:	4b08      	ldr	r3, [pc, #32]	@ (20000874 <_hw_endpoint_buffer_control_update32+0x40>)
20000854:	400b      	ands	r3, r1
20000856:	6013      	str	r3, [r2, #0]
20000858:	4b07      	ldr	r3, [pc, #28]	@ (20000878 <_hw_endpoint_buffer_control_update32+0x44>)
2000085a:	6c1b      	ldr	r3, [r3, #64]	@ 0x40
2000085c:	079b      	lsls	r3, r3, #30
2000085e:	d402      	bmi.n	20000866 <_hw_endpoint_buffer_control_update32+0x32>
20000860:	230c      	movs	r3, #12
20000862:	3b03      	subs	r3, #3
20000864:	d2fd      	bcs.n	20000862 <_hw_endpoint_buffer_control_update32+0x2e>
20000866:	6883      	ldr	r3, [r0, #8]
20000868:	6019      	str	r1, [r3, #0]
2000086a:	bd10      	pop	{r4, pc}
2000086c:	7881      	ldrb	r1, [r0, #2]
2000086e:	4803      	ldr	r0, [pc, #12]	@ (2000087c <_hw_endpoint_buffer_control_update32+0x48>)
20000870:	f000 f9a6 	bl	20000bc0 <__panic_veneer>
20000874:	fffffbff 	.word	0xfffffbff
20000878:	50110000 	.word	0x50110000
2000087c:	10008824 	.word	0x10008824

20000880 <hw_endpoint_start_next_buffer>:
20000880:	b570      	push	{r4, r5, r6, lr}
20000882:	0004      	movs	r4, r0
20000884:	6843      	ldr	r3, [r0, #4]
20000886:	681e      	ldr	r6, [r3, #0]
20000888:	2100      	movs	r1, #0
2000088a:	f7ff ff19 	bl	200006c0 <prepare_ep_buffer>
2000088e:	2580      	movs	r5, #128	@ 0x80
20000890:	016d      	lsls	r5, r5, #5
20000892:	4305      	orrs	r5, r0
20000894:	4b16      	ldr	r3, [pc, #88]	@ (200008f0 <hw_endpoint_start_next_buffer+0x70>)
20000896:	6c1b      	ldr	r3, [r3, #64]	@ 0x40
20000898:	079b      	lsls	r3, r3, #30
2000089a:	d515      	bpl.n	200008c8 <hw_endpoint_start_next_buffer+0x48>
2000089c:	78a3      	ldrb	r3, [r4, #2]
2000089e:	065b      	lsls	r3, r3, #25
200008a0:	d117      	bne.n	200008d2 <hw_endpoint_start_next_buffer+0x52>
200008a2:	2300      	movs	r3, #0
200008a4:	8aa2      	ldrh	r2, [r4, #20]
200008a6:	2a00      	cmp	r2, #0
200008a8:	d001      	beq.n	200008ae <hw_endpoint_start_next_buffer+0x2e>
200008aa:	2b00      	cmp	r3, #0
200008ac:	d015      	beq.n	200008da <hw_endpoint_start_next_buffer+0x5a>
200008ae:	4b11      	ldr	r3, [pc, #68]	@ (200008f4 <hw_endpoint_start_next_buffer+0x74>)
200008b0:	401e      	ands	r6, r3
200008b2:	2380      	movs	r3, #128	@ 0x80
200008b4:	059b      	lsls	r3, r3, #22
200008b6:	4333      	orrs	r3, r6
200008b8:	6862      	ldr	r2, [r4, #4]
200008ba:	6013      	str	r3, [r2, #0]
200008bc:	002a      	movs	r2, r5
200008be:	2100      	movs	r1, #0
200008c0:	0020      	movs	r0, r4
200008c2:	f7ff ffb7 	bl	20000834 <_hw_endpoint_buffer_control_update32>
200008c6:	bd70      	pop	{r4, r5, r6, pc}
200008c8:	78a3      	ldrb	r3, [r4, #2]
200008ca:	09db      	lsrs	r3, r3, #7
200008cc:	d103      	bne.n	200008d6 <hw_endpoint_start_next_buffer+0x56>
200008ce:	3301      	adds	r3, #1
200008d0:	e7e8      	b.n	200008a4 <hw_endpoint_start_next_buffer+0x24>
200008d2:	2301      	movs	r3, #1
200008d4:	e7e6      	b.n	200008a4 <hw_endpoint_start_next_buffer+0x24>
200008d6:	2300      	movs	r3, #0
200008d8:	e7e4      	b.n	200008a4 <hw_endpoint_start_next_buffer+0x24>
200008da:	2101      	movs	r1, #1
200008dc:	0020      	movs	r0, r4
200008de:	f7ff feef 	bl	200006c0 <prepare_ep_buffer>
200008e2:	4305      	orrs	r5, r0
200008e4:	4a04      	ldr	r2, [pc, #16]	@ (200008f8 <hw_endpoint_start_next_buffer+0x78>)
200008e6:	4032      	ands	r2, r6
200008e8:	23a0      	movs	r3, #160	@ 0xa0
200008ea:	05db      	lsls	r3, r3, #23
200008ec:	4313      	orrs	r3, r2
200008ee:	e7e3      	b.n	200008b8 <hw_endpoint_start_next_buffer+0x38>
200008f0:	50110000 	.word	0x50110000
200008f4:	afffffff 	.word	0xafffffff
200008f8:	dfffffff 	.word	0xdfffffff

200008fc <hw_endpoint_xfer_continue>:
200008fc:	b570      	push	{r4, r5, r6, lr}
200008fe:	0004      	movs	r4, r0
20000900:	7e85      	ldrb	r5, [r0, #26]
20000902:	2d00      	cmp	r5, #0
20000904:	d006      	beq.n	20000914 <hw_endpoint_xfer_continue+0x18>
20000906:	f7ff ff7b 	bl	20000800 <_hw_endpoint_xfer_sync>
2000090a:	8aa3      	ldrh	r3, [r4, #20]
2000090c:	2b00      	cmp	r3, #0
2000090e:	d105      	bne.n	2000091c <hw_endpoint_xfer_continue+0x20>
20000910:	0028      	movs	r0, r5
20000912:	bd70      	pop	{r4, r5, r6, pc}
20000914:	7881      	ldrb	r1, [r0, #2]
20000916:	4808      	ldr	r0, [pc, #32]	@ (20000938 <hw_endpoint_xfer_continue+0x3c>)
20000918:	f000 f952 	bl	20000bc0 <__panic_veneer>
2000091c:	0020      	movs	r0, r4
2000091e:	f7ff ff1b 	bl	20000758 <e15_is_critical_frame_period>
20000922:	1e05      	subs	r5, r0, #0
20000924:	d003      	beq.n	2000092e <hw_endpoint_xfer_continue+0x32>
20000926:	2301      	movs	r3, #1
20000928:	7723      	strb	r3, [r4, #28]
2000092a:	2500      	movs	r5, #0
2000092c:	e7f0      	b.n	20000910 <hw_endpoint_xfer_continue+0x14>
2000092e:	0020      	movs	r0, r4
20000930:	f7ff ffa6 	bl	20000880 <hw_endpoint_start_next_buffer>
20000934:	e7ec      	b.n	20000910 <hw_endpoint_xfer_continue+0x14>
20000936:	46c0      	nop			@ (mov r8, r8)
20000938:	10008844 	.word	0x10008844

2000093c <dcd_event_handler>:
2000093c:	b570      	push	{r4, r5, r6, lr}
2000093e:	b084      	sub	sp, #16
20000940:	0006      	movs	r6, r0
20000942:	000d      	movs	r5, r1
20000944:	7843      	ldrb	r3, [r0, #1]
20000946:	2b06      	cmp	r3, #6
20000948:	d812      	bhi.n	20000970 <dcd_event_handler+0x34>
2000094a:	009b      	lsls	r3, r3, #2
2000094c:	4a72      	ldr	r2, [pc, #456]	@ (20000b18 <dcd_event_handler+0x1dc>)
2000094e:	58d3      	ldr	r3, [r2, r3]
20000950:	469f      	mov	pc, r3
20000952:	4b72      	ldr	r3, [pc, #456]	@ (20000b1c <dcd_event_handler+0x1e0>)
20000954:	781a      	ldrb	r2, [r3, #0]
20000956:	2101      	movs	r1, #1
20000958:	438a      	bics	r2, r1
2000095a:	701a      	strb	r2, [r3, #0]
2000095c:	781a      	ldrb	r2, [r3, #0]
2000095e:	3101      	adds	r1, #1
20000960:	438a      	bics	r2, r1
20000962:	701a      	strb	r2, [r3, #0]
20000964:	2200      	movs	r2, #0
20000966:	705a      	strb	r2, [r3, #1]
20000968:	781a      	ldrb	r2, [r3, #0]
2000096a:	3102      	adds	r1, #2
2000096c:	438a      	bics	r2, r1
2000096e:	701a      	strb	r2, [r3, #0]
20000970:	4b6b      	ldr	r3, [pc, #428]	@ (20000b20 <dcd_event_handler+0x1e4>)
20000972:	681c      	ldr	r4, [r3, #0]
20000974:	6962      	ldr	r2, [r4, #20]
20000976:	f3ef 8110 	mrs	r1, PRIMASK
2000097a:	b672      	cpsid	i
2000097c:	6813      	ldr	r3, [r2, #0]
2000097e:	2b00      	cmp	r3, #0
20000980:	d0fc      	beq.n	2000097c <dcd_event_handler+0x40>
20000982:	f3bf 8f5f 	dmb	sy
20000986:	61a1      	str	r1, [r4, #24]
20000988:	0031      	movs	r1, r6
2000098a:	0020      	movs	r0, r4
2000098c:	f000 f8d8 	bl	20000b40 <__tu_fifo_write_veneer>
20000990:	6962      	ldr	r2, [r4, #20]
20000992:	69a3      	ldr	r3, [r4, #24]
20000994:	f3bf 8f5f 	dmb	sy
20000998:	2100      	movs	r1, #0
2000099a:	6011      	str	r1, [r2, #0]
2000099c:	f383 8810 	msr	PRIMASK, r3
200009a0:	2800      	cmp	r0, #0
200009a2:	d100      	bne.n	200009a6 <dcd_event_handler+0x6a>
200009a4:	e0b0      	b.n	20000b08 <dcd_event_handler+0x1cc>
200009a6:	7830      	ldrb	r0, [r6, #0]
200009a8:	7871      	ldrb	r1, [r6, #1]
200009aa:	002a      	movs	r2, r5
200009ac:	f000 f8f0 	bl	20000b90 <__tud_event_hook_cb_veneer>
200009b0:	b004      	add	sp, #16
200009b2:	bd70      	pop	{r4, r5, r6, pc}
200009b4:	4b59      	ldr	r3, [pc, #356]	@ (20000b1c <dcd_event_handler+0x1e0>)
200009b6:	781b      	ldrb	r3, [r3, #0]
200009b8:	07db      	lsls	r3, r3, #31
200009ba:	d5f9      	bpl.n	200009b0 <dcd_event_handler+0x74>
200009bc:	4a57      	ldr	r2, [pc, #348]	@ (20000b1c <dcd_event_handler+0x1e0>)
200009be:	7813      	ldrb	r3, [r2, #0]
200009c0:	2104      	movs	r1, #4
200009c2:	430b      	orrs	r3, r1
200009c4:	7013      	strb	r3, [r2, #0]
200009c6:	e7d3      	b.n	20000970 <dcd_event_handler+0x34>
200009c8:	4b54      	ldr	r3, [pc, #336]	@ (20000b1c <dcd_event_handler+0x1e0>)
200009ca:	781b      	ldrb	r3, [r3, #0]
200009cc:	07db      	lsls	r3, r3, #31
200009ce:	d5ef      	bpl.n	200009b0 <dcd_event_handler+0x74>
200009d0:	4a52      	ldr	r2, [pc, #328]	@ (20000b1c <dcd_event_handler+0x1e0>)
200009d2:	7813      	ldrb	r3, [r2, #0]
200009d4:	2104      	movs	r1, #4
200009d6:	438b      	bics	r3, r1
200009d8:	7013      	strb	r3, [r2, #0]
200009da:	e7c9      	b.n	20000970 <dcd_event_handler+0x34>
200009dc:	1a9b      	subs	r3, r3, r2
200009de:	015b      	lsls	r3, r3, #5
200009e0:	4a50      	ldr	r2, [pc, #320]	@ (20000b24 <dcd_event_handler+0x1e8>)
200009e2:	189b      	adds	r3, r3, r2
200009e4:	69db      	ldr	r3, [r3, #28]
200009e6:	2b00      	cmp	r3, #0
200009e8:	d002      	beq.n	200009f0 <dcd_event_handler+0xb4>
200009ea:	7830      	ldrb	r0, [r6, #0]
200009ec:	6871      	ldr	r1, [r6, #4]
200009ee:	4798      	blx	r3
200009f0:	3401      	adds	r4, #1
200009f2:	b2e4      	uxtb	r4, r4
200009f4:	4b4c      	ldr	r3, [pc, #304]	@ (20000b28 <dcd_event_handler+0x1ec>)
200009f6:	781a      	ldrb	r2, [r3, #0]
200009f8:	0023      	movs	r3, r4
200009fa:	1c51      	adds	r1, r2, #1
200009fc:	42a1      	cmp	r1, r4
200009fe:	db0a      	blt.n	20000a16 <dcd_event_handler+0xda>
20000a00:	42a2      	cmp	r2, r4
20000a02:	d9eb      	bls.n	200009dc <dcd_event_handler+0xa0>
20000a04:	4b49      	ldr	r3, [pc, #292]	@ (20000b2c <dcd_event_handler+0x1f0>)
20000a06:	681b      	ldr	r3, [r3, #0]
20000a08:	0162      	lsls	r2, r4, #5
20000a0a:	189b      	adds	r3, r3, r2
20000a0c:	2b00      	cmp	r3, #0
20000a0e:	d1e9      	bne.n	200009e4 <dcd_event_handler+0xa8>
20000a10:	e7ee      	b.n	200009f0 <dcd_event_handler+0xb4>
20000a12:	2400      	movs	r4, #0
20000a14:	e7ee      	b.n	200009f4 <dcd_event_handler+0xb8>
20000a16:	4b41      	ldr	r3, [pc, #260]	@ (20000b1c <dcd_event_handler+0x1e0>)
20000a18:	781b      	ldrb	r3, [r3, #0]
20000a1a:	075b      	lsls	r3, r3, #29
20000a1c:	d52e      	bpl.n	20000a7c <dcd_event_handler+0x140>
20000a1e:	4a3f      	ldr	r2, [pc, #252]	@ (20000b1c <dcd_event_handler+0x1e0>)
20000a20:	7813      	ldrb	r3, [r2, #0]
20000a22:	2104      	movs	r1, #4
20000a24:	438b      	bics	r3, r1
20000a26:	7013      	strb	r3, [r2, #0]
20000a28:	ac01      	add	r4, sp, #4
20000a2a:	220c      	movs	r2, #12
20000a2c:	2100      	movs	r1, #0
20000a2e:	0020      	movs	r0, r4
20000a30:	f000 f88e 	bl	20000b50 <____wrap_memset_veneer>
20000a34:	7833      	ldrb	r3, [r6, #0]
20000a36:	7023      	strb	r3, [r4, #0]
20000a38:	2305      	movs	r3, #5
20000a3a:	7063      	strb	r3, [r4, #1]
20000a3c:	4b38      	ldr	r3, [pc, #224]	@ (20000b20 <dcd_event_handler+0x1e4>)
20000a3e:	681c      	ldr	r4, [r3, #0]
20000a40:	6962      	ldr	r2, [r4, #20]
20000a42:	f3ef 8110 	mrs	r1, PRIMASK
20000a46:	b672      	cpsid	i
20000a48:	6813      	ldr	r3, [r2, #0]
20000a4a:	2b00      	cmp	r3, #0
20000a4c:	d0fc      	beq.n	20000a48 <dcd_event_handler+0x10c>
20000a4e:	f3bf 8f5f 	dmb	sy
20000a52:	61a1      	str	r1, [r4, #24]
20000a54:	a901      	add	r1, sp, #4
20000a56:	0020      	movs	r0, r4
20000a58:	f000 f872 	bl	20000b40 <__tu_fifo_write_veneer>
20000a5c:	6962      	ldr	r2, [r4, #20]
20000a5e:	69a3      	ldr	r3, [r4, #24]
20000a60:	f3bf 8f5f 	dmb	sy
20000a64:	2100      	movs	r1, #0
20000a66:	6011      	str	r1, [r2, #0]
20000a68:	f383 8810 	msr	PRIMASK, r3
20000a6c:	2800      	cmp	r0, #0
20000a6e:	d037      	beq.n	20000ae0 <dcd_event_handler+0x1a4>
20000a70:	ab01      	add	r3, sp, #4
20000a72:	7818      	ldrb	r0, [r3, #0]
20000a74:	7859      	ldrb	r1, [r3, #1]
20000a76:	002a      	movs	r2, r5
20000a78:	f000 f88a 	bl	20000b90 <__tud_event_hook_cb_veneer>
20000a7c:	4b27      	ldr	r3, [pc, #156]	@ (20000b1c <dcd_event_handler+0x1e0>)
20000a7e:	78db      	ldrb	r3, [r3, #3]
20000a80:	07db      	lsls	r3, r3, #31
20000a82:	d400      	bmi.n	20000a86 <dcd_event_handler+0x14a>
20000a84:	e794      	b.n	200009b0 <dcd_event_handler+0x74>
20000a86:	ac01      	add	r4, sp, #4
20000a88:	220c      	movs	r2, #12
20000a8a:	2100      	movs	r1, #0
20000a8c:	0020      	movs	r0, r4
20000a8e:	f000 f85f 	bl	20000b50 <____wrap_memset_veneer>
20000a92:	7833      	ldrb	r3, [r6, #0]
20000a94:	7023      	strb	r3, [r4, #0]
20000a96:	2303      	movs	r3, #3
20000a98:	7063      	strb	r3, [r4, #1]
20000a9a:	6873      	ldr	r3, [r6, #4]
20000a9c:	9302      	str	r3, [sp, #8]
20000a9e:	4b20      	ldr	r3, [pc, #128]	@ (20000b20 <dcd_event_handler+0x1e4>)
20000aa0:	681c      	ldr	r4, [r3, #0]
20000aa2:	6962      	ldr	r2, [r4, #20]
20000aa4:	f3ef 8110 	mrs	r1, PRIMASK
20000aa8:	b672      	cpsid	i
20000aaa:	6813      	ldr	r3, [r2, #0]
20000aac:	2b00      	cmp	r3, #0
20000aae:	d0fc      	beq.n	20000aaa <dcd_event_handler+0x16e>
20000ab0:	f3bf 8f5f 	dmb	sy
20000ab4:	61a1      	str	r1, [r4, #24]
20000ab6:	a901      	add	r1, sp, #4
20000ab8:	0020      	movs	r0, r4
20000aba:	f000 f841 	bl	20000b40 <__tu_fifo_write_veneer>
20000abe:	6962      	ldr	r2, [r4, #20]
20000ac0:	69a3      	ldr	r3, [r4, #24]
20000ac2:	f3bf 8f5f 	dmb	sy
20000ac6:	2100      	movs	r1, #0
20000ac8:	6011      	str	r1, [r2, #0]
20000aca:	f383 8810 	msr	PRIMASK, r3
20000ace:	2800      	cmp	r0, #0
20000ad0:	d00d      	beq.n	20000aee <dcd_event_handler+0x1b2>
20000ad2:	ab01      	add	r3, sp, #4
20000ad4:	7818      	ldrb	r0, [r3, #0]
20000ad6:	7859      	ldrb	r1, [r3, #1]
20000ad8:	002a      	movs	r2, r5
20000ada:	f000 f859 	bl	20000b90 <__tud_event_hook_cb_veneer>
20000ade:	e767      	b.n	200009b0 <dcd_event_handler+0x74>
20000ae0:	2266      	movs	r2, #102	@ 0x66
20000ae2:	4913      	ldr	r1, [pc, #76]	@ (20000b30 <dcd_event_handler+0x1f4>)
20000ae4:	4813      	ldr	r0, [pc, #76]	@ (20000b34 <dcd_event_handler+0x1f8>)
20000ae6:	32ff      	adds	r2, #255	@ 0xff
20000ae8:	f000 f842 	bl	20000b70 <____wrap_printf_veneer>
20000aec:	e7c6      	b.n	20000a7c <dcd_event_handler+0x140>
20000aee:	2266      	movs	r2, #102	@ 0x66
20000af0:	490f      	ldr	r1, [pc, #60]	@ (20000b30 <dcd_event_handler+0x1f4>)
20000af2:	4810      	ldr	r0, [pc, #64]	@ (20000b34 <dcd_event_handler+0x1f8>)
20000af4:	32ff      	adds	r2, #255	@ 0xff
20000af6:	f000 f83b 	bl	20000b70 <____wrap_printf_veneer>
20000afa:	e759      	b.n	200009b0 <dcd_event_handler+0x74>
20000afc:	4a0e      	ldr	r2, [pc, #56]	@ (20000b38 <dcd_event_handler+0x1fc>)
20000afe:	7813      	ldrb	r3, [r2, #0]
20000b00:	3301      	adds	r3, #1
20000b02:	b2db      	uxtb	r3, r3
20000b04:	7013      	strb	r3, [r2, #0]
20000b06:	e733      	b.n	20000970 <dcd_event_handler+0x34>
20000b08:	2266      	movs	r2, #102	@ 0x66
20000b0a:	4909      	ldr	r1, [pc, #36]	@ (20000b30 <dcd_event_handler+0x1f4>)
20000b0c:	4809      	ldr	r0, [pc, #36]	@ (20000b34 <dcd_event_handler+0x1f8>)
20000b0e:	32ff      	adds	r2, #255	@ 0xff
20000b10:	f000 f82e 	bl	20000b70 <____wrap_printf_veneer>
20000b14:	e74c      	b.n	200009b0 <dcd_event_handler+0x74>
20000b16:	46c0      	nop			@ (mov r8, r8)
20000b18:	10008e90 	.word	0x10008e90
20000b1c:	200024c4 	.word	0x200024c4
20000b20:	2000251c 	.word	0x2000251c
20000b24:	10008fb0 	.word	0x10008fb0
20000b28:	20014154 	.word	0x20014154
20000b2c:	20002314 	.word	0x20002314
20000b30:	10008f2c 	.word	0x10008f2c
20000b34:	100088a4 	.word	0x100088a4
20000b38:	20014156 	.word	0x20014156

20000b3c <__aeabi_idiv0>:
20000b3c:	4770      	bx	lr
20000b3e:	46c0      	nop			@ (mov r8, r8)

20000b40 <__tu_fifo_write_veneer>:
20000b40:	b401      	push	{r0}
20000b42:	4802      	ldr	r0, [pc, #8]	@ (20000b4c <__tu_fifo_write_veneer+0xc>)
20000b44:	4684      	mov	ip, r0
20000b46:	bc01      	pop	{r0}
20000b48:	4760      	bx	ip
20000b4a:	bf00      	nop
20000b4c:	10007887 	.word	0x10007887

20000b50 <____wrap_memset_veneer>:
20000b50:	b401      	push	{r0}
20000b52:	4802      	ldr	r0, [pc, #8]	@ (20000b5c <____wrap_memset_veneer+0xc>)
20000b54:	4684      	mov	ip, r0
20000b56:	bc01      	pop	{r0}
20000b58:	4760      	bx	ip
20000b5a:	bf00      	nop
20000b5c:	1000366d 	.word	0x1000366d

20000b60 <____assert_func_veneer>:
20000b60:	b401      	push	{r0}
20000b62:	4802      	ldr	r0, [pc, #8]	@ (20000b6c <____assert_func_veneer+0xc>)
20000b64:	4684      	mov	ip, r0
20000b66:	bc01      	pop	{r0}
20000b68:	4760      	bx	ip
20000b6a:	bf00      	nop
20000b6c:	10004881 	.word	0x10004881

20000b70 <____wrap_printf_veneer>:
20000b70:	b401      	push	{r0}
20000b72:	4802      	ldr	r0, [pc, #8]	@ (20000b7c <____wrap_printf_veneer+0xc>)
20000b74:	4684      	mov	ip, r0
20000b76:	bc01      	pop	{r0}
20000b78:	4760      	bx	ip
20000b7a:	bf00      	nop
20000b7c:	10004c29 	.word	0x10004c29

20000b80 <____wrap___aeabi_lmul_veneer>:
20000b80:	b401      	push	{r0}
20000b82:	4802      	ldr	r0, [pc, #8]	@ (20000b8c <____wrap___aeabi_lmul_veneer+0xc>)
20000b84:	4684      	mov	ip, r0
20000b86:	bc01      	pop	{r0}
20000b88:	4760      	bx	ip
20000b8a:	bf00      	nop
20000b8c:	10002f0d 	.word	0x10002f0d

20000b90 <__tud_event_hook_cb_veneer>:
20000b90:	b401      	push	{r0}
20000b92:	4802      	ldr	r0, [pc, #8]	@ (20000b9c <__tud_event_hook_cb_veneer+0xc>)
20000b94:	4684      	mov	ip, r0
20000b96:	bc01      	pop	{r0}
20000b98:	4760      	bx	ip
20000b9a:	bf00      	nop
20000b9c:	1000595d 	.word	0x1000595d

20000ba0 <__best_effort_wfe_or_timeout_veneer>:
20000ba0:	b401      	push	{r0}
20000ba2:	4802      	ldr	r0, [pc, #8]	@ (20000bac <__best_effort_wfe_or_timeout_veneer+0xc>)
20000ba4:	4684      	mov	ip, r0
20000ba6:	bc01      	pop	{r0}
20000ba8:	4760      	bx	ip
20000baa:	bf00      	nop
20000bac:	10001f31 	.word	0x10001f31

20000bb0 <__time_us_64_veneer>:
20000bb0:	b401      	push	{r0}
20000bb2:	4802      	ldr	r0, [pc, #8]	@ (20000bbc <__time_us_64_veneer+0xc>)
20000bb4:	4684      	mov	ip, r0
20000bb6:	bc01      	pop	{r0}
20000bb8:	4760      	bx	ip
20000bba:	bf00      	nop
20000bbc:	10002171 	.word	0x10002171

20000bc0 <__panic_veneer>:
20000bc0:	b401      	push	{r0}
20000bc2:	4802      	ldr	r0, [pc, #8]	@ (20000bcc <__panic_veneer+0xc>)
20000bc4:	4684      	mov	ip, r0
20000bc6:	bc01      	pop	{r0}
20000bc8:	4760      	bx	ip
20000bca:	bf00      	nop
20000bcc:	100011c1 	.word	0x100011c1

20000bd0 <__unaligned_memcpy_veneer>:
20000bd0:	b401      	push	{r0}
20000bd2:	4802      	ldr	r0, [pc, #8]	@ (20000bdc <__unaligned_memcpy_veneer+0xc>)
20000bd4:	4684      	mov	ip, r0
20000bd6:	bc01      	pop	{r0}
20000bd8:	4760      	bx	ip
20000bda:	bf00      	nop
20000bdc:	10005649 	.word	0x10005649

20000be0 <__rp2040_chip_version_veneer>:
20000be0:	b401      	push	{r0}
20000be2:	4802      	ldr	r0, [pc, #8]	@ (20000bec <__rp2040_chip_version_veneer+0xc>)
20000be4:	4684      	mov	ip, r0
20000be6:	bc01      	pop	{r0}
20000be8:	4760      	bx	ip
20000bea:	bf00      	nop
20000bec:	1000116d 	.word	0x1000116d

20000bf0 <g_fft_N>:
20000bf0:	00000200                                ....

20000bf4 <g_num_ceps>:
20000bf4:	0000000d                                ....

20000bf8 <g_num_fb>:
20000bf8:	0000001a                                ....

20000bfc <g_sr>:
20000bfc:	00003e80                                .>..

20000c00 <striped_spin_lock_num>:
20000c00:	00000010                                ....

20000c04 <irq_handler_chain_slots>:
20000c04:	00000000 	.word	0x00000000
20000c08:	00010000 	.word	0x00010000
	...
20000c14:	00020000 	.word	0x00020000
	...
20000c20:	00030000 	.word	0x00030000
	...
20000c2c:	00ff0000 	.word	0x00ff0000
20000c30:	00000000 	.word	0x00000000

20000c34 <irq_handler_chain_first_slot>:
20000c34:	b501      	push	{r0, lr}
20000c36:	6848      	ldr	r0, [r1, #4]
20000c38:	3101      	adds	r1, #1
20000c3a:	468e      	mov	lr, r1
20000c3c:	4700      	bx	r0

20000c3e <irq_handler_chain_remove_tail>:
20000c3e:	4670      	mov	r0, lr
20000c40:	3809      	subs	r0, #9
20000c42:	4901      	ldr	r1, [pc, #4]	@ (20000c48 <irq_handler_chain_remove_tail+0xa>)
20000c44:	4788      	blx	r1
20000c46:	bd01      	pop	{r0, pc}
20000c48:	100016b5 	.word	0x100016b5

20000c4c <default_alarm_pool>:
	...
20000c60:	20000cd0 00000000 00000000 00000000     ... ............

20000c70 <aeabi_bits_funcs>:
20000c70:	00003350 	.word	0x00003350
20000c74:	0000334c 	.word	0x0000334c
20000c78:	00003354 	.word	0x00003354
20000c7c:	00003352 	.word	0x00003352

20000c80 <aeabi_bits_funcs_end>:
20000c80:	0000534d 	.word	0x0000534d
20000c84:	0000434d 	.word	0x0000434d
20000c88:	00003453 	.word	0x00003453
20000c8c:	00003443 	.word	0x00003443

20000c90 <stdio_usb>:
20000c90:	100050d9 10004d75 10005041 10004d61     .P..uM..AP..aM..
20000ca0:	00000000 00000100                       ........

20000ca8 <_usbd_qdef>:
20000ca8:	20002520 000c0010 00000000 00000000      %. ............
	...

20000cc4 <_usbd_rhport>:
20000cc4:	000000ff                                ....

20000cc8 <print_mutex>:
	...
